sk_partido,Fecha,HomeTeam,AwayTeam,FTHG,FTAG,FTR,B365H,B365D,B365A,PSH,PSD,PSA,Prob_H,Prob_D,Prob_A,Margen_B365,Flag_Outlier_Cuota,Temporada,Mes,Anio,source_id,load_timestamp
0,2020-09-12,Cadiz,Osasuna,0,2,A,2.8,3.0,2.75,2.87,3.04,2.86,0.3571,0.3333,0.3636,1.0541,0,2020/2021,9,2020,football-data.co.uk,2026-05-22 12:09:26.222082
1,2020-09-12,Eibar,Celta,0,0,D,2.5,3.25,2.9,2.6,3.22,3.01,0.4,0.3077,0.3448,1.0525,0,2020/2021,9,2020,football-data.co.uk,2026-05-22 12:09:26.222082
2,2020-09-12,Granada,Ath Bilbao,2,0,H,2.75,3.1,2.75,2.92,3.02,2.82,0.3636,0.3226,0.3636,1.0499,0,2020/2021,9,2020,football-data.co.uk,2026-05-22 12:09:26.222082
3,2020-09-13,Alaves,Betis,0,1,A,2.8,3.2,2.6,2.88,3.32,2.64,0.3571,0.3125,0.3846,1.0543,0,2020/2021,9,2020,football-data.co.uk,2026-05-22 12:09:26.222082
4,2020-09-13,Valencia,Levante,4,2,H,2.1,3.5,3.5,2.14,3.48,3.66,0.4762,0.2857,0.2857,1.0476,0,2020/2021,9,2020,football-data.co.uk,2026-05-22 12:09:26.222082
5,2020-09-13,Valladolid,Sociedad,1,1,D,2.8,3.2,2.6,2.98,3.3,2.57,0.3571,0.3125,0.3846,1.0543,0,2020/2021,9,2020,football-data.co.uk,2026-05-22 12:09:26.222082
6,2020-09-13,Villarreal,Huesca,1,1,D,1.57,4.0,6.0,1.57,4.21,6.36,0.6369,0.25,0.1667,1.0536,0,2020/2021,9,2020,football-data.co.uk,2026-05-22 12:09:26.222082
7,2020-09-19,Celta,Valencia,2,1,H,2.2,3.6,3.1,2.25,3.58,3.22,0.4545,0.2778,0.3226,1.0549,0,2020/2021,9,2020,football-data.co.uk,2026-05-22 12:09:26.222082
8,2020-09-19,Getafe,Osasuna,1,0,H,1.95,3.25,4.33,2.02,3.24,4.4,0.5128,0.3077,0.2309,1.0515,0,2020/2021,9,2020,football-data.co.uk,2026-05-22 12:09:26.222082
9,2020-09-19,Villarreal,Eibar,2,1,H,1.57,4.0,6.0,1.61,4.12,5.93,0.6369,0.25,0.1667,1.0536,0,2020/2021,9,2020,football-data.co.uk,2026-05-22 12:09:26.222082
10,2020-09-20,Betis,Valladolid,2,0,H,1.85,3.6,4.33,1.87,3.63,4.52,0.5405,0.2778,0.2309,1.0493,0,2020/2021,9,2020,football-data.co.uk,2026-05-22 12:09:26.222082
11,2020-09-20,Granada,Alaves,2,1,H,2.05,3.1,4.2,2.1,3.08,4.3,0.4878,0.3226,0.2381,1.0485,0,2020/2021,9,2020,football-data.co.uk,2026-05-22 12:09:26.222082
12,2020-09-20,Huesca,Cadiz,0,2,A,2.1,3.1,4.0,2.21,2.99,4.07,0.4762,0.3226,0.25,1.0488,0,2020/2021,9,2020,football-data.co.uk,2026-05-22 12:09:26.222082
13,2020-09-20,Sociedad,Real Madrid,0,0,D,4.75,3.8,1.72,4.83,3.85,1.76,0.2105,0.2632,0.5814,1.0551,0,2020/2021,9,2020,football-data.co.uk,2026-05-22 12:09:26.222082
14,2020-09-26,Alaves,Getafe,0,0,D,3.5,2.9,2.37,3.58,2.83,2.5,0.2857,0.3448,0.4219,1.0525,0,2020/2021,9,2020,football-data.co.uk,2026-05-22 12:09:26.222082
15,2020-09-26,Betis,Real Madrid,2,3,A,4.0,4.0,1.8,4.17,3.94,1.85,0.25,0.25,0.5556,1.0556,0,2020/2021,9,2020,football-data.co.uk,2026-05-22 12:09:26.222082
16,2020-09-26,Elche,Sociedad,0,3,A,4.2,3.3,1.95,4.28,3.45,1.97,0.2381,0.303,0.5128,1.0539,0,2020/2021,9,2020,football-data.co.uk,2026-05-22 12:09:26.222082
17,2020-09-26,Valencia,Huesca,1,1,D,2.0,3.4,4.0,2.1,3.4,3.82,0.5,0.2941,0.25,1.0441,0,2020/2021,9,2020,football-data.co.uk,2026-05-22 12:09:26.222082
18,2020-09-27,Ath Madrid,Granada,6,1,H,1.5,4.0,7.5,1.48,4.2,8.13,0.6667,0.25,0.1333,1.05,0,2020/2021,9,2020,football-data.co.uk,2026-05-22 12:09:26.222082
19,2020-09-27,Barcelona,Villarreal,4,0,H,1.53,4.33,6.0,1.56,4.53,5.77,0.6536,0.2309,0.1667,1.0512,0,2020/2021,9,2020,football-data.co.uk,2026-05-22 12:09:26.222082
20,2020-09-27,Cadiz,Sevilla,1,3,A,5.0,3.6,1.7,5.52,3.38,1.83,0.2,0.2778,0.5882,1.066,0,2020/2021,9,2020,football-data.co.uk,2026-05-22 12:09:26.222082
21,2020-09-27,Eibar,Ath Bilbao,1,2,A,3.0,3.0,2.55,3.17,2.98,2.69,0.3333,0.3333,0.3922,1.0588,0,2020/2021,9,2020,football-data.co.uk,2026-05-22 12:09:26.222082
22,2020-09-27,Osasuna,Levante,1,3,A,2.3,3.2,3.25,2.3,3.43,3.25,0.4348,0.3125,0.3077,1.055,0,2020/2021,9,2020,football-data.co.uk,2026-05-22 12:09:26.222082
23,2020-09-27,Valladolid,Celta,1,1,D,2.8,3.0,2.7,2.96,2.94,2.81,0.3571,0.3333,0.3704,1.0608,0,2020/2021,9,2020,football-data.co.uk,2026-05-22 12:09:26.222082
24,2020-09-29,Getafe,Betis,3,0,H,2.45,3.1,3.0,2.55,3.15,3.2,0.4082,0.3226,0.3333,1.0641,0,2020/2021,9,2020,football-data.co.uk,2026-05-22 12:09:26.222082
25,2020-09-29,Sociedad,Valencia,0,1,A,1.53,4.2,5.75,1.58,4.44,5.94,0.6536,0.2381,0.1739,1.0656,0,2020/2021,9,2020,football-data.co.uk,2026-05-22 12:09:26.222082
26,2020-09-30,Eibar,Elche,0,1,A,1.8,3.5,4.5,1.84,3.64,4.67,0.5556,0.2857,0.2222,1.0635,0,2020/2021,9,2020,football-data.co.uk,2026-05-22 12:09:26.222082
27,2020-09-30,Huesca,Ath Madrid,0,0,D,7.5,4.2,1.45,8.59,4.11,1.48,0.1333,0.2381,0.6897,1.0611,0,2020/2021,9,2020,football-data.co.uk,2026-05-22 12:09:26.222082
28,2020-09-30,Real Madrid,Valladolid,1,0,H,1.22,6.0,11.0,1.26,6.27,12.65,0.8197,0.1667,0.0909,1.0772,0,2020/2021,9,2020,football-data.co.uk,2026-05-22 12:09:26.222082
29,2020-09-30,Villarreal,Alaves,3,1,H,1.57,3.8,5.75,1.6,4.11,6.08,0.6369,0.2632,0.1739,1.074,0,2020/2021,9,2020,football-data.co.uk,2026-05-22 12:09:26.222082
30,2020-10-01,Ath Bilbao,Cadiz,0,1,A,1.53,3.8,6.5,1.58,3.83,7.04,0.6536,0.2632,0.1538,1.0706,0,2020/2021,10,2020,football-data.co.uk,2026-05-22 12:09:26.222082
31,2020-10-01,Celta,Barcelona,0,3,A,5.75,4.2,1.53,5.89,4.51,1.56,0.1739,0.2381,0.6536,1.0656,0,2020/2021,10,2020,football-data.co.uk,2026-05-22 12:09:26.222082
32,2020-10-01,Sevilla,Levante,1,0,H,1.4,4.5,7.5,1.43,4.62,8.17,0.7143,0.2222,0.1333,1.0698,0,2020/2021,10,2020,football-data.co.uk,2026-05-22 12:09:26.222082
33,2020-10-03,Ath Madrid,Villarreal,0,0,D,1.61,3.9,5.5,1.7,3.85,5.6,0.6211,0.2564,0.1818,1.0593,0,2020/2021,10,2020,football-data.co.uk,2026-05-22 12:09:26.222082
34,2020-10-03,Elche,Huesca,0,0,D,3.1,3.1,2.45,3.21,3.27,2.47,0.3226,0.3226,0.4082,1.0533,0,2020/2021,10,2020,football-data.co.uk,2026-05-22 12:09:26.222082
35,2020-10-03,Sociedad,Getafe,3,0,H,2.25,3.1,3.5,2.35,3.13,3.61,0.4444,0.3226,0.2857,1.0527,0,2020/2021,10,2020,football-data.co.uk,2026-05-22 12:09:26.222082
36,2020-10-03,Valencia,Betis,0,2,A,2.8,3.2,2.6,2.82,3.36,2.7,0.3571,0.3125,0.3846,1.0543,0,2020/2021,10,2020,football-data.co.uk,2026-05-22 12:09:26.222082
37,2020-10-03,Valladolid,Eibar,1,2,A,2.35,3.0,3.4,2.39,3.15,3.48,0.4255,0.3333,0.2941,1.053,0,2020/2021,10,2020,football-data.co.uk,2026-05-22 12:09:26.222082
38,2020-10-04,Alaves,Ath Bilbao,1,0,H,3.3,2.9,2.37,3.42,3.02,2.51,0.303,0.3448,0.4219,1.0698,0,2020/2021,10,2020,football-data.co.uk,2026-05-22 12:09:26.222082
39,2020-10-04,Barcelona,Sevilla,1,1,D,1.57,4.33,5.25,1.65,4.17,5.55,0.6369,0.2309,0.1905,1.0584,0,2020/2021,10,2020,football-data.co.uk,2026-05-22 12:09:26.222082
40,2020-10-04,Cadiz,Granada,1,1,D,3.0,3.0,2.6,3.14,3.02,2.69,0.3333,0.3333,0.3846,1.0513,0,2020/2021,10,2020,football-data.co.uk,2026-05-22 12:09:26.222082
41,2020-10-04,Levante,Real Madrid,0,2,A,6.0,4.5,1.5,6.45,4.66,1.52,0.1667,0.2222,0.6667,1.0556,0,2020/2021,10,2020,football-data.co.uk,2026-05-22 12:09:26.222082
42,2020-10-04,Osasuna,Celta,2,0,H,2.7,3.1,2.75,2.69,3.14,3.02,0.3704,0.3226,0.3636,1.0566,0,2020/2021,10,2020,football-data.co.uk,2026-05-22 12:09:26.222082
43,2020-10-17,Celta,Ath Madrid,0,2,A,5.5,3.3,1.75,5.72,3.31,1.83,0.1818,0.303,0.5714,1.0563,0,2020/2021,10,2020,football-data.co.uk,2026-05-22 12:09:26.222082
44,2020-10-17,Getafe,Barcelona,1,0,H,4.75,3.8,1.72,5.09,3.75,1.78,0.2105,0.2632,0.5814,1.0551,0,2020/2021,10,2020,football-data.co.uk,2026-05-22 12:09:26.222082
45,2020-10-17,Granada,Sevilla,1,0,H,4.2,3.4,1.9,4.3,3.49,1.98,0.2381,0.2941,0.5263,1.0585,0,2020/2021,10,2020,football-data.co.uk,2026-05-22 12:09:26.222082
46,2020-10-17,Real Madrid,Cadiz,0,1,A,1.18,7.0,15.0,1.23,7.08,13.52,0.8475,0.1429,0.0667,1.057,0,2020/2021,10,2020,football-data.co.uk,2026-05-22 12:09:26.222082
47,2020-10-18,Alaves,Elche,0,2,A,1.75,3.3,5.5,1.79,3.5,5.59,0.5714,0.303,0.1818,1.0563,0,2020/2021,10,2020,football-data.co.uk,2026-05-22 12:09:26.222082
48,2020-10-18,Ath Bilbao,Levante,2,0,H,2.05,3.2,4.0,2.12,3.36,3.95,0.4878,0.3125,0.25,1.0503,0,2020/2021,10,2020,football-data.co.uk,2026-05-22 12:09:26.222082
49,2020-10-18,Betis,Sociedad,0,3,A,2.5,3.25,2.9,2.54,3.56,2.87,0.4,0.3077,0.3448,1.0525,0,2020/2021,10,2020,football-data.co.uk,2026-05-22 12:09:26.222082
50,2020-10-18,Eibar,Osasuna,0,0,D,2.6,3.0,3.0,2.71,3.12,3.01,0.3846,0.3333,0.3333,1.0513,0,2020/2021,10,2020,football-data.co.uk,2026-05-22 12:09:26.222082
51,2020-10-18,Huesca,Valladolid,2,2,D,2.25,2.9,3.8,2.32,3.12,3.71,0.4444,0.3448,0.2632,1.0524,0,2020/2021,10,2020,football-data.co.uk,2026-05-22 12:09:26.222082
52,2020-10-18,Villarreal,Valencia,2,1,H,1.6,4.0,5.25,1.66,4.27,5.3,0.625,0.25,0.1905,1.0655,0,2020/2021,10,2020,football-data.co.uk,2026-05-22 12:09:26.222082
53,2020-10-23,Elche,Valencia,2,1,H,3.2,3.1,2.4,3.2,3.24,2.46,0.3125,0.3226,0.4167,1.0517,0,2020/2021,10,2020,football-data.co.uk,2026-05-22 12:09:26.222082
54,2020-10-24,Ath Madrid,Betis,2,0,H,1.55,3.8,6.5,1.59,4.1,6.56,0.6452,0.2632,0.1538,1.0622,0,2020/2021,10,2020,football-data.co.uk,2026-05-22 12:09:26.222082
55,2020-10-24,Barcelona,Real Madrid,1,3,A,2.0,3.6,3.6,2.07,3.76,3.66,0.5,0.2778,0.2778,1.0556,0,2020/2021,10,2020,football-data.co.uk,2026-05-22 12:09:26.222082
56,2020-10-24,Osasuna,Ath Bilbao,1,0,H,3.25,2.9,2.4,3.42,3.0,2.52,0.3077,0.3448,0.4167,1.0692,0,2020/2021,10,2020,football-data.co.uk,2026-05-22 12:09:26.222082
57,2020-10-24,Sevilla,Eibar,0,1,A,1.45,4.33,7.5,1.51,4.35,7.64,0.6897,0.2309,0.1333,1.0539,0,2020/2021,10,2020,football-data.co.uk,2026-05-22 12:09:26.222082
58,2020-10-25,Cadiz,Villarreal,0,0,D,3.6,3.3,2.1,3.6,3.39,2.23,0.2778,0.303,0.4762,1.057,0,2020/2021,10,2020,football-data.co.uk,2026-05-22 12:09:26.222082
59,2020-10-25,Getafe,Granada,0,1,A,1.85,3.1,5.0,1.97,3.09,5.18,0.5405,0.3226,0.2,1.0631,0,2020/2021,10,2020,football-data.co.uk,2026-05-22 12:09:26.222082
60,2020-10-25,Sociedad,Huesca,4,1,H,1.57,3.75,6.0,1.65,3.84,6.34,0.6369,0.2667,0.1667,1.0703,0,2020/2021,10,2020,football-data.co.uk,2026-05-22 12:09:26.222082
61,2020-10-25,Valladolid,Alaves,0,2,A,2.3,2.9,3.5,2.41,2.96,3.73,0.4348,0.3448,0.2857,1.0653,0,2020/2021,10,2020,football-data.co.uk,2026-05-22 12:09:26.222082
62,2020-10-26,Levante,Celta,1,1,D,2.37,3.25,3.0,2.51,3.4,3.03,0.4219,0.3077,0.3333,1.063,0,2020/2021,10,2020,football-data.co.uk,2026-05-22 12:09:26.222082
63,2020-10-30,Eibar,Cadiz,0,2,A,2.55,2.75,3.3,2.65,2.86,3.38,0.3922,0.3636,0.303,1.0588,0,2020/2021,10,2020,football-data.co.uk,2026-05-22 12:09:26.222082
64,2020-10-31,Alaves,Barcelona,1,1,D,6.5,4.75,1.44,6.89,4.98,1.47,0.1538,0.2105,0.6944,1.0588,0,2020/2021,10,2020,football-data.co.uk,2026-05-22 12:09:26.222082
65,2020-10-31,Ath Bilbao,Sevilla,2,1,H,3.0,3.0,2.6,3.13,2.98,2.72,0.3333,0.3333,0.3846,1.0513,0,2020/2021,10,2020,football-data.co.uk,2026-05-22 12:09:26.222082
66,2020-10-31,Osasuna,Ath Madrid,1,3,A,5.5,3.3,1.75,5.57,3.38,1.82,0.1818,0.303,0.5714,1.0563,0,2020/2021,10,2020,football-data.co.uk,2026-05-22 12:09:26.222082
67,2020-10-31,Real Madrid,Huesca,4,1,H,1.33,5.25,9.0,1.38,5.36,8.63,0.7519,0.1905,0.1111,1.0535,0,2020/2021,10,2020,football-data.co.uk,2026-05-22 12:09:26.222082
68,2020-11-01,Betis,Elche,3,1,H,1.45,4.33,7.5,1.48,4.54,7.79,0.6897,0.2309,0.1333,1.0539,0,2020/2021,11,2020,football-data.co.uk,2026-05-22 12:09:26.222082
69,2020-11-01,Celta,Sociedad,1,4,A,3.0,3.2,2.45,3.11,3.33,2.5,0.3333,0.3125,0.4082,1.054,0,2020/2021,11,2020,football-data.co.uk,2026-05-22 12:09:26.222082
70,2020-11-01,Granada,Levante,1,1,D,2.25,3.2,3.4,2.31,3.33,3.46,0.4444,0.3125,0.2941,1.0511,0,2020/2021,11,2020,football-data.co.uk,2026-05-22 12:09:26.222082
71,2020-11-01,Valencia,Getafe,2,2,D,3.1,3.1,2.45,3.39,2.99,2.55,0.3226,0.3226,0.4082,1.0533,0,2020/2021,11,2020,football-data.co.uk,2026-05-22 12:09:26.222082
72,2020-11-02,Villarreal,Valladolid,2,0,H,1.61,4.0,5.5,1.62,4.05,6.26,0.6211,0.25,0.1818,1.0529,0,2020/2021,11,2020,football-data.co.uk,2026-05-22 12:09:26.222082
73,2020-11-06,Elche,Celta,1,1,D,4.0,3.3,1.95,4.09,3.41,2.06,0.25,0.303,0.5128,1.0659,0,2020/2021,11,2020,football-data.co.uk,2026-05-22 12:09:26.222082
74,2020-11-07,Ath Madrid,Cadiz,4,0,H,1.4,4.2,10.0,1.42,4.36,11.0,0.7143,0.2381,0.1,1.0524,0,2020/2021,11,2020,football-data.co.uk,2026-05-22 12:09:26.222082
75,2020-11-07,Barcelona,Betis,5,2,H,1.4,5.0,7.5,1.4,5.36,7.91,0.7143,0.2,0.1333,1.0476,0,2020/2021,11,2020,football-data.co.uk,2026-05-22 12:09:26.222082
76,2020-11-07,Huesca,Eibar,1,1,D,2.05,3.3,3.6,2.18,3.26,3.89,0.4878,0.303,0.2778,1.0686,0,2020/2021,11,2020,football-data.co.uk,2026-05-22 12:09:26.222082
77,2020-11-07,Sevilla,Osasuna,1,0,H,1.5,4.0,7.0,1.54,4.26,7.15,0.6667,0.25,0.1429,1.0595,0,2020/2021,11,2020,football-data.co.uk,2026-05-22 12:09:26.222082
78,2020-11-08,Getafe,Villarreal,1,3,A,2.5,3.1,3.0,2.66,3.1,3.09,0.4,0.3226,0.3333,1.0559,0,2020/2021,11,2020,football-data.co.uk,2026-05-22 12:09:26.222082
79,2020-11-08,Levante,Alaves,1,1,D,2.15,3.4,3.4,2.24,3.45,3.5,0.4651,0.2941,0.2941,1.0534,0,2020/2021,11,2020,football-data.co.uk,2026-05-22 12:09:26.222082
80,2020-11-08,Sociedad,Granada,2,0,H,1.65,3.8,5.25,1.69,4.08,5.31,0.6061,0.2632,0.1905,1.0597,0,2020/2021,11,2020,football-data.co.uk,2026-05-22 12:09:26.222082
81,2020-11-08,Valencia,Real Madrid,4,1,H,6.0,4.75,1.45,6.3,4.96,1.5,0.1667,0.2105,0.6897,1.0668,0,2020/2021,11,2020,football-data.co.uk,2026-05-22 12:09:26.222082
82,2020-11-08,Valladolid,Ath Bilbao,2,1,H,3.3,2.9,2.37,3.66,3.01,2.4,0.303,0.3448,0.4219,1.0698,0,2020/2021,11,2020,football-data.co.uk,2026-05-22 12:09:26.222082
83,2020-11-20,Osasuna,Huesca,1,1,D,2.4,3.0,3.25,2.43,3.11,3.45,0.4167,0.3333,0.3077,1.0577,0,2020/2021,11,2020,football-data.co.uk,2026-05-22 12:09:26.222082
84,2020-11-21,Ath Madrid,Barcelona,1,0,H,2.9,3.5,2.37,2.87,3.56,2.54,0.3448,0.2857,0.4219,1.0525,0,2020/2021,11,2020,football-data.co.uk,2026-05-22 12:09:26.222082
85,2020-11-21,Levante,Elche,1,1,D,1.57,4.0,5.75,1.6,4.28,5.63,0.6369,0.25,0.1739,1.0609,0,2020/2021,11,2020,football-data.co.uk,2026-05-22 12:09:26.222082
86,2020-11-21,Sevilla,Celta,4,2,H,1.72,3.6,5.25,1.71,3.63,5.61,0.5814,0.2778,0.1905,1.0496,0,2020/2021,11,2020,football-data.co.uk,2026-05-22 12:09:26.222082
87,2020-11-21,Villarreal,Real Madrid,1,1,D,2.87,3.8,2.25,3.04,3.86,2.3,0.3484,0.2632,0.4444,1.056,0,2020/2021,11,2020,football-data.co.uk,2026-05-22 12:09:26.222082
88,2020-11-22,Alaves,Valencia,2,2,D,2.7,3.2,2.8,2.71,3.2,2.85,0.3704,0.3125,0.3571,1.04,0,2020/2021,11,2020,football-data.co.uk,2026-05-22 12:09:26.222082
89,2020-11-22,Cadiz,Sociedad,0,1,A,4.0,3.8,1.85,4.42,3.93,1.84,0.25,0.2632,0.5405,1.0537,0,2020/2021,11,2020,football-data.co.uk,2026-05-22 12:09:26.222082
90,2020-11-22,Eibar,Getafe,0,0,D,3.4,3.0,2.35,3.47,3.02,2.49,0.2941,0.3333,0.4255,1.053,0,2020/2021,11,2020,football-data.co.uk,2026-05-22 12:09:26.222082
91,2020-11-22,Granada,Valladolid,1,3,A,2.1,3.2,3.8,2.19,3.19,3.98,0.4762,0.3125,0.2632,1.0518,0,2020/2021,11,2020,football-data.co.uk,2026-05-22 12:09:26.222082
92,2020-11-23,Ath Bilbao,Betis,4,0,H,2.2,3.3,3.4,2.22,3.45,3.55,0.4545,0.303,0.2941,1.0517,0,2020/2021,11,2020,football-data.co.uk,2026-05-22 12:09:26.222082
93,2020-11-27,Valladolid,Levante,1,1,D,2.55,3.3,2.8,2.6,3.37,2.93,0.3922,0.303,0.3571,1.0523,0,2020/2021,11,2020,football-data.co.uk,2026-05-22 12:09:26.222082
94,2020-11-28,Elche,Cadiz,1,1,D,3.2,3.0,2.45,3.2,2.95,2.54,0.3125,0.3333,0.4082,1.054,0,2020/2021,11,2020,football-data.co.uk,2026-05-22 12:09:26.222082
95,2020-11-28,Huesca,Sevilla,0,1,A,4.0,3.3,2.0,4.36,3.39,2.0,0.25,0.303,0.5,1.053,0,2020/2021,11,2020,football-data.co.uk,2026-05-22 12:09:26.222082
96,2020-11-28,Real Madrid,Alaves,1,2,A,1.33,5.25,9.0,1.36,5.5,9.37,0.7519,0.1905,0.1111,1.0535,0,2020/2021,11,2020,football-data.co.uk,2026-05-22 12:09:26.222082
97,2020-11-28,Valencia,Ath Madrid,0,1,A,4.75,3.8,1.72,4.97,3.94,1.76,0.2105,0.2632,0.5814,1.0551,0,2020/2021,11,2020,football-data.co.uk,2026-05-22 12:09:26.222082
98,2020-11-29,Barcelona,Osasuna,4,0,H,1.25,6.0,11.0,1.25,6.62,11.95,0.8,0.1667,0.0909,1.0576,0,2020/2021,11,2020,football-data.co.uk,2026-05-22 12:09:26.222082
99,2020-11-29,Celta,Granada,3,1,H,2.0,3.5,3.75,2.01,3.61,4.03,0.5,0.2857,0.2667,1.0524,0,2020/2021,11,2020,football-data.co.uk,2026-05-22 12:09:26.222082
100,2020-11-29,Getafe,Ath Bilbao,1,1,D,2.8,2.9,2.8,2.93,3.01,2.88,0.3571,0.3448,0.3571,1.0591,0,2020/2021,11,2020,football-data.co.uk,2026-05-22 12:09:26.222082
101,2020-11-29,Sociedad,Villarreal,1,1,D,2.1,3.6,3.4,2.14,3.69,3.52,0.4762,0.2778,0.2941,1.0481,0,2020/2021,11,2020,football-data.co.uk,2026-05-22 12:09:26.222082
102,2020-11-30,Betis,Eibar,0,2,A,1.75,3.75,4.5,1.79,3.81,4.91,0.5714,0.2667,0.2222,1.0603,0,2020/2021,11,2020,football-data.co.uk,2026-05-22 12:09:26.222082
103,2020-12-04,Ath Bilbao,Celta,0,2,A,2.05,3.25,3.8,2.13,3.36,3.91,0.4878,0.3077,0.2632,1.0587,0,2020/2021,12,2020,football-data.co.uk,2026-05-22 12:09:26.222082
104,2020-12-05,Ath Madrid,Valladolid,2,0,H,1.4,4.33,9.5,1.39,4.63,9.91,0.7143,0.2309,0.1053,1.0505,0,2020/2021,12,2020,football-data.co.uk,2026-05-22 12:09:26.222082
105,2020-12-05,Cadiz,Barcelona,2,1,H,8.5,5.0,1.36,8.41,5.64,1.37,0.1176,0.2,0.7353,1.0529,0,2020/2021,12,2020,football-data.co.uk,2026-05-22 12:09:26.222082
106,2020-12-05,Levante,Getafe,3,0,H,2.9,3.1,2.55,2.99,3.18,2.68,0.3448,0.3226,0.3922,1.0596,0,2020/2021,12,2020,football-data.co.uk,2026-05-22 12:09:26.222082
107,2020-12-05,Sevilla,Real Madrid,0,1,A,2.5,3.5,2.7,2.59,3.64,2.77,0.4,0.2857,0.3704,1.0561,0,2020/2021,12,2020,football-data.co.uk,2026-05-22 12:09:26.222082
108,2020-12-06,Alaves,Sociedad,0,0,D,4.75,3.5,1.8,4.97,3.39,1.89,0.2105,0.2857,0.5556,1.0518,0,2020/2021,12,2020,football-data.co.uk,2026-05-22 12:09:26.222082
109,2020-12-06,Granada,Huesca,3,3,D,2.3,3.1,3.4,2.49,3.09,3.13,0.4348,0.3226,0.2941,1.0515,0,2020/2021,12,2020,football-data.co.uk,2026-05-22 12:09:26.222082
110,2020-12-06,Osasuna,Betis,0,2,A,2.62,3.3,2.7,2.75,3.38,2.76,0.3817,0.303,0.3704,1.0551,0,2020/2021,12,2020,football-data.co.uk,2026-05-22 12:09:26.222082
111,2020-12-06,Villarreal,Elche,0,0,D,1.3,5.5,9.5,1.35,5.41,8.85,0.7692,0.1818,0.1053,1.0563,0,2020/2021,12,2020,football-data.co.uk,2026-05-22 12:09:26.222082
112,2020-12-07,Eibar,Valencia,0,0,D,2.45,3.1,3.1,2.51,3.17,3.03,0.4082,0.3226,0.3226,1.0533,0,2020/2021,12,2020,football-data.co.uk,2026-05-22 12:09:26.222082
113,2020-12-11,Valladolid,Osasuna,3,2,H,2.5,3.1,3.0,2.6,3.02,3.27,0.4,0.3226,0.3333,1.0559,0,2020/2021,12,2020,football-data.co.uk,2026-05-22 12:09:26.222082
114,2020-12-12,Getafe,Sevilla,0,1,A,3.75,3.2,2.1,3.89,3.33,2.15,0.2667,0.3125,0.4762,1.0554,0,2020/2021,12,2020,football-data.co.uk,2026-05-22 12:09:26.222082
115,2020-12-12,Huesca,Alaves,1,0,H,2.2,3.2,3.5,2.24,3.32,3.63,0.4545,0.3125,0.2857,1.0528,0,2020/2021,12,2020,football-data.co.uk,2026-05-22 12:09:26.222082
116,2020-12-12,Real Madrid,Ath Madrid,2,0,H,2.3,3.3,3.1,2.4,3.4,3.22,0.4348,0.303,0.3226,1.0604,0,2020/2021,12,2020,football-data.co.uk,2026-05-22 12:09:26.222082
117,2020-12-12,Valencia,Ath Bilbao,2,2,D,3.25,3.1,2.35,3.38,3.22,2.4,0.3077,0.3226,0.4255,1.0558,0,2020/2021,12,2020,football-data.co.uk,2026-05-22 12:09:26.222082
118,2020-12-13,Barcelona,Levante,1,0,H,1.22,7.0,11.0,1.25,6.88,11.21,0.8197,0.1429,0.0909,1.0534,0,2020/2021,12,2020,football-data.co.uk,2026-05-22 12:09:26.222082
119,2020-12-13,Betis,Villarreal,1,1,D,3.1,3.5,2.25,3.18,3.62,2.31,0.3226,0.2857,0.4444,1.0527,0,2020/2021,12,2020,football-data.co.uk,2026-05-22 12:09:26.222082
120,2020-12-13,Elche,Granada,0,1,A,3.4,3.1,2.3,3.42,3.15,2.42,0.2941,0.3226,0.4348,1.0515,0,2020/2021,12,2020,football-data.co.uk,2026-05-22 12:09:26.222082
121,2020-12-13,Sociedad,Eibar,1,1,D,1.6,3.75,6.0,1.67,3.73,6.32,0.625,0.2667,0.1667,1.0583,0,2020/2021,12,2020,football-data.co.uk,2026-05-22 12:09:26.222082
122,2020-12-14,Celta,Cadiz,4,0,H,1.72,3.6,5.25,1.76,3.81,5.15,0.5814,0.2778,0.1905,1.0496,0,2020/2021,12,2020,football-data.co.uk,2026-05-22 12:09:26.222082
123,2020-12-15,Real Madrid,Ath Bilbao,3,1,H,1.53,4.33,5.75,1.57,4.2,6.68,0.6536,0.2309,0.1739,1.0585,0,2020/2021,12,2020,football-data.co.uk,2026-05-22 12:09:26.222082
124,2020-12-16,Barcelona,Sociedad,2,1,H,1.6,4.5,5.0,1.65,4.59,5.0,0.625,0.2222,0.2,1.0472,0,2020/2021,12,2020,football-data.co.uk,2026-05-22 12:09:26.222082
125,2020-12-18,Ath Bilbao,Huesca,2,0,H,1.9,3.3,4.33,1.95,3.38,4.62,0.5263,0.303,0.2309,1.0603,0,2020/2021,12,2020,football-data.co.uk,2026-05-22 12:09:26.222082
126,2020-12-19,Ath Madrid,Elche,3,1,H,1.2,6.0,19.0,1.22,6.25,18.61,0.8333,0.1667,0.0526,1.0526,0,2020/2021,12,2020,football-data.co.uk,2026-05-22 12:09:26.222082
127,2020-12-19,Barcelona,Valencia,2,2,D,1.3,6.0,8.5,1.33,5.94,9.43,0.7692,0.1667,0.1176,1.0535,0,2020/2021,12,2020,football-data.co.uk,2026-05-22 12:09:26.222082
128,2020-12-19,Levante,Sociedad,2,1,H,3.4,3.4,2.15,3.65,3.4,2.2,0.2941,0.2941,0.4651,1.0534,0,2020/2021,12,2020,football-data.co.uk,2026-05-22 12:09:26.222082
129,2020-12-19,Osasuna,Villarreal,1,3,A,3.6,3.4,2.1,3.77,3.42,2.15,0.2778,0.2941,0.4762,1.0481,0,2020/2021,12,2020,football-data.co.uk,2026-05-22 12:09:26.222082
130,2020-12-19,Sevilla,Valladolid,1,1,D,1.53,3.75,7.5,1.55,4.09,7.47,0.6536,0.2667,0.1333,1.0536,0,2020/2021,12,2020,football-data.co.uk,2026-05-22 12:09:26.222082
131,2020-12-20,Cadiz,Getafe,0,2,A,3.3,2.9,2.45,3.45,2.95,2.55,0.303,0.3448,0.4082,1.056,0,2020/2021,12,2020,football-data.co.uk,2026-05-22 12:09:26.222082
132,2020-12-20,Celta,Alaves,2,0,H,1.7,4.0,4.75,1.72,4.02,5.11,0.5882,0.25,0.2105,1.0488,0,2020/2021,12,2020,football-data.co.uk,2026-05-22 12:09:26.222082
133,2020-12-20,Eibar,Real Madrid,1,3,A,6.5,4.2,1.5,6.78,4.16,1.57,0.1538,0.2381,0.6667,1.0586,0,2020/2021,12,2020,football-data.co.uk,2026-05-22 12:09:26.222082
134,2020-12-20,Granada,Betis,2,0,H,2.45,3.4,2.87,2.62,3.41,2.87,0.4082,0.2941,0.3484,1.0507,0,2020/2021,12,2020,football-data.co.uk,2026-05-22 12:09:26.222082
135,2020-12-22,Elche,Osasuna,2,2,D,3.3,3.0,2.37,3.45,3.05,2.47,0.303,0.3333,0.4219,1.0583,0,2020/2021,12,2020,football-data.co.uk,2026-05-22 12:09:26.222082
136,2020-12-22,Huesca,Levante,1,1,D,2.62,3.4,2.6,2.76,3.38,2.75,0.3817,0.2941,0.3846,1.0604,0,2020/2021,12,2020,football-data.co.uk,2026-05-22 12:09:26.222082
137,2020-12-22,Sociedad,Ath Madrid,0,2,A,3.3,3.2,2.25,3.34,3.2,2.44,0.303,0.3125,0.4444,1.06,0,2020/2021,12,2020,football-data.co.uk,2026-05-22 12:09:26.222082
138,2020-12-22,Valencia,Sevilla,0,1,A,3.75,3.4,2.0,3.91,3.44,2.1,0.2667,0.2941,0.5,1.0608,0,2020/2021,12,2020,football-data.co.uk,2026-05-22 12:09:26.222082
139,2020-12-22,Valladolid,Barcelona,0,3,A,7.0,5.4,1.36,7.43,5.17,1.43,0.1429,0.1852,0.7353,1.0633,0,2020/2021,12,2020,football-data.co.uk,2026-05-22 12:09:26.222082
140,2020-12-22,Villarreal,Ath Bilbao,1,1,D,2.0,3.4,3.8,2.02,3.45,4.18,0.5,0.2941,0.2632,1.0573,0,2020/2021,12,2020,football-data.co.uk,2026-05-22 12:09:26.222082
141,2020-12-23,Alaves,Eibar,2,1,H,2.75,2.87,2.9,2.82,3.01,2.98,0.3636,0.3484,0.3448,1.0569,0,2020/2021,12,2020,football-data.co.uk,2026-05-22 12:09:26.222082
142,2020-12-23,Betis,Cadiz,1,0,H,1.9,3.5,4.1,1.95,3.45,4.52,0.5263,0.2857,0.2439,1.0559,0,2020/2021,12,2020,football-data.co.uk,2026-05-22 12:09:26.222082
143,2020-12-23,Getafe,Celta,1,1,D,2.75,3.0,2.8,2.77,3.18,2.71,0.3636,0.3333,0.3571,1.0541,0,2020/2021,12,2020,football-data.co.uk,2026-05-22 12:09:26.222082
144,2020-12-23,Real Madrid,Granada,2,0,H,1.33,5.25,9.0,1.33,5.72,9.9,0.7519,0.1905,0.1111,1.0535,0,2020/2021,12,2020,football-data.co.uk,2026-05-22 12:09:26.222082
145,2020-12-29,Barcelona,Eibar,1,1,D,1.28,5.75,9.5,1.28,6.16,10.3,0.7813,0.1739,0.1053,1.0604,0,2020/2021,12,2020,football-data.co.uk,2026-05-22 12:09:26.222082
146,2020-12-29,Cadiz,Valladolid,0,0,D,2.87,2.9,2.75,2.98,2.9,2.93,0.3484,0.3448,0.3636,1.0569,0,2020/2021,12,2020,football-data.co.uk,2026-05-22 12:09:26.222082
147,2020-12-29,Levante,Betis,4,3,H,2.4,3.4,2.9,2.52,3.51,2.94,0.4167,0.2941,0.3448,1.0556,0,2020/2021,12,2020,football-data.co.uk,2026-05-22 12:09:26.222082
148,2020-12-29,Sevilla,Villarreal,2,0,H,2.25,3.3,3.25,2.3,3.33,3.47,0.4444,0.303,0.3077,1.0552,0,2020/2021,12,2020,football-data.co.uk,2026-05-22 12:09:26.222082
149,2020-12-30,Ath Madrid,Getafe,1,0,H,1.44,4.2,8.5,1.47,4.29,9.0,0.6944,0.2381,0.1176,1.0502,0,2020/2021,12,2020,football-data.co.uk,2026-05-22 12:09:26.222082
150,2020-12-30,Celta,Huesca,2,1,H,1.75,3.75,4.6,1.78,3.81,5.0,0.5714,0.2667,0.2174,1.0555,0,2020/2021,12,2020,football-data.co.uk,2026-05-22 12:09:26.222082
151,2020-12-30,Elche,Real Madrid,1,1,D,10.0,6.5,1.25,10.93,6.05,1.29,0.1,0.1538,0.8,1.0538,0,2020/2021,12,2020,football-data.co.uk,2026-05-22 12:09:26.222082
152,2020-12-30,Granada,Valencia,2,1,H,2.2,3.3,3.4,2.29,3.47,3.36,0.4545,0.303,0.2941,1.0517,0,2020/2021,12,2020,football-data.co.uk,2026-05-22 12:09:26.222082
153,2020-12-31,Ath Bilbao,Sociedad,0,1,A,3.0,3.2,2.5,3.06,3.22,2.6,0.3333,0.3125,0.4,1.0458,0,2020/2021,12,2020,football-data.co.uk,2026-05-22 12:09:26.222082
154,2020-12-31,Osasuna,Alaves,1,1,D,2.35,3.25,3.1,2.42,3.33,3.24,0.4255,0.3077,0.3226,1.0558,0,2020/2021,12,2020,football-data.co.uk,2026-05-22 12:09:26.222082
155,2021-01-02,Betis,Sevilla,1,1,D,3.9,3.5,1.95,3.98,3.62,2.02,0.2564,0.2857,0.5128,1.0549,0,2020/2021,1,2021,football-data.co.uk,2026-05-22 12:09:26.222082
156,2021-01-02,Getafe,Valladolid,0,1,A,1.95,3.1,4.5,2.04,3.23,4.5,0.5128,0.3226,0.2222,1.0576,0,2020/2021,1,2021,football-data.co.uk,2026-05-22 12:09:26.222082
157,2021-01-02,Real Madrid,Celta,2,0,H,1.44,4.75,6.5,1.5,4.92,6.36,0.6944,0.2105,0.1538,1.0588,0,2020/2021,1,2021,football-data.co.uk,2026-05-22 12:09:26.222082
158,2021-01-02,Villarreal,Levante,2,1,H,1.65,3.8,5.5,1.65,3.98,6.06,0.6061,0.2632,0.1818,1.051,0,2020/2021,1,2021,football-data.co.uk,2026-05-22 12:09:26.222082
159,2021-01-03,Alaves,Ath Madrid,1,2,A,7.0,3.75,1.53,7.19,3.81,1.6,0.1429,0.2667,0.6536,1.0631,0,2020/2021,1,2021,football-data.co.uk,2026-05-22 12:09:26.222082
160,2021-01-03,Ath Bilbao,Elche,1,0,H,1.5,3.8,8.0,1.54,4.01,8.0,0.6667,0.2632,0.125,1.0548,0,2020/2021,1,2021,football-data.co.uk,2026-05-22 12:09:26.222082
161,2021-01-03,Eibar,Granada,2,0,H,2.37,3.0,3.3,2.45,3.2,3.31,0.4219,0.3333,0.303,1.0583,0,2020/2021,1,2021,football-data.co.uk,2026-05-22 12:09:26.222082
162,2021-01-03,Huesca,Barcelona,0,1,A,6.5,4.75,1.44,6.52,4.75,1.51,0.1538,0.2105,0.6944,1.0588,0,2020/2021,1,2021,football-data.co.uk,2026-05-22 12:09:26.222082
163,2021-01-03,Sociedad,Osasuna,1,1,D,1.53,4.0,6.5,1.57,4.25,6.55,0.6536,0.25,0.1538,1.0574,0,2020/2021,1,2021,football-data.co.uk,2026-05-22 12:09:26.222082
164,2021-01-04,Valencia,Cadiz,1,1,D,2.0,3.4,3.75,2.02,3.63,3.97,0.5,0.2941,0.2667,1.0608,0,2020/2021,1,2021,football-data.co.uk,2026-05-22 12:09:26.222082
165,2021-01-06,Ath Bilbao,Barcelona,2,3,A,4.2,3.6,1.83,4.39,3.85,1.87,0.2381,0.2778,0.5464,1.0623,0,2020/2021,1,2021,football-data.co.uk,2026-05-22 12:09:26.222082
166,2021-01-08,Celta,Villarreal,0,4,A,3.4,3.3,2.2,3.55,3.33,2.27,0.2941,0.303,0.4545,1.0517,0,2020/2021,1,2021,football-data.co.uk,2026-05-22 12:09:26.222082
167,2021-01-09,Granada,Barcelona,0,4,A,6.5,5.25,1.4,7.1,5.43,1.43,0.1538,0.1905,0.7143,1.0586,0,2020/2021,1,2021,football-data.co.uk,2026-05-22 12:09:26.222082
168,2021-01-09,Osasuna,Real Madrid,0,0,D,6.5,4.75,1.45,7.18,4.49,1.51,0.1538,0.2105,0.6897,1.054,0,2020/2021,1,2021,football-data.co.uk,2026-05-22 12:09:26.222082
169,2021-01-09,Sevilla,Sociedad,3,2,H,2.2,3.1,3.6,2.31,3.1,3.76,0.4545,0.3226,0.2778,1.0549,0,2020/2021,1,2021,football-data.co.uk,2026-05-22 12:09:26.222082
170,2021-01-10,Cadiz,Alaves,3,1,H,2.7,2.9,3.0,2.74,2.95,3.15,0.3704,0.3448,0.3333,1.0485,0,2020/2021,1,2021,football-data.co.uk,2026-05-22 12:09:26.222082
171,2021-01-10,Levante,Eibar,2,1,H,2.25,3.4,3.2,2.33,3.56,3.2,0.4444,0.2941,0.3125,1.0511,0,2020/2021,1,2021,football-data.co.uk,2026-05-22 12:09:26.222082
172,2021-01-10,Valladolid,Valencia,0,1,A,2.37,3.25,3.1,2.46,3.29,3.21,0.4219,0.3077,0.3226,1.0522,0,2020/2021,1,2021,football-data.co.uk,2026-05-22 12:09:26.222082
173,2021-01-11,Elche,Getafe,1,3,A,4.33,2.9,2.1,4.8,2.86,2.15,0.2309,0.3448,0.4762,1.052,0,2020/2021,1,2021,football-data.co.uk,2026-05-22 12:09:26.222082
174,2021-01-11,Huesca,Betis,0,2,A,2.8,3.3,2.55,2.94,3.39,2.58,0.3571,0.303,0.3922,1.0523,0,2020/2021,1,2021,football-data.co.uk,2026-05-22 12:09:26.222082
175,2021-01-12,Ath Madrid,Sevilla,2,0,H,1.9,3.2,4.5,1.97,3.21,4.87,0.5263,0.3125,0.2222,1.061,0,2020/2021,1,2021,football-data.co.uk,2026-05-22 12:09:26.222082
176,2021-01-12,Granada,Osasuna,2,0,H,2.3,3.1,3.4,2.33,3.12,3.65,0.4348,0.3226,0.2941,1.0515,0,2020/2021,1,2021,football-data.co.uk,2026-05-22 12:09:26.222082
177,2021-01-19,Alaves,Sevilla,1,2,A,5.5,3.6,1.66,5.84,3.73,1.71,0.1818,0.2778,0.6024,1.062,0,2020/2021,1,2021,football-data.co.uk,2026-05-22 12:09:26.222082
178,2021-01-19,Cadiz,Levante,2,2,D,2.9,3.1,2.55,3.06,3.15,2.65,0.3448,0.3226,0.3922,1.0596,0,2020/2021,1,2021,football-data.co.uk,2026-05-22 12:09:26.222082
179,2021-01-19,Valladolid,Elche,2,2,D,1.83,3.4,4.6,1.88,3.48,4.84,0.5464,0.2941,0.2174,1.058,0,2020/2021,1,2021,football-data.co.uk,2026-05-22 12:09:26.222082
180,2021-01-20,Betis,Celta,2,1,H,2.1,3.5,3.4,2.2,3.56,3.49,0.4762,0.2857,0.2941,1.056,0,2020/2021,1,2021,football-data.co.uk,2026-05-22 12:09:26.222082
181,2021-01-20,Getafe,Huesca,1,0,H,1.9,3.25,4.5,1.98,3.25,4.74,0.5263,0.3077,0.2222,1.0562,0,2020/2021,1,2021,football-data.co.uk,2026-05-22 12:09:26.222082
182,2021-01-20,Villarreal,Granada,2,2,D,1.5,4.0,7.0,1.55,4.03,7.63,0.6667,0.25,0.1429,1.0595,0,2020/2021,1,2021,football-data.co.uk,2026-05-22 12:09:26.222082
183,2021-01-21,Eibar,Ath Madrid,1,2,A,6.5,3.4,1.66,6.37,3.48,1.72,0.1538,0.2941,0.6024,1.0504,0,2020/2021,1,2021,football-data.co.uk,2026-05-22 12:09:26.222082
184,2021-01-21,Valencia,Osasuna,1,1,D,2.05,3.5,3.5,2.1,3.54,3.8,0.4878,0.2857,0.2857,1.0592,0,2020/2021,1,2021,football-data.co.uk,2026-05-22 12:09:26.222082
185,2021-01-22,Levante,Valladolid,2,2,D,1.95,3.4,4.0,1.98,3.51,4.28,0.5128,0.2941,0.25,1.0569,0,2020/2021,1,2021,football-data.co.uk,2026-05-22 12:09:26.222082
186,2021-01-23,Alaves,Real Madrid,1,4,A,5.5,4.33,1.55,6.22,4.2,1.6,0.1818,0.2309,0.6452,1.0579,0,2020/2021,1,2021,football-data.co.uk,2026-05-22 12:09:26.222082
187,2021-01-23,Huesca,Villarreal,0,0,D,4.33,3.75,1.8,4.59,3.64,1.88,0.2309,0.2667,0.5556,1.0532,0,2020/2021,1,2021,football-data.co.uk,2026-05-22 12:09:26.222082
188,2021-01-23,Sevilla,Cadiz,3,0,H,1.45,4.2,8.0,1.51,4.08,8.57,0.6897,0.2381,0.125,1.0528,0,2020/2021,1,2021,football-data.co.uk,2026-05-22 12:09:26.222082
189,2021-01-23,Sociedad,Betis,2,2,D,1.8,3.75,4.33,1.88,3.86,4.29,0.5556,0.2667,0.2309,1.0532,0,2020/2021,1,2021,football-data.co.uk,2026-05-22 12:09:26.222082
190,2021-01-24,Ath Madrid,Valencia,3,1,H,1.4,4.75,8.0,1.43,4.75,8.6,0.7143,0.2105,0.125,1.0498,0,2020/2021,1,2021,football-data.co.uk,2026-05-22 12:09:26.222082
191,2021-01-24,Celta,Eibar,1,1,D,2.05,3.4,3.75,2.08,3.57,3.83,0.4878,0.2941,0.2667,1.0486,0,2020/2021,1,2021,football-data.co.uk,2026-05-22 12:09:26.222082
192,2021-01-24,Elche,Barcelona,0,2,A,8.0,5.25,1.36,8.32,5.12,1.36,0.125,0.1905,0.7353,1.0508,0,2020/2021,1,2021,football-data.co.uk,2026-05-22 12:09:26.222082
193,2021-01-24,Osasuna,Granada,3,1,H,2.5,3.1,3.0,2.58,3.08,3.22,0.4,0.3226,0.3333,1.0559,0,2020/2021,1,2021,football-data.co.uk,2026-05-22 12:09:26.222082
194,2021-01-25,Ath Bilbao,Getafe,5,1,H,2.3,3.0,3.6,2.36,3.09,3.63,0.4348,0.3333,0.2778,1.0459,0,2020/2021,1,2021,football-data.co.uk,2026-05-22 12:09:26.222082
195,2021-01-29,Valladolid,Huesca,1,3,A,2.2,3.1,3.6,2.26,3.23,3.7,0.4545,0.3226,0.2778,1.0549,0,2020/2021,1,2021,football-data.co.uk,2026-05-22 12:09:26.222082
196,2021-01-30,Eibar,Sevilla,0,2,A,4.0,3.25,2.0,4.26,3.35,2.04,0.25,0.3077,0.5,1.0577,0,2020/2021,1,2021,football-data.co.uk,2026-05-22 12:09:26.222082
197,2021-01-30,Real Madrid,Levante,1,2,A,1.33,5.5,8.0,1.36,5.81,8.44,0.7519,0.1818,0.125,1.0587,0,2020/2021,1,2021,football-data.co.uk,2026-05-22 12:09:26.222082
198,2021-01-30,Valencia,Elche,1,0,H,1.66,3.75,5.5,1.67,3.79,6.13,0.6024,0.2667,0.1818,1.0509,0,2020/2021,1,2021,football-data.co.uk,2026-05-22 12:09:26.222082
199,2021-01-30,Villarreal,Sociedad,1,1,D,2.4,3.2,3.1,2.43,3.22,3.33,0.4167,0.3125,0.3226,1.0517,0,2020/2021,1,2021,football-data.co.uk,2026-05-22 12:09:26.222082
200,2021-01-31,Barcelona,Ath Bilbao,2,1,H,1.36,5.25,7.5,1.42,4.87,7.14,0.7353,0.1905,0.1333,1.0591,0,2020/2021,1,2021,football-data.co.uk,2026-05-22 12:09:26.222082
201,2021-01-31,Cadiz,Ath Madrid,2,4,A,9.0,4.0,1.44,9.96,3.88,1.5,0.1111,0.25,0.6944,1.0556,0,2020/2021,1,2021,football-data.co.uk,2026-05-22 12:09:26.222082
202,2021-01-31,Getafe,Alaves,0,0,D,1.9,3.2,4.5,2.01,3.2,4.66,0.5263,0.3125,0.2222,1.061,0,2020/2021,1,2021,football-data.co.uk,2026-05-22 12:09:26.222082
203,2021-01-31,Granada,Celta,0,0,D,2.7,3.3,2.62,2.8,3.34,2.74,0.3704,0.303,0.3817,1.0551,0,2020/2021,1,2021,football-data.co.uk,2026-05-22 12:09:26.222082
204,2021-02-01,Betis,Osasuna,1,0,H,1.8,3.6,4.33,1.93,3.49,4.6,0.5556,0.2778,0.2309,1.0643,0,2020/2021,2,2021,football-data.co.uk,2026-05-22 12:09:26.222082
205,2021-02-05,Alaves,Valladolid,1,0,H,2.6,3.0,3.0,2.67,3.09,3.09,0.3846,0.3333,0.3333,1.0513,0,2020/2021,2,2021,football-data.co.uk,2026-05-22 12:09:26.222082
206,2021-02-06,Elche,Villarreal,2,2,D,6.5,3.8,1.53,6.76,3.95,1.6,0.1538,0.2632,0.6536,1.0706,0,2020/2021,2,2021,football-data.co.uk,2026-05-22 12:09:26.222082
207,2021-02-06,Huesca,Real Madrid,1,2,A,7.0,4.5,1.44,7.17,4.62,1.49,0.1429,0.2222,0.6944,1.0595,0,2020/2021,2,2021,football-data.co.uk,2026-05-22 12:09:26.222082
208,2021-02-06,Levante,Granada,2,2,D,2.2,3.3,3.4,2.23,3.37,3.6,0.4545,0.303,0.2941,1.0517,0,2020/2021,2,2021,football-data.co.uk,2026-05-22 12:09:26.222082
209,2021-02-06,Sevilla,Getafe,3,0,H,1.72,3.6,4.75,1.72,3.66,5.91,0.5814,0.2778,0.2105,1.0697,0,2020/2021,2,2021,football-data.co.uk,2026-05-22 12:09:26.222082
210,2021-02-07,Ath Bilbao,Valencia,1,1,D,2.15,3.2,3.6,2.3,3.4,3.42,0.4651,0.3125,0.2778,1.0554,0,2020/2021,2,2021,football-data.co.uk,2026-05-22 12:09:26.222082
211,2021-02-07,Betis,Barcelona,2,3,A,5.75,4.6,1.5,6.05,4.63,1.55,0.1739,0.2174,0.6667,1.058,0,2020/2021,2,2021,football-data.co.uk,2026-05-22 12:09:26.222082
212,2021-02-07,Osasuna,Eibar,2,1,H,2.55,3.0,3.0,2.67,3.02,3.16,0.3922,0.3333,0.3333,1.0588,0,2020/2021,2,2021,football-data.co.uk,2026-05-22 12:09:26.222082
213,2021-02-07,Sociedad,Cadiz,4,1,H,1.45,4.2,8.0,1.51,4.33,7.65,0.6897,0.2381,0.125,1.0528,0,2020/2021,2,2021,football-data.co.uk,2026-05-22 12:09:26.222082
214,2021-02-08,Ath Madrid,Celta,2,2,D,1.6,3.6,6.5,1.6,3.61,6.48,0.625,0.2778,0.1538,1.0566,0,2020/2021,2,2021,football-data.co.uk,2026-05-22 12:09:26.222082
215,2021-02-09,Real Madrid,Getafe,2,0,H,1.53,4.0,6.5,1.55,4.17,7.09,0.6536,0.25,0.1538,1.0574,0,2020/2021,2,2021,football-data.co.uk,2026-05-22 12:09:26.222082
216,2021-02-12,Celta,Elche,3,1,H,1.45,4.2,8.0,1.49,4.22,8.37,0.6897,0.2381,0.125,1.0528,0,2020/2021,2,2021,football-data.co.uk,2026-05-22 12:09:26.222082
217,2021-02-13,Barcelona,Alaves,5,1,H,1.28,6.0,9.0,1.3,6.12,10.63,0.7813,0.1667,0.1111,1.059,0,2020/2021,2,2021,football-data.co.uk,2026-05-22 12:09:26.222082
218,2021-02-13,Eibar,Valladolid,1,1,D,1.95,3.3,4.2,2.0,3.44,4.29,0.5128,0.303,0.2381,1.0539,0,2020/2021,2,2021,football-data.co.uk,2026-05-22 12:09:26.222082
219,2021-02-13,Granada,Ath Madrid,1,2,A,5.0,3.3,1.8,5.46,3.34,1.85,0.2,0.303,0.5556,1.0586,0,2020/2021,2,2021,football-data.co.uk,2026-05-22 12:09:26.222082
220,2021-02-13,Sevilla,Huesca,1,0,H,1.5,3.9,7.5,1.55,4.02,7.57,0.6667,0.2564,0.1333,1.0564,0,2020/2021,2,2021,football-data.co.uk,2026-05-22 12:09:26.222082
221,2021-02-14,Getafe,Sociedad,0,1,A,3.75,3.25,2.1,3.99,3.3,2.13,0.2667,0.3077,0.4762,1.0505,0,2020/2021,2,2021,football-data.co.uk,2026-05-22 12:09:26.222082
222,2021-02-14,Levante,Osasuna,0,1,A,2.25,3.2,3.4,2.38,3.2,3.45,0.4444,0.3125,0.2941,1.0511,0,2020/2021,2,2021,football-data.co.uk,2026-05-22 12:09:26.222082
223,2021-02-14,Real Madrid,Valencia,2,0,H,1.4,4.75,8.0,1.45,4.87,7.71,0.7143,0.2105,0.125,1.0498,0,2020/2021,2,2021,football-data.co.uk,2026-05-22 12:09:26.222082
224,2021-02-14,Villarreal,Betis,1,2,A,1.9,3.4,4.2,1.99,3.41,4.37,0.5263,0.2941,0.2381,1.0585,0,2020/2021,2,2021,football-data.co.uk,2026-05-22 12:09:26.222082
225,2021-02-15,Cadiz,Ath Bilbao,0,4,A,4.0,3.1,2.05,4.03,3.31,2.12,0.25,0.3226,0.4878,1.0604,0,2020/2021,2,2021,football-data.co.uk,2026-05-22 12:09:26.222082
226,2021-02-17,Levante,Ath Madrid,1,1,D,4.75,3.4,1.8,5.02,3.44,1.88,0.2105,0.2941,0.5556,1.0602,0,2020/2021,2,2021,football-data.co.uk,2026-05-22 12:09:26.222082
227,2021-02-19,Betis,Getafe,1,0,H,2.05,3.1,4.1,2.05,3.26,4.38,0.4878,0.3226,0.2439,1.0543,0,2020/2021,2,2021,football-data.co.uk,2026-05-22 12:09:26.222082
228,2021-02-20,Ath Madrid,Levante,0,2,A,1.53,4.0,7.0,1.56,4.03,7.27,0.6536,0.25,0.1429,1.0465,0,2020/2021,2,2021,football-data.co.uk,2026-05-22 12:09:26.222082
229,2021-02-20,Elche,Eibar,1,0,H,3.6,3.25,2.15,3.85,3.31,2.17,0.2778,0.3077,0.4651,1.0506,0,2020/2021,2,2021,football-data.co.uk,2026-05-22 12:09:26.222082
230,2021-02-20,Valencia,Celta,2,0,H,2.45,3.2,3.0,2.52,3.28,3.12,0.4082,0.3125,0.3333,1.054,0,2020/2021,2,2021,football-data.co.uk,2026-05-22 12:09:26.222082
231,2021-02-20,Valladolid,Real Madrid,0,1,A,5.5,4.2,1.57,6.37,4.04,1.61,0.1818,0.2381,0.6369,1.0569,0,2020/2021,2,2021,football-data.co.uk,2026-05-22 12:09:26.222082
232,2021-02-21,Ath Bilbao,Villarreal,1,1,D,2.45,3.2,3.0,2.6,3.15,3.12,0.4082,0.3125,0.3333,1.054,0,2020/2021,2,2021,football-data.co.uk,2026-05-22 12:09:26.222082
233,2021-02-21,Barcelona,Cadiz,1,1,D,1.16,8.0,13.0,1.17,8.23,17.86,0.8621,0.125,0.0769,1.064,0,2020/2021,2,2021,football-data.co.uk,2026-05-22 12:09:26.222082
234,2021-02-21,Huesca,Granada,3,2,H,2.15,3.3,3.5,2.21,3.25,3.81,0.4651,0.303,0.2857,1.0539,0,2020/2021,2,2021,football-data.co.uk,2026-05-22 12:09:26.222082
235,2021-02-21,Sociedad,Alaves,4,0,H,1.66,3.75,5.5,1.67,3.67,6.57,0.6024,0.2667,0.1818,1.0509,0,2020/2021,2,2021,football-data.co.uk,2026-05-22 12:09:26.222082
236,2021-02-22,Osasuna,Sevilla,0,2,A,4.0,3.3,2.0,4.63,3.26,2.0,0.25,0.303,0.5,1.053,0,2020/2021,2,2021,football-data.co.uk,2026-05-22 12:09:26.222082
237,2021-02-24,Barcelona,Elche,3,0,H,1.12,9.0,19.0,1.13,9.51,21.25,0.8929,0.1111,0.0526,1.0566,0,2020/2021,2,2021,football-data.co.uk,2026-05-22 12:09:26.222082
238,2021-02-26,Levante,Ath Bilbao,1,1,D,3.3,3.25,2.25,3.47,3.37,2.29,0.303,0.3077,0.4444,1.0552,0,2020/2021,2,2021,football-data.co.uk,2026-05-22 12:09:26.222082
239,2021-02-27,Alaves,Osasuna,0,1,A,2.62,2.9,3.0,2.79,3.02,3.01,0.3817,0.3448,0.3333,1.0598,0,2020/2021,2,2021,football-data.co.uk,2026-05-22 12:09:26.222082
240,2021-02-27,Eibar,Huesca,1,1,D,2.15,3.3,3.5,2.22,3.36,3.64,0.4651,0.303,0.2857,1.0539,0,2020/2021,2,2021,football-data.co.uk,2026-05-22 12:09:26.222082
241,2021-02-27,Getafe,Valencia,3,0,H,2.5,3.0,3.1,2.66,2.95,3.25,0.4,0.3333,0.3226,1.0559,0,2020/2021,2,2021,football-data.co.uk,2026-05-22 12:09:26.222082
242,2021-02-27,Sevilla,Barcelona,0,2,A,3.2,3.5,2.2,3.31,3.58,2.27,0.3125,0.2857,0.4545,1.0528,0,2020/2021,2,2021,football-data.co.uk,2026-05-22 12:09:26.222082
243,2021-02-28,Cadiz,Betis,0,1,A,3.8,3.3,2.05,4.08,3.38,2.08,0.2632,0.303,0.4878,1.054,0,2020/2021,2,2021,football-data.co.uk,2026-05-22 12:09:26.222082
244,2021-02-28,Celta,Valladolid,1,1,D,1.75,3.75,4.5,1.76,4.01,4.82,0.5714,0.2667,0.2222,1.0603,0,2020/2021,2,2021,football-data.co.uk,2026-05-22 12:09:26.222082
245,2021-02-28,Granada,Elche,2,1,H,2.1,3.1,4.0,2.14,3.13,4.24,0.4762,0.3226,0.25,1.0488,0,2020/2021,2,2021,football-data.co.uk,2026-05-22 12:09:26.222082
246,2021-02-28,Villarreal,Ath Madrid,0,2,A,3.2,3.1,2.45,3.31,3.03,2.57,0.3125,0.3226,0.4082,1.0432,0,2020/2021,2,2021,football-data.co.uk,2026-05-22 12:09:26.222082
247,2021-03-01,Real Madrid,Sociedad,1,1,D,1.83,4.0,4.0,1.89,3.82,4.27,0.5464,0.25,0.25,1.0464,0,2020/2021,3,2021,football-data.co.uk,2026-05-22 12:09:26.222082
248,2021-03-05,Valencia,Villarreal,2,1,H,4.0,3.4,1.95,4.18,3.48,2.01,0.25,0.2941,0.5128,1.0569,0,2020/2021,3,2021,football-data.co.uk,2026-05-22 12:09:26.222082
249,2021-03-06,Cadiz,Eibar,1,0,H,3.25,3.2,2.3,3.45,3.28,2.34,0.3077,0.3125,0.4348,1.055,0,2020/2021,3,2021,football-data.co.uk,2026-05-22 12:09:26.222082
250,2021-03-06,Elche,Sevilla,2,1,H,6.5,3.6,1.6,7.04,3.58,1.66,0.1538,0.2778,0.625,1.0566,0,2020/2021,3,2021,football-data.co.uk,2026-05-22 12:09:26.222082
251,2021-03-06,Osasuna,Barcelona,0,2,A,5.75,4.5,1.5,6.37,4.68,1.53,0.1739,0.2222,0.6667,1.0628,0,2020/2021,3,2021,football-data.co.uk,2026-05-22 12:09:26.222082
252,2021-03-06,Valladolid,Getafe,2,1,H,3.0,2.8,2.7,3.24,2.86,2.75,0.3333,0.3571,0.3704,1.0608,0,2020/2021,3,2021,football-data.co.uk,2026-05-22 12:09:26.222082
253,2021-03-07,Ath Bilbao,Granada,2,1,H,1.57,4.0,5.75,1.65,3.98,5.96,0.6369,0.25,0.1739,1.0609,0,2020/2021,3,2021,football-data.co.uk,2026-05-22 12:09:26.222082
254,2021-03-07,Ath Madrid,Real Madrid,1,1,D,2.55,3.25,2.8,2.67,3.27,2.93,0.3922,0.3077,0.3571,1.057,0,2020/2021,3,2021,football-data.co.uk,2026-05-22 12:09:26.222082
255,2021-03-07,Huesca,Celta,3,4,A,3.0,3.3,2.4,3.04,3.28,2.58,0.3333,0.303,0.4167,1.053,0,2020/2021,3,2021,football-data.co.uk,2026-05-22 12:09:26.222082
256,2021-03-07,Sociedad,Levante,1,0,H,1.44,4.33,7.5,1.49,4.47,7.74,0.6944,0.2309,0.1333,1.0587,0,2020/2021,3,2021,football-data.co.uk,2026-05-22 12:09:26.222082
257,2021-03-08,Betis,Alaves,3,2,H,1.72,3.8,4.75,1.76,3.89,5.05,0.5814,0.2632,0.2105,1.0551,0,2020/2021,3,2021,football-data.co.uk,2026-05-22 12:09:26.222082
258,2021-03-10,Ath Madrid,Ath Bilbao,2,1,H,1.8,3.3,5.25,1.83,3.33,5.61,0.5556,0.303,0.1905,1.0491,0,2020/2021,3,2021,football-data.co.uk,2026-05-22 12:09:26.222082
259,2021-03-12,Levante,Valencia,1,0,H,2.25,3.4,3.2,2.37,3.41,3.26,0.4444,0.2941,0.3125,1.0511,0,2020/2021,3,2021,football-data.co.uk,2026-05-22 12:09:26.222082
260,2021-03-13,Alaves,Cadiz,1,1,D,2.15,3.1,3.8,2.19,3.21,3.92,0.4651,0.3226,0.2632,1.0509,0,2020/2021,3,2021,football-data.co.uk,2026-05-22 12:09:26.222082
261,2021-03-13,Getafe,Ath Madrid,0,0,D,4.75,3.1,1.9,5.06,3.21,1.94,0.2105,0.3226,0.5263,1.0594,0,2020/2021,3,2021,football-data.co.uk,2026-05-22 12:09:26.222082
262,2021-03-13,Osasuna,Valladolid,0,0,D,2.2,3.1,3.6,2.27,3.14,3.8,0.4545,0.3226,0.2778,1.0549,0,2020/2021,3,2021,football-data.co.uk,2026-05-22 12:09:26.222082
263,2021-03-13,Real Madrid,Elche,2,1,H,1.18,7.0,15.0,1.2,7.14,16.48,0.8475,0.1429,0.0667,1.057,0,2020/2021,3,2021,football-data.co.uk,2026-05-22 12:09:26.222082
264,2021-03-14,Celta,Ath Bilbao,0,0,D,2.7,3.2,2.7,2.74,3.34,2.8,0.3704,0.3125,0.3704,1.0532,0,2020/2021,3,2021,football-data.co.uk,2026-05-22 12:09:26.222082
265,2021-03-14,Eibar,Villarreal,1,3,A,2.9,3.4,2.4,3.08,3.55,2.4,0.3448,0.2941,0.4167,1.0556,0,2020/2021,3,2021,football-data.co.uk,2026-05-22 12:09:26.222082
266,2021-03-14,Granada,Sociedad,1,0,H,5.5,4.2,1.57,5.82,4.15,1.63,0.1818,0.2381,0.6369,1.0569,0,2020/2021,3,2021,football-data.co.uk,2026-05-22 12:09:26.222082
267,2021-03-14,Sevilla,Betis,1,0,H,2.0,3.4,3.75,2.02,3.61,3.97,0.5,0.2941,0.2667,1.0608,0,2020/2021,3,2021,football-data.co.uk,2026-05-22 12:09:26.222082
268,2021-03-15,Barcelona,Huesca,4,1,H,1.18,7.5,13.0,1.21,7.32,14.34,0.8475,0.1333,0.0769,1.0577,0,2020/2021,3,2021,football-data.co.uk,2026-05-22 12:09:26.222082
269,2021-03-17,Sevilla,Elche,2,0,H,1.4,4.5,8.0,1.45,4.51,8.7,0.7143,0.2222,0.125,1.0615,0,2020/2021,3,2021,football-data.co.uk,2026-05-22 12:09:26.222082
270,2021-03-19,Betis,Levante,2,0,H,1.72,3.8,4.5,1.79,3.86,4.88,0.5814,0.2632,0.2222,1.0668,0,2020/2021,3,2021,football-data.co.uk,2026-05-22 12:09:26.222082
271,2021-03-20,Ath Bilbao,Eibar,1,1,D,1.75,3.6,4.75,1.84,3.74,4.71,0.5714,0.2778,0.2105,1.0597,0,2020/2021,3,2021,football-data.co.uk,2026-05-22 12:09:26.222082
272,2021-03-20,Celta,Real Madrid,1,3,A,4.33,4.0,1.72,4.72,4.06,1.77,0.2309,0.25,0.5814,1.0623,0,2020/2021,3,2021,football-data.co.uk,2026-05-22 12:09:26.222082
273,2021-03-20,Huesca,Osasuna,0,0,D,2.45,3.2,3.0,2.6,3.2,3.08,0.4082,0.3125,0.3333,1.054,0,2020/2021,3,2021,football-data.co.uk,2026-05-22 12:09:26.222082
274,2021-03-20,Valladolid,Sevilla,1,1,D,4.33,3.5,1.83,4.96,3.47,1.87,0.2309,0.2857,0.5464,1.0631,0,2020/2021,3,2021,football-data.co.uk,2026-05-22 12:09:26.222082
275,2021-03-21,Ath Madrid,Alaves,1,0,H,1.36,4.5,10.0,1.35,4.87,12.19,0.7353,0.2222,0.1,1.0575,0,2020/2021,3,2021,football-data.co.uk,2026-05-22 12:09:26.222082
276,2021-03-21,Getafe,Elche,1,1,D,1.83,3.25,4.75,1.93,3.13,5.37,0.5464,0.3077,0.2105,1.0647,0,2020/2021,3,2021,football-data.co.uk,2026-05-22 12:09:26.222082
277,2021-03-21,Sociedad,Barcelona,1,6,A,3.6,3.8,1.95,3.62,4.01,2.01,0.2778,0.2632,0.5128,1.0538,0,2020/2021,3,2021,football-data.co.uk,2026-05-22 12:09:26.222082
278,2021-03-21,Valencia,Granada,2,1,H,2.0,3.5,3.75,2.07,3.53,3.89,0.5,0.2857,0.2667,1.0524,0,2020/2021,3,2021,football-data.co.uk,2026-05-22 12:09:26.222082
279,2021-03-21,Villarreal,Cadiz,2,1,H,1.44,4.2,7.5,1.41,4.57,10.12,0.6944,0.2381,0.1333,1.0659,0,2020/2021,3,2021,football-data.co.uk,2026-05-22 12:09:26.222082
280,2021-04-02,Levante,Huesca,0,2,A,2.37,3.3,3.0,2.43,3.44,3.12,0.4219,0.303,0.3333,1.0583,0,2020/2021,4,2021,football-data.co.uk,2026-05-22 12:09:26.222082
281,2021-04-03,Granada,Villarreal,0,3,A,3.8,3.3,2.05,3.91,3.37,2.12,0.2632,0.303,0.4878,1.054,0,2020/2021,4,2021,football-data.co.uk,2026-05-22 12:09:26.222082
282,2021-04-03,Osasuna,Getafe,0,0,D,2.55,2.8,3.2,2.81,2.81,3.23,0.3922,0.3571,0.3125,1.0618,0,2020/2021,4,2021,football-data.co.uk,2026-05-22 12:09:26.222082
283,2021-04-03,Real Madrid,Eibar,2,0,H,1.33,5.5,8.0,1.36,5.26,9.7,0.7519,0.1818,0.125,1.0587,0,2020/2021,4,2021,football-data.co.uk,2026-05-22 12:09:26.222082
284,2021-04-04,Alaves,Celta,1,3,A,3.0,3.2,2.5,3.08,3.23,2.58,0.3333,0.3125,0.4,1.0458,0,2020/2021,4,2021,football-data.co.uk,2026-05-22 12:09:26.222082
285,2021-04-04,Cadiz,Valencia,2,1,H,3.1,3.1,2.45,3.25,3.17,2.51,0.3226,0.3226,0.4082,1.0533,0,2020/2021,4,2021,football-data.co.uk,2026-05-22 12:09:26.222082
286,2021-04-04,Elche,Betis,1,1,D,4.33,3.75,1.8,4.68,3.67,1.86,0.2309,0.2667,0.5556,1.0532,0,2020/2021,4,2021,football-data.co.uk,2026-05-22 12:09:26.222082
287,2021-04-04,Sevilla,Ath Madrid,1,0,H,2.9,3.0,2.7,2.95,3.15,2.74,0.3448,0.3333,0.3704,1.0485,0,2020/2021,4,2021,football-data.co.uk,2026-05-22 12:09:26.222082
288,2021-04-05,Barcelona,Valladolid,1,0,H,1.12,9.0,19.0,1.13,9.82,22.55,0.8929,0.1111,0.0526,1.0566,0,2020/2021,4,2021,football-data.co.uk,2026-05-22 12:09:26.222082
289,2021-04-07,Sociedad,Ath Bilbao,1,1,D,2.1,3.3,3.6,2.25,3.22,3.75,0.4762,0.303,0.2778,1.057,0,2020/2021,4,2021,football-data.co.uk,2026-05-22 12:09:26.222082
290,2021-04-09,Huesca,Elche,3,1,H,2.0,3.2,4.1,2.08,3.26,4.23,0.5,0.3125,0.2439,1.0564,0,2020/2021,4,2021,football-data.co.uk,2026-05-22 12:09:26.222082
291,2021-04-10,Ath Bilbao,Alaves,0,0,D,1.9,3.3,4.4,1.94,3.42,4.6,0.5263,0.303,0.2273,1.0566,0,2020/2021,4,2021,football-data.co.uk,2026-05-22 12:09:26.222082
292,2021-04-10,Eibar,Levante,0,1,A,2.2,3.5,3.1,2.25,3.51,3.42,0.4545,0.2857,0.3226,1.0628,0,2020/2021,4,2021,football-data.co.uk,2026-05-22 12:09:26.222082
293,2021-04-10,Getafe,Cadiz,0,1,A,1.9,3.1,4.5,1.97,3.17,5.01,0.5263,0.3226,0.2222,1.0711,0,2020/2021,4,2021,football-data.co.uk,2026-05-22 12:09:26.222082
294,2021-04-10,Real Madrid,Barcelona,2,1,H,2.8,3.8,2.3,2.97,3.89,2.33,0.3571,0.2632,0.4348,1.0551,0,2020/2021,4,2021,football-data.co.uk,2026-05-22 12:09:26.222082
295,2021-04-11,Betis,Ath Madrid,1,1,D,3.25,3.2,2.3,3.41,3.12,2.45,0.3077,0.3125,0.4348,1.055,0,2020/2021,4,2021,football-data.co.uk,2026-05-22 12:09:26.222082
296,2021-04-11,Valencia,Sociedad,2,2,D,3.5,3.3,2.1,3.69,3.29,2.23,0.2857,0.303,0.4762,1.0649,0,2020/2021,4,2021,football-data.co.uk,2026-05-22 12:09:26.222082
297,2021-04-11,Valladolid,Granada,1,2,A,2.05,3.4,3.6,2.19,3.4,3.67,0.4878,0.2941,0.2778,1.0597,0,2020/2021,4,2021,football-data.co.uk,2026-05-22 12:09:26.222082
298,2021-04-11,Villarreal,Osasuna,1,2,A,1.61,3.6,6.0,1.71,3.69,5.89,0.6211,0.2778,0.1667,1.0656,0,2020/2021,4,2021,football-data.co.uk,2026-05-22 12:09:26.222082
299,2021-04-12,Celta,Sevilla,3,4,A,3.5,3.3,2.15,3.6,3.36,2.24,0.2857,0.303,0.4651,1.0539,0,2020/2021,4,2021,football-data.co.uk,2026-05-22 12:09:26.222082
300,2021-04-18,Alaves,Huesca,1,0,H,2.37,3.1,3.25,2.52,3.17,3.22,0.4219,0.3226,0.3077,1.0522,0,2020/2021,4,2021,football-data.co.uk,2026-05-22 12:09:26.222082
301,2021-04-18,Ath Madrid,Eibar,5,0,H,1.4,4.33,9.0,1.45,4.32,9.53,0.7143,0.2309,0.1111,1.0563,0,2020/2021,4,2021,football-data.co.uk,2026-05-22 12:09:26.222082
302,2021-04-18,Betis,Valencia,2,2,D,1.85,3.6,4.2,1.89,3.73,4.41,0.5405,0.2778,0.2381,1.0564,0,2020/2021,4,2021,football-data.co.uk,2026-05-22 12:09:26.222082
303,2021-04-18,Cadiz,Celta,0,0,D,3.6,3.5,2.05,3.73,3.52,2.12,0.2778,0.2857,0.4878,1.0513,0,2020/2021,4,2021,football-data.co.uk,2026-05-22 12:09:26.222082
304,2021-04-18,Getafe,Real Madrid,0,0,D,6.0,3.75,1.61,6.18,3.77,1.67,0.1667,0.2667,0.6211,1.0545,0,2020/2021,4,2021,football-data.co.uk,2026-05-22 12:09:26.222082
305,2021-04-18,Levante,Villarreal,1,5,A,3.75,3.4,2.05,3.98,3.44,2.08,0.2667,0.2941,0.4878,1.0486,0,2020/2021,4,2021,football-data.co.uk,2026-05-22 12:09:26.222082
306,2021-04-18,Osasuna,Elche,2,0,H,1.9,3.3,4.33,2.0,3.26,4.63,0.5263,0.303,0.2309,1.0603,0,2020/2021,4,2021,football-data.co.uk,2026-05-22 12:09:26.222082
307,2021-04-18,Sociedad,Sevilla,1,2,A,2.9,3.25,2.45,2.94,3.38,2.59,0.3448,0.3077,0.4082,1.0607,0,2020/2021,4,2021,football-data.co.uk,2026-05-22 12:09:26.222082
308,2021-04-21,Alaves,Villarreal,2,1,H,4.33,3.6,1.83,4.5,3.65,1.89,0.2309,0.2778,0.5464,1.0552,0,2020/2021,4,2021,football-data.co.uk,2026-05-22 12:09:26.222082
309,2021-04-21,Betis,Ath Bilbao,0,0,D,2.37,3.3,3.0,2.44,3.41,3.13,0.4219,0.303,0.3333,1.0583,0,2020/2021,4,2021,football-data.co.uk,2026-05-22 12:09:26.222082
310,2021-04-21,Cadiz,Real Madrid,0,3,A,9.0,4.75,1.36,8.7,4.58,1.39,0.1111,0.2105,0.7353,1.0569,0,2020/2021,4,2021,football-data.co.uk,2026-05-22 12:09:26.222082
311,2021-04-21,Elche,Valladolid,1,1,D,2.8,3.0,2.7,2.96,3.06,2.8,0.3571,0.3333,0.3704,1.0608,0,2020/2021,4,2021,football-data.co.uk,2026-05-22 12:09:26.222082
312,2021-04-21,Levante,Sevilla,0,1,A,5.0,4.2,1.61,5.14,4.34,1.67,0.2,0.2381,0.6211,1.0592,0,2020/2021,4,2021,football-data.co.uk,2026-05-22 12:09:26.222082
313,2021-04-21,Osasuna,Valencia,3,1,H,2.3,3.25,3.2,2.52,3.13,3.27,0.4348,0.3077,0.3125,1.055,0,2020/2021,4,2021,football-data.co.uk,2026-05-22 12:09:26.222082
314,2021-04-22,Ath Madrid,Huesca,2,0,H,1.36,4.75,9.0,1.41,4.81,9.12,0.7353,0.2105,0.1111,1.0569,0,2020/2021,4,2021,football-data.co.uk,2026-05-22 12:09:26.222082
315,2021-04-22,Barcelona,Getafe,5,2,H,1.25,5.75,13.0,1.23,6.53,15.15,0.8,0.1739,0.0769,1.0508,0,2020/2021,4,2021,football-data.co.uk,2026-05-22 12:09:26.222082
316,2021-04-22,Granada,Eibar,4,1,H,2.37,3.1,3.2,2.46,3.16,3.36,0.4219,0.3226,0.3125,1.057,0,2020/2021,4,2021,football-data.co.uk,2026-05-22 12:09:26.222082
317,2021-04-22,Sociedad,Celta,2,1,H,1.9,3.5,4.1,1.91,3.67,4.38,0.5263,0.2857,0.2439,1.0559,0,2020/2021,4,2021,football-data.co.uk,2026-05-22 12:09:26.222082
318,2021-04-24,Elche,Levante,1,0,H,2.7,3.2,2.6,2.76,3.35,2.77,0.3704,0.3125,0.3846,1.0675,0,2020/2021,4,2021,football-data.co.uk,2026-05-22 12:09:26.222082
319,2021-04-24,Real Madrid,Betis,0,0,D,1.45,4.75,6.5,1.52,4.61,6.69,0.6897,0.2105,0.1538,1.054,0,2020/2021,4,2021,football-data.co.uk,2026-05-22 12:09:26.222082
320,2021-04-24,Valencia,Alaves,1,1,D,2.1,3.25,3.6,2.16,3.29,3.91,0.4762,0.3077,0.2778,1.0617,0,2020/2021,4,2021,football-data.co.uk,2026-05-22 12:09:26.222082
321,2021-04-24,Valladolid,Cadiz,1,1,D,1.9,3.25,4.33,1.96,3.39,4.55,0.5263,0.3077,0.2309,1.065,0,2020/2021,4,2021,football-data.co.uk,2026-05-22 12:09:26.222082
322,2021-04-25,Ath Bilbao,Ath Madrid,2,1,H,4.0,3.5,1.85,4.46,3.39,1.98,0.25,0.2857,0.5405,1.0763,0,2020/2021,4,2021,football-data.co.uk,2026-05-22 12:09:26.222082
323,2021-04-25,Celta,Osasuna,2,1,H,2.2,3.3,3.25,2.25,3.56,3.36,0.4545,0.303,0.3077,1.0653,0,2020/2021,4,2021,football-data.co.uk,2026-05-22 12:09:26.222082
324,2021-04-25,Huesca,Getafe,0,2,A,2.75,2.9,2.8,3.0,2.96,2.85,0.3636,0.3448,0.3571,1.0656,0,2020/2021,4,2021,football-data.co.uk,2026-05-22 12:09:26.222082
325,2021-04-25,Sevilla,Granada,2,1,H,1.4,4.75,7.5,1.41,4.96,8.52,0.7143,0.2105,0.1333,1.0581,0,2020/2021,4,2021,football-data.co.uk,2026-05-22 12:09:26.222082
326,2021-04-25,Villarreal,Barcelona,1,2,A,4.5,4.2,1.66,4.78,4.61,1.67,0.2222,0.2381,0.6024,1.0627,0,2020/2021,4,2021,football-data.co.uk,2026-05-22 12:09:26.222082
327,2021-04-26,Eibar,Sociedad,0,1,A,4.0,3.6,1.85,4.42,3.66,1.91,0.25,0.2778,0.5405,1.0683,0,2020/2021,4,2021,football-data.co.uk,2026-05-22 12:09:26.222082
328,2021-04-28,Ath Bilbao,Valladolid,2,2,D,1.85,3.2,5.0,1.9,3.19,5.4,0.5405,0.3125,0.2,1.053,0,2020/2021,4,2021,football-data.co.uk,2026-05-22 12:09:26.222082
329,2021-04-29,Barcelona,Granada,1,2,A,1.14,8.0,17.0,1.16,8.78,19.0,0.8772,0.125,0.0588,1.061,0,2020/2021,4,2021,football-data.co.uk,2026-05-22 12:09:26.222082
330,2021-04-30,Celta,Levante,2,0,H,1.8,3.75,4.33,1.88,3.66,4.52,0.5556,0.2667,0.2309,1.0532,0,2020/2021,4,2021,football-data.co.uk,2026-05-22 12:09:26.222082
331,2021-05-01,Eibar,Alaves,3,0,H,2.5,3.1,3.0,2.59,3.19,3.11,0.4,0.3226,0.3333,1.0559,0,2020/2021,5,2021,football-data.co.uk,2026-05-22 12:09:26.222082
332,2021-05-01,Elche,Ath Madrid,0,1,A,9.0,4.33,1.4,9.5,4.68,1.41,0.1111,0.2309,0.7143,1.0563,0,2020/2021,5,2021,football-data.co.uk,2026-05-22 12:09:26.222082
333,2021-05-01,Huesca,Sociedad,1,0,H,3.75,3.5,2.0,3.85,3.52,2.09,0.2667,0.2857,0.5,1.0524,0,2020/2021,5,2021,football-data.co.uk,2026-05-22 12:09:26.222082
334,2021-05-01,Real Madrid,Osasuna,2,0,H,1.36,5.0,8.5,1.38,5.14,9.17,0.7353,0.2,0.1176,1.0529,0,2020/2021,5,2021,football-data.co.uk,2026-05-22 12:09:26.222082
335,2021-05-02,Granada,Cadiz,0,1,A,1.85,3.3,4.75,1.83,3.53,5.12,0.5405,0.303,0.2105,1.0541,0,2020/2021,5,2021,football-data.co.uk,2026-05-22 12:09:26.222082
336,2021-05-02,Valencia,Barcelona,2,3,A,7.0,5.5,1.36,7.12,5.55,1.42,0.1429,0.1818,0.7353,1.06,0,2020/2021,5,2021,football-data.co.uk,2026-05-22 12:09:26.222082
337,2021-05-02,Valladolid,Betis,1,1,D,3.0,3.5,2.3,3.31,3.58,2.27,0.3333,0.2857,0.4348,1.0538,0,2020/2021,5,2021,football-data.co.uk,2026-05-22 12:09:26.222082
338,2021-05-02,Villarreal,Getafe,1,0,H,2.1,2.9,4.1,2.24,3.08,3.97,0.4762,0.3448,0.2439,1.0649,0,2020/2021,5,2021,football-data.co.uk,2026-05-22 12:09:26.222082
339,2021-05-03,Sevilla,Ath Bilbao,0,1,A,1.57,4.0,5.75,1.62,4.12,6.12,0.6369,0.25,0.1739,1.0609,0,2020/2021,5,2021,football-data.co.uk,2026-05-22 12:09:26.222082
340,2021-05-07,Sociedad,Elche,2,0,H,1.45,4.1,8.0,1.51,4.16,8.15,0.6897,0.2439,0.125,1.0586,0,2020/2021,5,2021,football-data.co.uk,2026-05-22 12:09:26.222082
341,2021-05-08,Alaves,Levante,2,2,D,2.1,3.4,3.5,2.24,3.31,3.64,0.4762,0.2941,0.2857,1.056,0,2020/2021,5,2021,football-data.co.uk,2026-05-22 12:09:26.222082
342,2021-05-08,Ath Bilbao,Osasuna,2,2,D,1.8,3.5,4.75,1.83,3.7,4.85,0.5556,0.2857,0.2105,1.0518,0,2020/2021,5,2021,football-data.co.uk,2026-05-22 12:09:26.222082
343,2021-05-08,Barcelona,Ath Madrid,0,0,D,1.75,3.8,4.5,1.83,3.75,4.73,0.5714,0.2632,0.2222,1.0568,0,2020/2021,5,2021,football-data.co.uk,2026-05-22 12:09:26.222082
344,2021-05-08,Cadiz,Huesca,2,1,H,3.6,3.2,2.15,3.74,3.32,2.2,0.2778,0.3125,0.4651,1.0554,0,2020/2021,5,2021,football-data.co.uk,2026-05-22 12:09:26.222082
345,2021-05-09,Getafe,Eibar,0,1,A,2.15,3.1,3.75,2.31,3.12,3.71,0.4651,0.3226,0.2667,1.0544,0,2020/2021,5,2021,football-data.co.uk,2026-05-22 12:09:26.222082
346,2021-05-09,Real Madrid,Sevilla,2,2,D,1.9,3.75,3.75,2.02,3.74,3.84,0.5263,0.2667,0.2667,1.0596,0,2020/2021,5,2021,football-data.co.uk,2026-05-22 12:09:26.222082
347,2021-05-09,Valencia,Valladolid,3,0,H,2.05,3.3,3.8,2.05,3.39,4.18,0.4878,0.303,0.2632,1.054,0,2020/2021,5,2021,football-data.co.uk,2026-05-22 12:09:26.222082
348,2021-05-09,Villarreal,Celta,2,4,A,1.95,3.6,3.8,2.02,3.79,3.78,0.5128,0.2778,0.2632,1.0538,0,2020/2021,5,2021,football-data.co.uk,2026-05-22 12:09:26.222082
349,2021-05-10,Betis,Granada,2,1,H,1.75,3.8,4.75,1.84,3.69,4.76,0.5714,0.2632,0.2105,1.0451,0,2020/2021,5,2021,football-data.co.uk,2026-05-22 12:09:26.222082
350,2021-05-11,Elche,Alaves,0,2,A,2.9,3.0,2.6,2.98,3.09,2.75,0.3448,0.3333,0.3846,1.0628,0,2020/2021,5,2021,football-data.co.uk,2026-05-22 12:09:26.222082
351,2021-05-11,Levante,Barcelona,3,3,D,12.0,8.0,1.18,11.38,7.61,1.23,0.0833,0.125,0.8475,1.0558,0,2020/2021,5,2021,football-data.co.uk,2026-05-22 12:09:26.222082
352,2021-05-11,Osasuna,Cadiz,3,2,H,1.95,3.4,4.0,2.0,3.46,4.26,0.5128,0.2941,0.25,1.0569,0,2020/2021,5,2021,football-data.co.uk,2026-05-22 12:09:26.222082
353,2021-05-12,Ath Madrid,Sociedad,2,1,H,1.6,4.0,5.5,1.61,4.05,6.36,0.625,0.25,0.1818,1.0568,0,2020/2021,5,2021,football-data.co.uk,2026-05-22 12:09:26.222082
354,2021-05-12,Celta,Getafe,1,0,H,2.35,3.25,3.0,2.43,3.32,3.24,0.4255,0.3077,0.3333,1.0666,0,2020/2021,5,2021,football-data.co.uk,2026-05-22 12:09:26.222082
355,2021-05-12,Huesca,Ath Bilbao,1,0,H,2.5,3.2,2.9,2.63,3.31,2.94,0.4,0.3125,0.3448,1.0573,0,2020/2021,5,2021,football-data.co.uk,2026-05-22 12:09:26.222082
356,2021-05-12,Sevilla,Valencia,1,0,H,1.44,4.5,7.0,1.47,4.84,7.34,0.6944,0.2222,0.1429,1.0595,0,2020/2021,5,2021,football-data.co.uk,2026-05-22 12:09:26.222082
357,2021-05-13,Eibar,Betis,1,1,D,2.8,3.25,2.55,2.86,3.57,2.55,0.3571,0.3077,0.3922,1.057,0,2020/2021,5,2021,football-data.co.uk,2026-05-22 12:09:26.222082
358,2021-05-13,Granada,Real Madrid,1,4,A,8.0,4.5,1.4,8.12,5.2,1.41,0.125,0.2222,0.7143,1.0615,0,2020/2021,5,2021,football-data.co.uk,2026-05-22 12:09:26.222082
359,2021-05-13,Valladolid,Villarreal,0,2,A,3.8,3.5,1.95,4.0,3.7,1.99,0.2632,0.2857,0.5128,1.0617,0,2020/2021,5,2021,football-data.co.uk,2026-05-22 12:09:26.222082
360,2021-05-16,Alaves,Granada,4,2,H,1.83,3.75,4.0,1.9,3.73,4.26,0.5464,0.2667,0.25,1.0631,0,2020/2021,5,2021,football-data.co.uk,2026-05-22 12:09:26.222082
361,2021-05-16,Ath Bilbao,Real Madrid,0,1,A,5.0,4.2,1.6,5.49,4.47,1.61,0.2,0.2381,0.625,1.0631,0,2020/2021,5,2021,football-data.co.uk,2026-05-22 12:09:26.222082
362,2021-05-16,Ath Madrid,Osasuna,2,1,H,1.22,5.75,15.0,1.24,6.32,14.31,0.8197,0.1739,0.0667,1.0603,0,2020/2021,5,2021,football-data.co.uk,2026-05-22 12:09:26.222082
363,2021-05-16,Barcelona,Celta,1,2,A,1.2,7.5,11.0,1.26,6.68,10.93,0.8333,0.1333,0.0909,1.0576,0,2020/2021,5,2021,football-data.co.uk,2026-05-22 12:09:26.222082
364,2021-05-16,Betis,Huesca,1,0,H,1.75,3.8,4.33,1.9,3.85,4.1,0.5714,0.2632,0.2309,1.0655,0,2020/2021,5,2021,football-data.co.uk,2026-05-22 12:09:26.222082
365,2021-05-16,Cadiz,Elche,1,3,A,3.2,3.1,2.35,3.35,3.21,2.38,0.3125,0.3226,0.4255,1.0606,0,2020/2021,5,2021,football-data.co.uk,2026-05-22 12:09:26.222082
366,2021-05-16,Getafe,Levante,2,1,H,1.61,3.8,5.75,1.63,4.08,5.81,0.6211,0.2632,0.1739,1.0582,0,2020/2021,5,2021,football-data.co.uk,2026-05-22 12:09:26.222082
367,2021-05-16,Sociedad,Valladolid,4,1,H,1.61,3.75,6.0,1.65,3.86,6.05,0.6211,0.2667,0.1667,1.0545,0,2020/2021,5,2021,football-data.co.uk,2026-05-22 12:09:26.222082
368,2021-05-16,Valencia,Eibar,4,1,H,2.87,3.4,2.37,2.89,3.48,2.52,0.3484,0.2941,0.4219,1.0645,0,2020/2021,5,2021,football-data.co.uk,2026-05-22 12:09:26.222082
369,2021-05-16,Villarreal,Sevilla,4,0,H,2.37,3.4,2.87,2.45,3.58,2.93,0.4219,0.2941,0.3484,1.0645,0,2020/2021,5,2021,football-data.co.uk,2026-05-22 12:09:26.222082
370,2021-05-21,Levante,Cadiz,2,2,D,1.75,4.1,4.1,1.82,4.11,4.22,0.5714,0.2439,0.2439,1.0592,0,2020/2021,5,2021,football-data.co.uk,2026-05-22 12:09:26.222082
371,2021-05-22,Celta,Betis,2,3,A,3.2,3.8,2.1,3.29,3.84,2.15,0.3125,0.2632,0.4762,1.0518,0,2020/2021,5,2021,football-data.co.uk,2026-05-22 12:09:26.222082
372,2021-05-22,Eibar,Barcelona,0,1,A,4.33,4.75,1.65,4.51,4.21,1.67,0.2309,0.2105,0.6061,1.0475,0,2020/2021,5,2021,football-data.co.uk,2026-05-22 12:09:26.222082
373,2021-05-22,Elche,Ath Bilbao,2,0,H,1.95,3.6,3.8,2.05,3.64,3.73,0.5128,0.2778,0.2632,1.0538,0,2020/2021,5,2021,football-data.co.uk,2026-05-22 12:09:26.222082
374,2021-05-22,Huesca,Valencia,0,0,D,1.65,4.2,5.0,1.7,4.33,4.75,0.6061,0.2381,0.2,1.0442,0,2020/2021,5,2021,football-data.co.uk,2026-05-22 12:09:26.222082
375,2021-05-22,Osasuna,Sociedad,0,1,A,5.0,4.33,1.61,4.99,4.59,1.64,0.2,0.2309,0.6211,1.0521,0,2020/2021,5,2021,football-data.co.uk,2026-05-22 12:09:26.222082
376,2021-05-22,Real Madrid,Villarreal,2,1,H,1.4,5.0,6.5,1.43,5.23,7.23,0.7143,0.2,0.1538,1.0681,0,2020/2021,5,2021,football-data.co.uk,2026-05-22 12:09:26.222082
377,2021-05-22,Valladolid,Ath Madrid,1,2,A,9.0,5.25,1.33,9.45,5.47,1.35,0.1111,0.1905,0.7519,1.0535,0,2020/2021,5,2021,football-data.co.uk,2026-05-22 12:09:26.222082
378,2021-05-23,Granada,Getafe,0,0,D,2.62,3.4,2.6,2.82,3.42,2.61,0.3817,0.2941,0.3846,1.0604,0,2020/2021,5,2021,football-data.co.uk,2026-05-22 12:09:26.222082
379,2021-05-23,Sevilla,Alaves,1,0,H,1.5,4.33,6.5,1.57,4.23,6.41,0.6667,0.2309,0.1538,1.0515,0,2020/2021,5,2021,football-data.co.uk,2026-05-22 12:09:26.222082
380,2021-08-13,Valencia,Getafe,1,0,H,2.55,3.0,3.1,2.7,3.03,3.11,0.3922,0.3333,0.3226,1.0481,0,2021/2022,8,2021,football-data.co.uk,2026-05-22 12:09:26.222082
381,2021-08-14,Alaves,Real Madrid,1,4,A,7.0,4.75,1.44,7.48,4.64,1.48,0.1429,0.2105,0.6944,1.0478,0,2021/2022,8,2021,football-data.co.uk,2026-05-22 12:09:26.222082
382,2021-08-14,Cadiz,Levante,1,1,D,2.8,3.25,2.6,2.86,3.28,2.73,0.3571,0.3077,0.3846,1.0495,0,2021/2022,8,2021,football-data.co.uk,2026-05-22 12:09:26.222082
383,2021-08-14,Mallorca,Betis,1,1,D,3.3,3.4,2.2,3.51,3.35,2.28,0.303,0.2941,0.4545,1.0517,0,2021/2022,8,2021,football-data.co.uk,2026-05-22 12:09:26.222082
384,2021-08-14,Osasuna,Espanol,0,0,D,2.25,3.2,3.4,2.34,3.35,3.37,0.4444,0.3125,0.2941,1.0511,0,2021/2022,8,2021,football-data.co.uk,2026-05-22 12:09:26.222082
385,2021-08-15,Barcelona,Sociedad,4,2,H,1.72,4.0,4.5,1.75,4.2,4.62,0.5814,0.25,0.2222,1.0536,0,2021/2022,8,2021,football-data.co.uk,2026-05-22 12:09:26.222082
386,2021-08-15,Celta,Ath Madrid,1,2,A,4.2,3.4,1.9,4.41,3.25,2.05,0.2381,0.2941,0.5263,1.0585,0,2021/2022,8,2021,football-data.co.uk,2026-05-22 12:09:26.222082
387,2021-08-15,Sevilla,Vallecano,3,0,H,1.44,4.2,8.0,1.44,4.68,8.37,0.6944,0.2381,0.125,1.0575,0,2021/2022,8,2021,football-data.co.uk,2026-05-22 12:09:26.222082
388,2021-08-16,Elche,Ath Bilbao,0,0,D,3.8,3.3,2.05,3.93,3.36,2.13,0.2632,0.303,0.4878,1.054,0,2021/2022,8,2021,football-data.co.uk,2026-05-22 12:09:26.222082
389,2021-08-16,Villarreal,Granada,0,0,D,1.53,4.2,6.5,1.56,4.35,6.51,0.6536,0.2381,0.1538,1.0455,0,2021/2022,8,2021,football-data.co.uk,2026-05-22 12:09:26.222082
390,2021-08-20,Betis,Cadiz,1,1,D,1.5,4.2,7.0,1.52,4.4,7.09,0.6667,0.2381,0.1429,1.0476,0,2021/2022,8,2021,football-data.co.uk,2026-05-22 12:09:26.222082
391,2021-08-21,Alaves,Mallorca,0,1,A,2.25,3.2,3.4,2.32,3.26,3.51,0.4444,0.3125,0.2941,1.0511,0,2021/2022,8,2021,football-data.co.uk,2026-05-22 12:09:26.222082
392,2021-08-21,Ath Bilbao,Barcelona,1,1,D,4.0,3.75,1.85,4.33,3.66,1.93,0.25,0.2667,0.5405,1.0572,0,2021/2022,8,2021,football-data.co.uk,2026-05-22 12:09:26.222082
393,2021-08-21,Espanol,Villarreal,0,0,D,3.1,3.4,2.3,3.15,3.51,2.38,0.3226,0.2941,0.4348,1.0515,0,2021/2022,8,2021,football-data.co.uk,2026-05-22 12:09:26.222082
394,2021-08-21,Granada,Valencia,1,1,D,2.45,3.4,2.87,2.59,3.33,2.98,0.4082,0.2941,0.3484,1.0507,0,2021/2022,8,2021,football-data.co.uk,2026-05-22 12:09:26.222082
395,2021-08-22,Ath Madrid,Elche,1,0,H,1.22,5.75,17.0,1.22,6.51,19.95,0.8197,0.1739,0.0588,1.0524,0,2021/2022,8,2021,football-data.co.uk,2026-05-22 12:09:26.222082
396,2021-08-22,Levante,Real Madrid,3,3,D,5.0,4.33,1.6,5.05,4.32,1.68,0.2,0.2309,0.625,1.0559,0,2021/2022,8,2021,football-data.co.uk,2026-05-22 12:09:26.222082
397,2021-08-22,Sociedad,Vallecano,1,0,H,1.44,4.33,7.5,1.47,4.57,8.02,0.6944,0.2309,0.1333,1.0587,0,2021/2022,8,2021,football-data.co.uk,2026-05-22 12:09:26.222082
398,2021-08-23,Getafe,Sevilla,0,1,A,3.5,3.2,2.2,3.64,3.23,2.28,0.2857,0.3125,0.4545,1.0528,0,2021/2022,8,2021,football-data.co.uk,2026-05-22 12:09:26.222082
399,2021-08-23,Osasuna,Celta,0,0,D,2.62,3.25,2.75,2.77,3.21,2.87,0.3817,0.3077,0.3636,1.053,0,2021/2022,8,2021,football-data.co.uk,2026-05-22 12:09:26.222082
400,2021-08-27,Mallorca,Espanol,1,0,H,2.6,2.9,3.1,2.69,2.99,3.17,0.3846,0.3448,0.3226,1.052,0,2021/2022,8,2021,football-data.co.uk,2026-05-22 12:09:26.222082
401,2021-08-27,Valencia,Alaves,3,0,H,1.75,3.6,4.75,1.78,3.61,5.44,0.5714,0.2778,0.2105,1.0597,0,2021/2022,8,2021,football-data.co.uk,2026-05-22 12:09:26.222082
402,2021-08-28,Betis,Real Madrid,0,1,A,4.2,3.8,1.8,4.32,3.88,1.87,0.2381,0.2632,0.5556,1.0568,0,2021/2022,8,2021,football-data.co.uk,2026-05-22 12:09:26.222082
403,2021-08-28,Celta,Ath Bilbao,0,1,A,2.4,3.2,3.1,2.54,3.24,3.13,0.4167,0.3125,0.3226,1.0517,0,2021/2022,8,2021,football-data.co.uk,2026-05-22 12:09:26.222082
404,2021-08-28,Elche,Sevilla,1,1,D,5.0,3.6,1.72,5.5,3.48,1.8,0.2,0.2778,0.5814,1.0592,0,2021/2022,8,2021,football-data.co.uk,2026-05-22 12:09:26.222082
405,2021-08-28,Sociedad,Levante,1,0,H,1.53,4.2,6.0,1.58,4.29,6.33,0.6536,0.2381,0.1667,1.0584,0,2021/2022,8,2021,football-data.co.uk,2026-05-22 12:09:26.222082
406,2021-08-29,Ath Madrid,Villarreal,2,2,D,1.75,3.4,5.25,1.78,3.52,5.68,0.5714,0.2941,0.1905,1.056,0,2021/2022,8,2021,football-data.co.uk,2026-05-22 12:09:26.222082
407,2021-08-29,Barcelona,Getafe,2,1,H,1.4,4.75,7.5,1.4,4.89,9.26,0.7143,0.2105,0.1333,1.0581,0,2021/2022,8,2021,football-data.co.uk,2026-05-22 12:09:26.222082
408,2021-08-29,Cadiz,Osasuna,2,3,A,3.2,3.0,2.45,3.3,3.15,2.49,0.3125,0.3333,0.4082,1.054,0,2021/2022,8,2021,football-data.co.uk,2026-05-22 12:09:26.222082
409,2021-08-29,Vallecano,Granada,4,0,H,2.55,3.2,2.87,2.63,3.3,2.95,0.3922,0.3125,0.3484,1.0531,0,2021/2022,8,2021,football-data.co.uk,2026-05-22 12:09:26.222082
410,2021-09-11,Ath Bilbao,Mallorca,2,0,H,1.72,3.6,5.25,1.74,3.76,5.52,0.5814,0.2778,0.1905,1.0496,0,2021/2022,9,2021,football-data.co.uk,2026-05-22 12:09:26.222082
411,2021-09-11,Levante,Vallecano,1,1,D,2.1,3.4,3.5,2.13,3.53,3.71,0.4762,0.2941,0.2857,1.056,0,2021/2022,9,2021,football-data.co.uk,2026-05-22 12:09:26.222082
412,2021-09-12,Cadiz,Sociedad,0,2,A,5.0,3.6,1.75,5.67,3.5,1.78,0.2,0.2778,0.5714,1.0492,0,2021/2022,9,2021,football-data.co.uk,2026-05-22 12:09:26.222082
413,2021-09-12,Espanol,Ath Madrid,1,2,A,4.33,3.3,1.9,4.38,3.53,1.95,0.2309,0.303,0.5263,1.0603,0,2021/2022,9,2021,football-data.co.uk,2026-05-22 12:09:26.222082
414,2021-09-12,Osasuna,Valencia,1,4,A,2.4,3.2,3.1,2.5,3.17,3.26,0.4167,0.3125,0.3226,1.0517,0,2021/2022,9,2021,football-data.co.uk,2026-05-22 12:09:26.222082
415,2021-09-12,Real Madrid,Celta,5,2,H,1.36,5.25,8.0,1.38,5.48,8.4,0.7353,0.1905,0.125,1.0508,0,2021/2022,9,2021,football-data.co.uk,2026-05-22 12:09:26.222082
416,2021-09-13,Getafe,Elche,0,1,A,1.8,3.4,4.75,1.87,3.48,4.94,0.5556,0.2941,0.2105,1.0602,0,2021/2022,9,2021,football-data.co.uk,2026-05-22 12:09:26.222082
417,2021-09-13,Granada,Betis,1,2,A,3.1,3.25,2.37,3.13,3.38,2.46,0.3226,0.3077,0.4219,1.0522,0,2021/2022,9,2021,football-data.co.uk,2026-05-22 12:09:26.222082
418,2021-09-17,Celta,Cadiz,1,2,A,1.45,4.33,7.0,1.52,4.32,7.42,0.6897,0.2309,0.1429,1.0635,0,2021/2022,9,2021,football-data.co.uk,2026-05-22 12:09:26.222082
419,2021-09-18,Alaves,Osasuna,0,2,A,3.1,3.0,2.55,3.1,3.13,2.63,0.3226,0.3333,0.3922,1.0481,0,2021/2022,9,2021,football-data.co.uk,2026-05-22 12:09:26.222082
420,2021-09-18,Ath Madrid,Ath Bilbao,0,0,D,1.65,3.6,6.0,1.67,3.65,6.56,0.6061,0.2778,0.1667,1.0505,0,2021/2022,9,2021,football-data.co.uk,2026-05-22 12:09:26.222082
421,2021-09-18,Elche,Levante,1,1,D,2.4,3.1,3.2,2.52,3.18,3.22,0.4167,0.3226,0.3125,1.0517,0,2021/2022,9,2021,football-data.co.uk,2026-05-22 12:09:26.222082
422,2021-09-18,Vallecano,Getafe,3,0,H,2.37,2.9,3.4,2.5,3.02,3.43,0.4219,0.3448,0.2941,1.0609,0,2021/2022,9,2021,football-data.co.uk,2026-05-22 12:09:26.222082
423,2021-09-19,Betis,Espanol,2,2,D,2.0,3.2,4.2,2.06,3.43,4.06,0.5,0.3125,0.2381,1.0506,0,2021/2022,9,2021,football-data.co.uk,2026-05-22 12:09:26.222082
424,2021-09-19,Mallorca,Villarreal,0,0,D,3.5,3.0,2.3,3.62,3.2,2.31,0.2857,0.3333,0.4348,1.0538,0,2021/2022,9,2021,football-data.co.uk,2026-05-22 12:09:26.222082
425,2021-09-19,Sociedad,Sevilla,0,0,D,2.55,3.2,2.87,2.76,3.2,2.89,0.3922,0.3125,0.3484,1.0531,0,2021/2022,9,2021,football-data.co.uk,2026-05-22 12:09:26.222082
426,2021-09-19,Valencia,Real Madrid,1,2,A,3.8,3.8,1.9,3.78,4.02,1.96,0.2632,0.2632,0.5263,1.0526,0,2021/2022,9,2021,football-data.co.uk,2026-05-22 12:09:26.222082
427,2021-09-20,Barcelona,Granada,1,1,D,1.28,5.75,10.0,1.29,5.96,12.35,0.7813,0.1739,0.1,1.0552,0,2021/2022,9,2021,football-data.co.uk,2026-05-22 12:09:26.222082
428,2021-09-21,Ath Bilbao,Vallecano,1,2,A,1.85,3.5,4.33,1.9,3.46,4.81,0.5405,0.2857,0.2309,1.0572,0,2021/2022,9,2021,football-data.co.uk,2026-05-22 12:09:26.222082
429,2021-09-21,Getafe,Ath Madrid,1,2,A,6.0,3.5,1.66,6.53,3.54,1.7,0.1667,0.2857,0.6024,1.0548,0,2021/2022,9,2021,football-data.co.uk,2026-05-22 12:09:26.222082
430,2021-09-21,Levante,Celta,0,2,A,2.6,3.4,2.7,2.7,3.46,2.76,0.3846,0.2941,0.3704,1.0491,0,2021/2022,9,2021,football-data.co.uk,2026-05-22 12:09:26.222082
431,2021-09-22,Espanol,Alaves,1,0,H,1.8,3.5,4.75,1.88,3.46,4.98,0.5556,0.2857,0.2105,1.0518,0,2021/2022,9,2021,football-data.co.uk,2026-05-22 12:09:26.222082
432,2021-09-22,Real Madrid,Mallorca,6,1,H,1.22,6.5,12.0,1.24,6.66,13.03,0.8197,0.1538,0.0833,1.0569,0,2021/2022,9,2021,football-data.co.uk,2026-05-22 12:09:26.222082
433,2021-09-22,Sevilla,Valencia,3,1,H,1.61,3.8,6.0,1.65,4.04,5.81,0.6211,0.2632,0.1667,1.0509,0,2021/2022,9,2021,football-data.co.uk,2026-05-22 12:09:26.222082
434,2021-09-22,Villarreal,Elche,4,1,H,1.5,4.2,6.5,1.51,4.33,7.71,0.6667,0.2381,0.1538,1.0586,0,2021/2022,9,2021,football-data.co.uk,2026-05-22 12:09:26.222082
435,2021-09-23,Cadiz,Barcelona,0,0,D,6.0,4.33,1.5,6.38,4.48,1.55,0.1667,0.2309,0.6667,1.0643,0,2021/2022,9,2021,football-data.co.uk,2026-05-22 12:09:26.222082
436,2021-09-23,Granada,Sociedad,2,3,A,4.2,3.4,1.9,4.22,3.56,1.98,0.2381,0.2941,0.5263,1.0585,0,2021/2022,9,2021,football-data.co.uk,2026-05-22 12:09:26.222082
437,2021-09-23,Osasuna,Betis,1,3,A,2.37,3.25,3.0,2.37,3.38,3.28,0.4219,0.3077,0.3333,1.063,0,2021/2022,9,2021,football-data.co.uk,2026-05-22 12:09:26.222082
438,2021-09-25,Alaves,Ath Madrid,1,0,H,7.5,4.0,1.5,7.51,3.99,1.56,0.1333,0.25,0.6667,1.05,0,2021/2022,9,2021,football-data.co.uk,2026-05-22 12:09:26.222082
439,2021-09-25,Real Madrid,Villarreal,0,0,D,1.5,4.75,5.75,1.52,4.87,6.25,0.6667,0.2105,0.1739,1.0511,0,2021/2022,9,2021,football-data.co.uk,2026-05-22 12:09:26.222082
440,2021-09-25,Sevilla,Espanol,2,0,H,1.57,3.8,6.5,1.63,3.9,6.38,0.6369,0.2632,0.1538,1.0539,0,2021/2022,9,2021,football-data.co.uk,2026-05-22 12:09:26.222082
441,2021-09-25,Valencia,Ath Bilbao,1,1,D,2.6,3.2,2.8,2.71,3.25,2.89,0.3846,0.3125,0.3571,1.0543,0,2021/2022,9,2021,football-data.co.uk,2026-05-22 12:09:26.222082
442,2021-09-26,Barcelona,Levante,3,0,H,1.4,5.5,6.5,1.45,5.07,7.23,0.7143,0.1818,0.1538,1.05,0,2021/2022,9,2021,football-data.co.uk,2026-05-22 12:09:26.222082
443,2021-09-26,Betis,Getafe,2,0,H,1.75,3.6,4.75,1.78,3.9,4.9,0.5714,0.2778,0.2105,1.0597,0,2021/2022,9,2021,football-data.co.uk,2026-05-22 12:09:26.222082
444,2021-09-26,Mallorca,Osasuna,2,3,A,2.7,3.2,2.75,2.85,3.21,2.79,0.3704,0.3125,0.3636,1.0465,0,2021/2022,9,2021,football-data.co.uk,2026-05-22 12:09:26.222082
445,2021-09-26,Sociedad,Elche,1,0,H,1.4,4.5,9.0,1.47,4.43,8.53,0.7143,0.2222,0.1111,1.0476,0,2021/2022,9,2021,football-data.co.uk,2026-05-22 12:09:26.222082
446,2021-09-26,Vallecano,Cadiz,3,1,H,1.6,3.8,6.0,1.68,3.82,6.02,0.625,0.2632,0.1667,1.0548,0,2021/2022,9,2021,football-data.co.uk,2026-05-22 12:09:26.222082
447,2021-09-27,Celta,Granada,1,0,H,1.61,4.0,5.5,1.65,4.19,5.54,0.6211,0.25,0.1818,1.0529,0,2021/2022,9,2021,football-data.co.uk,2026-05-22 12:09:26.222082
448,2021-10-01,Ath Bilbao,Alaves,1,0,H,1.53,3.75,7.5,1.59,3.89,7.16,0.6536,0.2667,0.1333,1.0536,0,2021/2022,10,2021,football-data.co.uk,2026-05-22 12:09:26.222082
449,2021-10-02,Ath Madrid,Barcelona,2,0,H,1.9,3.5,4.0,1.92,3.61,4.43,0.5263,0.2857,0.25,1.062,0,2021/2022,10,2021,football-data.co.uk,2026-05-22 12:09:26.222082
450,2021-10-02,Cadiz,Valencia,0,0,D,3.4,3.0,2.3,3.45,3.08,2.46,0.2941,0.3333,0.4348,1.0622,0,2021/2022,10,2021,football-data.co.uk,2026-05-22 12:09:26.222082
451,2021-10-02,Mallorca,Levante,1,0,H,2.1,3.2,3.4,2.22,3.51,3.49,0.4762,0.3125,0.2941,1.0828,0,2021/2022,10,2021,football-data.co.uk,2026-05-22 12:09:26.222082
452,2021-10-02,Osasuna,Vallecano,1,0,H,2.15,3.4,3.4,2.2,3.47,3.57,0.4651,0.2941,0.2941,1.0534,0,2021/2022,10,2021,football-data.co.uk,2026-05-22 12:09:26.222082
453,2021-10-03,Elche,Celta,1,0,H,3.3,3.2,2.3,3.52,3.17,2.37,0.303,0.3125,0.4348,1.0503,0,2021/2022,10,2021,football-data.co.uk,2026-05-22 12:09:26.222082
454,2021-10-03,Espanol,Real Madrid,2,1,H,5.0,4.0,1.66,5.15,4.15,1.69,0.2,0.25,0.6024,1.0524,0,2021/2022,10,2021,football-data.co.uk,2026-05-22 12:09:26.222082
455,2021-10-03,Getafe,Sociedad,1,1,D,3.6,3.1,2.2,3.77,3.17,2.26,0.2778,0.3226,0.4545,1.0549,0,2021/2022,10,2021,football-data.co.uk,2026-05-22 12:09:26.222082
456,2021-10-03,Granada,Sevilla,1,0,H,4.8,3.4,1.72,5.36,3.62,1.78,0.2083,0.2941,0.5814,1.0838,0,2021/2022,10,2021,football-data.co.uk,2026-05-22 12:09:26.222082
457,2021-10-03,Villarreal,Betis,2,0,H,2.0,3.6,3.6,2.03,3.83,3.71,0.5,0.2778,0.2778,1.0556,0,2021/2022,10,2021,football-data.co.uk,2026-05-22 12:09:26.222082
458,2021-10-16,Levante,Getafe,0,0,D,2.5,2.9,3.25,2.61,2.92,3.38,0.4,0.3448,0.3077,1.0525,0,2021/2022,10,2021,football-data.co.uk,2026-05-22 12:09:26.222082
459,2021-10-16,Sociedad,Mallorca,1,0,H,1.4,4.5,8.5,1.44,4.51,9.05,0.7143,0.2222,0.1176,1.0542,0,2021/2022,10,2021,football-data.co.uk,2026-05-22 12:09:26.222082
460,2021-10-17,Barcelona,Valencia,3,1,H,1.5,4.33,6.5,1.56,4.29,6.66,0.6667,0.2309,0.1538,1.0515,0,2021/2022,10,2021,football-data.co.uk,2026-05-22 12:09:26.222082
461,2021-10-17,Celta,Sevilla,0,1,A,3.4,3.25,2.2,3.57,3.22,2.32,0.2941,0.3077,0.4545,1.0564,0,2021/2022,10,2021,football-data.co.uk,2026-05-22 12:09:26.222082
462,2021-10-17,Vallecano,Elche,2,1,H,1.8,3.5,4.75,1.84,3.73,4.7,0.5556,0.2857,0.2105,1.0518,0,2021/2022,10,2021,football-data.co.uk,2026-05-22 12:09:26.222082
463,2021-10-17,Villarreal,Osasuna,1,2,A,1.66,3.75,5.25,1.67,4.07,5.55,0.6024,0.2667,0.1905,1.0596,0,2021/2022,10,2021,football-data.co.uk,2026-05-22 12:09:26.222082
464,2021-10-18,Alaves,Betis,0,1,A,3.5,3.3,2.15,3.62,3.46,2.19,0.2857,0.303,0.4651,1.0539,0,2021/2022,10,2021,football-data.co.uk,2026-05-22 12:09:26.222082
465,2021-10-18,Espanol,Cadiz,2,0,H,1.66,3.6,5.75,1.68,3.88,5.84,0.6024,0.2778,0.1739,1.0541,0,2021/2022,10,2021,football-data.co.uk,2026-05-22 12:09:26.222082
466,2021-10-22,Osasuna,Granada,1,1,D,1.72,3.5,5.25,1.81,3.57,5.25,0.5814,0.2857,0.1905,1.0576,0,2021/2022,10,2021,football-data.co.uk,2026-05-22 12:09:26.222082
467,2021-10-23,Ath Bilbao,Villarreal,2,1,H,2.45,3.0,3.2,2.52,3.24,3.16,0.4082,0.3333,0.3125,1.054,0,2021/2022,10,2021,football-data.co.uk,2026-05-22 12:09:26.222082
468,2021-10-23,Cadiz,Alaves,0,2,A,2.5,2.9,3.2,2.7,2.97,3.18,0.4,0.3448,0.3125,1.0573,0,2021/2022,10,2021,football-data.co.uk,2026-05-22 12:09:26.222082
469,2021-10-23,Elche,Espanol,2,2,D,2.7,3.0,2.87,2.82,3.0,2.99,0.3704,0.3333,0.3484,1.0521,0,2021/2022,10,2021,football-data.co.uk,2026-05-22 12:09:26.222082
470,2021-10-23,Valencia,Mallorca,2,2,D,1.66,3.8,5.25,1.7,3.99,5.35,0.6024,0.2632,0.1905,1.056,0,2021/2022,10,2021,football-data.co.uk,2026-05-22 12:09:26.222082
471,2021-10-24,Ath Madrid,Sociedad,2,2,D,1.61,3.7,6.0,1.65,3.94,6.09,0.6211,0.2703,0.1667,1.0581,0,2021/2022,10,2021,football-data.co.uk,2026-05-22 12:09:26.222082
472,2021-10-24,Barcelona,Real Madrid,1,2,A,2.75,3.6,2.45,2.73,3.85,2.53,0.3636,0.2778,0.4082,1.0496,0,2021/2022,10,2021,football-data.co.uk,2026-05-22 12:09:26.222082
473,2021-10-24,Betis,Vallecano,3,2,H,1.83,3.75,4.2,1.83,3.84,4.6,0.5464,0.2667,0.2381,1.0512,0,2021/2022,10,2021,football-data.co.uk,2026-05-22 12:09:26.222082
474,2021-10-24,Sevilla,Levante,5,3,H,1.44,4.2,8.0,1.46,4.65,8.09,0.6944,0.2381,0.125,1.0575,0,2021/2022,10,2021,football-data.co.uk,2026-05-22 12:09:26.222082
475,2021-10-25,Getafe,Celta,0,3,A,2.5,3.0,3.1,2.77,2.95,3.11,0.4,0.3333,0.3226,1.0559,0,2021/2022,10,2021,football-data.co.uk,2026-05-22 12:09:26.222082
476,2021-10-26,Alaves,Elche,1,0,H,2.3,3.0,3.5,2.4,3.04,3.61,0.4348,0.3333,0.2857,1.0538,0,2021/2022,10,2021,football-data.co.uk,2026-05-22 12:09:26.222082
477,2021-10-26,Espanol,Ath Bilbao,1,1,D,2.9,3.0,2.62,3.03,3.06,2.74,0.3448,0.3333,0.3817,1.0598,0,2021/2022,10,2021,football-data.co.uk,2026-05-22 12:09:26.222082
478,2021-10-26,Villarreal,Cadiz,3,3,D,1.3,5.5,9.5,1.33,5.59,10.83,0.7692,0.1818,0.1053,1.0563,0,2021/2022,10,2021,football-data.co.uk,2026-05-22 12:09:26.222082
479,2021-10-27,Betis,Valencia,4,1,H,1.85,3.5,4.5,1.88,3.64,4.56,0.5405,0.2857,0.2222,1.0485,0,2021/2022,10,2021,football-data.co.uk,2026-05-22 12:09:26.222082
480,2021-10-27,Mallorca,Sevilla,1,1,D,5.5,3.3,1.75,5.49,3.28,1.86,0.1818,0.303,0.5714,1.0563,0,2021/2022,10,2021,football-data.co.uk,2026-05-22 12:09:26.222082
481,2021-10-27,Real Madrid,Osasuna,0,0,D,1.3,5.5,9.0,1.34,5.88,8.94,0.7692,0.1818,0.1111,1.0622,0,2021/2022,10,2021,football-data.co.uk,2026-05-22 12:09:26.222082
482,2021-10-27,Vallecano,Barcelona,1,0,H,4.33,3.75,1.8,4.51,3.83,1.85,0.2309,0.2667,0.5556,1.0532,0,2021/2022,10,2021,football-data.co.uk,2026-05-22 12:09:26.222082
483,2021-10-28,Celta,Sociedad,0,2,A,2.87,3.4,2.45,2.82,3.48,2.63,0.3484,0.2941,0.4082,1.0507,0,2021/2022,10,2021,football-data.co.uk,2026-05-22 12:09:26.222082
484,2021-10-28,Granada,Getafe,1,1,D,2.6,2.8,3.25,2.67,2.88,3.34,0.3846,0.3571,0.3077,1.0495,0,2021/2022,10,2021,football-data.co.uk,2026-05-22 12:09:26.222082
485,2021-10-28,Levante,Ath Madrid,2,2,D,5.5,3.8,1.65,5.99,3.64,1.71,0.1818,0.2632,0.6061,1.051,0,2021/2022,10,2021,football-data.co.uk,2026-05-22 12:09:26.222082
486,2021-10-30,Barcelona,Alaves,1,1,D,1.28,5.5,11.0,1.32,5.79,10.48,0.7813,0.1818,0.0909,1.054,0,2021/2022,10,2021,football-data.co.uk,2026-05-22 12:09:26.222082
487,2021-10-30,Elche,Real Madrid,1,2,A,7.5,4.5,1.44,7.96,4.62,1.46,0.1333,0.2222,0.6944,1.05,0,2021/2022,10,2021,football-data.co.uk,2026-05-22 12:09:26.222082
488,2021-10-30,Sevilla,Osasuna,2,0,H,1.53,4.0,7.0,1.52,4.41,7.05,0.6536,0.25,0.1429,1.0465,0,2021/2022,10,2021,football-data.co.uk,2026-05-22 12:09:26.222082
489,2021-10-30,Valencia,Villarreal,2,0,H,2.9,3.4,2.45,3.0,3.51,2.47,0.3448,0.2941,0.4082,1.0471,0,2021/2022,10,2021,football-data.co.uk,2026-05-22 12:09:26.222082
490,2021-10-31,Ath Madrid,Betis,3,0,H,1.6,3.8,6.0,1.61,4.02,6.46,0.625,0.2632,0.1667,1.0548,0,2021/2022,10,2021,football-data.co.uk,2026-05-22 12:09:26.222082
491,2021-10-31,Cadiz,Mallorca,1,1,D,2.5,3.0,3.2,2.68,2.99,3.18,0.4,0.3333,0.3125,1.0458,0,2021/2022,10,2021,football-data.co.uk,2026-05-22 12:09:26.222082
492,2021-10-31,Getafe,Espanol,2,1,H,2.45,3.0,3.2,2.44,3.13,3.41,0.4082,0.3333,0.3125,1.054,0,2021/2022,10,2021,football-data.co.uk,2026-05-22 12:09:26.222082
493,2021-10-31,Sociedad,Ath Bilbao,1,1,D,2.1,3.2,3.8,2.19,3.17,3.99,0.4762,0.3125,0.2632,1.0518,0,2021/2022,10,2021,football-data.co.uk,2026-05-22 12:09:26.222082
494,2021-11-01,Levante,Granada,0,3,A,1.95,3.4,4.0,2.05,3.49,4.03,0.5128,0.2941,0.25,1.0569,0,2021/2022,11,2021,football-data.co.uk,2026-05-22 12:09:26.222082
495,2021-11-01,Vallecano,Celta,0,0,D,2.37,3.25,3.1,2.41,3.49,3.12,0.4219,0.3077,0.3226,1.0522,0,2021/2022,11,2021,football-data.co.uk,2026-05-22 12:09:26.222082
496,2021-11-05,Ath Bilbao,Cadiz,0,1,A,1.36,4.75,9.0,1.38,4.97,10.07,0.7353,0.2105,0.1111,1.0569,0,2021/2022,11,2021,football-data.co.uk,2026-05-22 12:09:26.222082
497,2021-11-06,Alaves,Levante,2,1,H,2.5,3.0,3.2,2.51,3.09,3.33,0.4,0.3333,0.3125,1.0458,0,2021/2022,11,2021,football-data.co.uk,2026-05-22 12:09:26.222082
498,2021-11-06,Celta,Barcelona,3,3,D,3.3,3.6,2.1,3.43,3.72,2.17,0.303,0.2778,0.4762,1.057,0,2021/2022,11,2021,football-data.co.uk,2026-05-22 12:09:26.222082
499,2021-11-06,Espanol,Granada,2,0,H,1.85,3.4,4.5,1.91,3.49,4.71,0.5405,0.2941,0.2222,1.0569,0,2021/2022,11,2021,football-data.co.uk,2026-05-22 12:09:26.222082
500,2021-11-06,Real Madrid,Vallecano,2,1,H,1.33,5.5,8.0,1.4,5.57,7.75,0.7519,0.1818,0.125,1.0587,0,2021/2022,11,2021,football-data.co.uk,2026-05-22 12:09:26.222082
501,2021-11-07,Betis,Sevilla,0,2,A,3.0,3.3,2.45,3.07,3.35,2.51,0.3333,0.303,0.4082,1.0445,0,2021/2022,11,2021,football-data.co.uk,2026-05-22 12:09:26.222082
502,2021-11-07,Mallorca,Elche,2,2,D,2.05,3.0,4.33,2.09,3.14,4.43,0.4878,0.3333,0.2309,1.0521,0,2021/2022,11,2021,football-data.co.uk,2026-05-22 12:09:26.222082
503,2021-11-07,Osasuna,Sociedad,0,2,A,3.1,3.3,2.35,3.19,3.41,2.41,0.3226,0.303,0.4255,1.0511,0,2021/2022,11,2021,football-data.co.uk,2026-05-22 12:09:26.222082
504,2021-11-07,Valencia,Ath Madrid,3,3,D,4.5,3.2,1.95,4.72,3.25,1.98,0.2222,0.3125,0.5128,1.0475,0,2021/2022,11,2021,football-data.co.uk,2026-05-22 12:09:26.222082
505,2021-11-07,Villarreal,Getafe,1,0,H,1.5,4.0,7.0,1.53,4.27,7.29,0.6667,0.25,0.1429,1.0595,0,2021/2022,11,2021,football-data.co.uk,2026-05-22 12:09:26.222082
506,2021-11-19,Levante,Ath Bilbao,0,0,D,3.5,3.3,2.15,3.61,3.29,2.27,0.2857,0.303,0.4651,1.0539,0,2021/2022,11,2021,football-data.co.uk,2026-05-22 12:09:26.222082
507,2021-11-20,Ath Madrid,Osasuna,1,0,H,1.44,4.33,8.0,1.41,4.66,9.76,0.6944,0.2309,0.125,1.0504,0,2021/2022,11,2021,football-data.co.uk,2026-05-22 12:09:26.222082
508,2021-11-20,Barcelona,Espanol,1,0,H,1.36,5.25,7.5,1.39,5.19,8.96,0.7353,0.1905,0.1333,1.0591,0,2021/2022,11,2021,football-data.co.uk,2026-05-22 12:09:26.222082
509,2021-11-20,Celta,Villarreal,1,1,D,2.75,3.3,2.55,2.86,3.32,2.69,0.3636,0.303,0.3922,1.0588,0,2021/2022,11,2021,football-data.co.uk,2026-05-22 12:09:26.222082
510,2021-11-20,Sevilla,Alaves,2,2,D,1.44,4.33,8.5,1.42,4.67,9.34,0.6944,0.2309,0.1176,1.043,0,2021/2022,11,2021,football-data.co.uk,2026-05-22 12:09:26.222082
511,2021-11-21,Elche,Betis,0,3,A,3.6,3.4,2.1,3.59,3.43,2.21,0.2778,0.2941,0.4762,1.0481,0,2021/2022,11,2021,football-data.co.uk,2026-05-22 12:09:26.222082
512,2021-11-21,Getafe,Cadiz,4,0,H,2.0,3.1,4.33,2.04,3.19,4.55,0.5,0.3226,0.2309,1.0535,0,2021/2022,11,2021,football-data.co.uk,2026-05-22 12:09:26.222082
513,2021-11-21,Granada,Real Madrid,1,4,A,7.0,4.5,1.45,7.56,4.63,1.48,0.1429,0.2222,0.6897,1.0547,0,2021/2022,11,2021,football-data.co.uk,2026-05-22 12:09:26.222082
514,2021-11-21,Sociedad,Valencia,0,0,D,1.72,3.8,4.75,1.74,4.03,4.97,0.5814,0.2632,0.2105,1.0551,0,2021/2022,11,2021,football-data.co.uk,2026-05-22 12:09:26.222082
515,2021-11-22,Vallecano,Mallorca,3,1,H,1.8,3.5,4.75,1.85,3.5,5.01,0.5556,0.2857,0.2105,1.0518,0,2021/2022,11,2021,football-data.co.uk,2026-05-22 12:09:26.222082
516,2021-11-26,Ath Bilbao,Granada,2,2,D,1.36,4.75,9.5,1.42,4.69,9.41,0.7353,0.2105,0.1053,1.0511,0,2021/2022,11,2021,football-data.co.uk,2026-05-22 12:09:26.222082
517,2021-11-27,Alaves,Celta,1,2,A,2.9,3.1,2.55,3.09,3.19,2.6,0.3448,0.3226,0.3922,1.0596,0,2021/2022,11,2021,football-data.co.uk,2026-05-22 12:09:26.222082
518,2021-11-27,Mallorca,Getafe,0,0,D,2.3,2.9,3.75,2.36,2.98,3.8,0.4348,0.3448,0.2667,1.0463,0,2021/2022,11,2021,football-data.co.uk,2026-05-22 12:09:26.222082
519,2021-11-27,Valencia,Vallecano,1,1,D,2.0,3.4,3.9,2.04,3.44,4.13,0.5,0.2941,0.2564,1.0505,0,2021/2022,11,2021,football-data.co.uk,2026-05-22 12:09:26.222082
520,2021-11-27,Villarreal,Barcelona,1,3,A,2.7,3.4,2.6,2.75,3.53,2.66,0.3704,0.2941,0.3846,1.0491,0,2021/2022,11,2021,football-data.co.uk,2026-05-22 12:09:26.222082
521,2021-11-28,Betis,Levante,3,1,H,1.66,4.2,4.75,1.68,4.41,4.98,0.6024,0.2381,0.2105,1.051,0,2021/2022,11,2021,football-data.co.uk,2026-05-22 12:09:26.222082
522,2021-11-28,Cadiz,Ath Madrid,1,4,A,8.0,3.8,1.5,8.13,4.1,1.52,0.125,0.2632,0.6667,1.0548,0,2021/2022,11,2021,football-data.co.uk,2026-05-22 12:09:26.222082
523,2021-11-28,Espanol,Sociedad,1,0,H,3.2,3.2,2.3,3.29,3.26,2.43,0.3125,0.3125,0.4348,1.0598,0,2021/2022,11,2021,football-data.co.uk,2026-05-22 12:09:26.222082
524,2021-11-28,Real Madrid,Sevilla,2,1,H,1.7,4.0,4.75,1.68,4.17,5.2,0.5882,0.25,0.2105,1.0488,0,2021/2022,11,2021,football-data.co.uk,2026-05-22 12:09:26.222082
525,2021-11-29,Osasuna,Elche,1,1,D,1.8,3.4,4.75,1.87,3.5,4.92,0.5556,0.2941,0.2105,1.0602,0,2021/2022,11,2021,football-data.co.uk,2026-05-22 12:09:26.222082
526,2021-12-01,Real Madrid,Ath Bilbao,1,0,H,1.44,4.75,7.0,,,,0.6944,0.2105,0.1429,1.0478,0,2021/2022,12,2021,football-data.co.uk,2026-05-22 12:09:26.222082
527,2021-12-03,Granada,Alaves,2,1,H,2.37,3.1,3.25,2.47,3.16,3.32,0.4219,0.3226,0.3077,1.0522,0,2021/2022,12,2021,football-data.co.uk,2026-05-22 12:09:26.222082
528,2021-12-04,Ath Madrid,Mallorca,1,2,A,1.3,5.25,11.0,1.33,5.34,11.81,0.7692,0.1905,0.0909,1.0506,0,2021/2022,12,2021,football-data.co.uk,2026-05-22 12:09:26.222082
529,2021-12-04,Barcelona,Betis,0,1,A,1.5,4.5,6.5,1.52,4.8,6.28,0.6667,0.2222,0.1538,1.0427,0,2021/2022,12,2021,football-data.co.uk,2026-05-22 12:09:26.222082
530,2021-12-04,Sevilla,Villarreal,1,0,H,2.0,3.3,4.0,2.05,3.41,4.13,0.5,0.303,0.25,1.053,0,2021/2022,12,2021,football-data.co.uk,2026-05-22 12:09:26.222082
531,2021-12-04,Sociedad,Real Madrid,0,2,A,3.3,3.3,2.25,3.31,3.58,2.27,0.303,0.303,0.4444,1.0505,0,2021/2022,12,2021,football-data.co.uk,2026-05-22 12:09:26.222082
532,2021-12-05,Celta,Valencia,1,2,A,2.1,3.25,3.75,2.16,3.4,3.77,0.4762,0.3077,0.2667,1.0505,0,2021/2022,12,2021,football-data.co.uk,2026-05-22 12:09:26.222082
533,2021-12-05,Elche,Cadiz,3,1,H,2.05,3.1,4.2,2.02,3.36,4.36,0.4878,0.3226,0.2381,1.0485,0,2021/2022,12,2021,football-data.co.uk,2026-05-22 12:09:26.222082
534,2021-12-05,Levante,Osasuna,0,0,D,2.4,3.2,3.1,2.56,3.25,3.1,0.4167,0.3125,0.3226,1.0517,0,2021/2022,12,2021,football-data.co.uk,2026-05-22 12:09:26.222082
535,2021-12-05,Vallecano,Espanol,1,0,H,2.15,3.1,3.8,2.16,3.31,3.87,0.4651,0.3226,0.2632,1.0509,0,2021/2022,12,2021,football-data.co.uk,2026-05-22 12:09:26.222082
536,2021-12-06,Getafe,Ath Bilbao,0,0,D,3.5,3.0,2.3,3.54,3.11,2.39,0.2857,0.3333,0.4348,1.0538,0,2021/2022,12,2021,football-data.co.uk,2026-05-22 12:09:26.222082
537,2021-12-10,Mallorca,Celta,0,0,D,2.5,3.0,3.1,2.62,3.0,3.26,0.4,0.3333,0.3226,1.0559,0,2021/2022,12,2021,football-data.co.uk,2026-05-22 12:09:26.222082
538,2021-12-11,Alaves,Getafe,1,1,D,2.45,2.9,3.2,2.61,2.88,3.43,0.4082,0.3448,0.3125,1.0655,0,2021/2022,12,2021,football-data.co.uk,2026-05-22 12:09:26.222082
539,2021-12-11,Ath Bilbao,Sevilla,0,1,A,2.5,3.0,3.1,2.58,3.1,3.21,0.4,0.3333,0.3226,1.0559,0,2021/2022,12,2021,football-data.co.uk,2026-05-22 12:09:26.222082
540,2021-12-11,Espanol,Levante,4,3,H,2.05,3.3,3.8,2.07,3.43,4.02,0.4878,0.303,0.2632,1.054,0,2021/2022,12,2021,football-data.co.uk,2026-05-22 12:09:26.222082
541,2021-12-11,Valencia,Elche,2,1,H,1.75,3.5,5.0,1.79,3.54,5.44,0.5714,0.2857,0.2,1.0571,0,2021/2022,12,2021,football-data.co.uk,2026-05-22 12:09:26.222082
542,2021-12-12,Betis,Sociedad,4,0,H,2.25,3.3,3.3,2.36,3.35,3.35,0.4444,0.303,0.303,1.0505,0,2021/2022,12,2021,football-data.co.uk,2026-05-22 12:09:26.222082
543,2021-12-12,Osasuna,Barcelona,2,2,D,4.0,3.5,1.9,3.98,3.57,2.03,0.25,0.2857,0.5263,1.062,0,2021/2022,12,2021,football-data.co.uk,2026-05-22 12:09:26.222082
544,2021-12-12,Real Madrid,Ath Madrid,2,0,H,2.05,3.5,3.6,2.11,3.57,3.73,0.4878,0.2857,0.2778,1.0513,0,2021/2022,12,2021,football-data.co.uk,2026-05-22 12:09:26.222082
545,2021-12-12,Villarreal,Vallecano,2,0,H,1.72,3.8,4.75,1.78,3.94,4.8,0.5814,0.2632,0.2105,1.0551,0,2021/2022,12,2021,football-data.co.uk,2026-05-22 12:09:26.222082
546,2021-12-13,Cadiz,Granada,1,1,D,2.6,3.1,2.9,2.68,3.13,3.04,0.3846,0.3226,0.3448,1.052,0,2021/2022,12,2021,football-data.co.uk,2026-05-22 12:09:26.222082
547,2021-12-17,Celta,Espanol,3,1,H,1.95,3.4,4.0,1.99,3.52,4.23,0.5128,0.2941,0.25,1.0569,0,2021/2022,12,2021,football-data.co.uk,2026-05-22 12:09:26.222082
548,2021-12-18,Barcelona,Elche,3,2,H,1.3,5.5,10.0,1.36,5.25,10.02,0.7692,0.1818,0.1,1.051,0,2021/2022,12,2021,football-data.co.uk,2026-05-22 12:09:26.222082
549,2021-12-18,Sevilla,Ath Madrid,2,1,H,2.75,3.0,2.8,2.89,3.0,2.92,0.3636,0.3333,0.3571,1.0541,0,2021/2022,12,2021,football-data.co.uk,2026-05-22 12:09:26.222082
550,2021-12-18,Sociedad,Villarreal,1,3,A,2.15,3.3,3.5,2.31,3.24,3.57,0.4651,0.303,0.2857,1.0539,0,2021/2022,12,2021,football-data.co.uk,2026-05-22 12:09:26.222082
551,2021-12-18,Vallecano,Alaves,2,0,H,1.72,3.6,5.0,1.82,3.5,5.3,0.5814,0.2778,0.2,1.0592,0,2021/2022,12,2021,football-data.co.uk,2026-05-22 12:09:26.222082
552,2021-12-19,Ath Bilbao,Betis,3,2,H,2.15,3.25,3.5,2.29,3.29,3.54,0.4651,0.3077,0.2857,1.0585,0,2021/2022,12,2021,football-data.co.uk,2026-05-22 12:09:26.222082
553,2021-12-19,Getafe,Osasuna,1,0,H,2.4,2.9,3.4,2.53,2.95,3.48,0.4167,0.3448,0.2941,1.0556,0,2021/2022,12,2021,football-data.co.uk,2026-05-22 12:09:26.222082
554,2021-12-19,Granada,Mallorca,4,1,H,2.5,3.0,3.1,2.57,3.04,3.3,0.4,0.3333,0.3226,1.0559,0,2021/2022,12,2021,football-data.co.uk,2026-05-22 12:09:26.222082
555,2021-12-19,Real Madrid,Cadiz,0,0,D,1.2,7.5,11.0,1.24,6.82,12.54,0.8333,0.1333,0.0909,1.0576,0,2021/2022,12,2021,football-data.co.uk,2026-05-22 12:09:26.222082
556,2021-12-20,Levante,Valencia,3,4,A,2.7,3.2,2.75,2.79,3.38,2.72,0.3704,0.3125,0.3636,1.0465,0,2021/2022,12,2021,football-data.co.uk,2026-05-22 12:09:26.222082
557,2021-12-21,Sevilla,Barcelona,1,1,D,2.5,3.2,2.9,2.61,3.29,2.98,0.4,0.3125,0.3448,1.0573,0,2021/2022,12,2021,football-data.co.uk,2026-05-22 12:09:26.222082
558,2021-12-21,Villarreal,Alaves,5,2,H,1.33,5.0,9.5,1.37,5.34,9.3,0.7519,0.2,0.1053,1.0571,0,2021/2022,12,2021,football-data.co.uk,2026-05-22 12:09:26.222082
559,2021-12-22,Ath Bilbao,Real Madrid,1,2,A,3.4,3.5,2.1,3.49,3.59,2.19,0.2941,0.2857,0.4762,1.056,0,2021/2022,12,2021,football-data.co.uk,2026-05-22 12:09:26.222082
560,2021-12-22,Granada,Ath Madrid,2,1,H,6.0,3.7,1.61,6.81,3.82,1.62,0.1667,0.2703,0.6211,1.0581,0,2021/2022,12,2021,football-data.co.uk,2026-05-22 12:09:26.222082
561,2021-12-31,Valencia,Espanol,1,2,A,1.8,3.8,4.2,1.81,3.83,4.71,0.5556,0.2632,0.2381,1.0568,0,2021/2022,12,2021,football-data.co.uk,2026-05-22 12:09:26.222082
562,2022-01-02,Alaves,Sociedad,1,1,D,3.5,3.1,2.25,3.58,3.15,2.29,0.2857,0.3226,0.4444,1.0527,0,2021/2022,1,2022,football-data.co.uk,2026-05-22 12:09:26.222082
563,2022-01-02,Ath Madrid,Vallecano,2,0,H,1.36,4.5,9.5,1.38,4.72,9.96,0.7353,0.2222,0.1053,1.0628,0,2021/2022,1,2022,football-data.co.uk,2026-05-22 12:09:26.222082
564,2022-01-02,Betis,Celta,0,2,A,1.72,3.75,4.75,1.79,3.71,4.83,0.5814,0.2667,0.2105,1.0586,0,2021/2022,1,2022,football-data.co.uk,2026-05-22 12:09:26.222082
565,2022-01-02,Elche,Granada,0,0,D,2.5,3.1,3.0,2.58,3.09,3.12,0.4,0.3226,0.3333,1.0559,0,2021/2022,1,2022,football-data.co.uk,2026-05-22 12:09:26.222082
566,2022-01-02,Getafe,Real Madrid,1,0,H,5.5,3.75,1.65,5.88,3.71,1.68,0.1818,0.2667,0.6061,1.0545,0,2021/2022,1,2022,football-data.co.uk,2026-05-22 12:09:26.222082
567,2022-01-02,Mallorca,Barcelona,0,1,A,3.4,3.4,2.15,3.7,3.33,2.16,0.2941,0.2941,0.4651,1.0534,0,2021/2022,1,2022,football-data.co.uk,2026-05-22 12:09:26.222082
568,2022-01-03,Cadiz,Sevilla,0,1,A,4.75,3.3,1.85,5.06,3.32,1.86,0.2105,0.303,0.5405,1.0541,0,2021/2022,1,2022,football-data.co.uk,2026-05-22 12:09:26.222082
569,2022-01-03,Osasuna,Ath Bilbao,1,3,A,3.1,3.0,2.5,3.24,2.96,2.59,0.3226,0.3333,0.4,1.0559,0,2021/2022,1,2022,football-data.co.uk,2026-05-22 12:09:26.222082
570,2022-01-03,Villarreal,Levante,5,0,H,1.4,5.0,7.0,1.44,5.02,6.97,0.7143,0.2,0.1429,1.0571,0,2021/2022,1,2022,football-data.co.uk,2026-05-22 12:09:26.222082
571,2022-01-08,Granada,Barcelona,1,1,D,4.5,3.8,1.75,4.64,3.77,1.8,0.2222,0.2632,0.5714,1.0568,0,2021/2022,1,2022,football-data.co.uk,2026-05-22 12:09:26.222082
572,2022-01-08,Levante,Mallorca,2,0,H,2.2,3.25,3.4,2.22,3.3,3.58,0.4545,0.3077,0.2941,1.0564,0,2021/2022,1,2022,football-data.co.uk,2026-05-22 12:09:26.222082
573,2022-01-08,Real Madrid,Valencia,4,1,H,1.37,5.0,8.0,1.35,5.35,9.07,0.7299,0.2,0.125,1.0549,0,2021/2022,1,2022,football-data.co.uk,2026-05-22 12:09:26.222082
574,2022-01-08,Sociedad,Celta,1,0,H,1.83,3.3,4.75,1.88,3.43,4.68,0.5464,0.303,0.2105,1.06,0,2021/2022,1,2022,football-data.co.uk,2026-05-22 12:09:26.222082
575,2022-01-09,Alaves,Ath Bilbao,0,0,D,4.0,3.3,1.95,3.96,3.42,2.04,0.25,0.303,0.5128,1.0659,0,2021/2022,1,2022,football-data.co.uk,2026-05-22 12:09:26.222082
576,2022-01-09,Osasuna,Cadiz,2,0,H,1.75,3.3,5.75,1.75,3.3,6.13,0.5714,0.303,0.1739,1.0484,0,2021/2022,1,2022,football-data.co.uk,2026-05-22 12:09:26.222082
577,2022-01-09,Sevilla,Getafe,1,0,H,1.61,3.4,7.5,1.57,3.72,7.56,0.6211,0.2941,0.1333,1.0486,0,2021/2022,1,2022,football-data.co.uk,2026-05-22 12:09:26.222082
578,2022-01-09,Vallecano,Betis,1,1,D,2.5,3.4,2.8,2.57,3.51,2.79,0.4,0.2941,0.3571,1.0513,0,2021/2022,1,2022,football-data.co.uk,2026-05-22 12:09:26.222082
579,2022-01-09,Villarreal,Ath Madrid,2,2,D,2.8,3.2,2.62,2.87,3.2,2.69,0.3571,0.3125,0.3817,1.0513,0,2021/2022,1,2022,football-data.co.uk,2026-05-22 12:09:26.222082
580,2022-01-10,Espanol,Elche,1,2,A,1.9,3.25,4.5,1.88,3.31,4.97,0.5263,0.3077,0.2222,1.0562,0,2021/2022,1,2022,football-data.co.uk,2026-05-22 12:09:26.222082
581,2022-01-16,Elche,Villarreal,1,0,H,4.5,3.6,1.8,4.95,3.79,1.75,0.2222,0.2778,0.5556,1.0556,0,2021/2022,1,2022,football-data.co.uk,2026-05-22 12:09:26.222082
582,2022-01-18,Betis,Alaves,4,0,H,1.45,4.33,7.0,1.48,4.47,7.18,0.6897,0.2309,0.1429,1.0635,0,2021/2022,1,2022,football-data.co.uk,2026-05-22 12:09:26.222082
583,2022-01-18,Cadiz,Espanol,2,2,D,3.25,3.1,2.37,3.27,3.13,2.45,0.3077,0.3226,0.4219,1.0522,0,2021/2022,1,2022,football-data.co.uk,2026-05-22 12:09:26.222082
584,2022-01-19,Celta,Osasuna,2,0,H,1.85,3.5,4.33,1.88,3.42,4.75,0.5405,0.2857,0.2309,1.0572,0,2021/2022,1,2022,football-data.co.uk,2026-05-22 12:09:26.222082
585,2022-01-19,Valencia,Sevilla,1,1,D,3.3,3.25,2.25,3.23,3.17,2.45,0.303,0.3077,0.4444,1.0552,0,2021/2022,1,2022,football-data.co.uk,2026-05-22 12:09:26.222082
586,2022-01-20,Getafe,Granada,4,2,H,2.1,3.2,3.8,2.13,3.15,4.04,0.4762,0.3125,0.2632,1.0518,0,2021/2022,1,2022,football-data.co.uk,2026-05-22 12:09:26.222082
587,2022-01-21,Espanol,Betis,1,4,A,3.25,3.25,2.25,3.21,3.38,2.35,0.3077,0.3077,0.4444,1.0598,0,2021/2022,1,2022,football-data.co.uk,2026-05-22 12:09:26.222082
588,2022-01-22,Ath Madrid,Valencia,3,2,H,1.44,4.2,8.5,1.47,4.28,8.02,0.6944,0.2381,0.1176,1.0502,0,2021/2022,1,2022,football-data.co.uk,2026-05-22 12:09:26.222082
589,2022-01-22,Levante,Cadiz,0,2,A,1.8,3.5,5.0,1.76,3.77,4.93,0.5556,0.2857,0.2,1.0413,0,2021/2022,1,2022,football-data.co.uk,2026-05-22 12:09:26.222082
590,2022-01-22,Sevilla,Celta,2,2,D,1.75,3.5,5.25,1.79,3.58,5.05,0.5714,0.2857,0.1905,1.0476,0,2021/2022,1,2022,football-data.co.uk,2026-05-22 12:09:26.222082
591,2022-01-22,Villarreal,Mallorca,3,0,H,1.44,4.33,8.0,1.41,4.84,8.29,0.6944,0.2309,0.125,1.0504,0,2021/2022,1,2022,football-data.co.uk,2026-05-22 12:09:26.222082
592,2022-01-23,Alaves,Barcelona,0,1,A,6.0,4.0,1.57,5.85,4.46,1.56,0.1667,0.25,0.6369,1.0536,0,2021/2022,1,2022,football-data.co.uk,2026-05-22 12:09:26.222082
593,2022-01-23,Granada,Osasuna,0,2,A,2.5,3.2,3.0,2.62,3.0,3.14,0.4,0.3125,0.3333,1.0458,0,2021/2022,1,2022,football-data.co.uk,2026-05-22 12:09:26.222082
594,2022-01-23,Real Madrid,Elche,2,2,D,1.16,8.0,15.0,1.15,8.12,21.4,0.8621,0.125,0.0667,1.0537,0,2021/2022,1,2022,football-data.co.uk,2026-05-22 12:09:26.222082
595,2022-01-23,Sociedad,Getafe,0,0,D,1.66,3.5,6.0,1.66,3.42,7.07,0.6024,0.2857,0.1667,1.0548,0,2021/2022,1,2022,football-data.co.uk,2026-05-22 12:09:26.222082
596,2022-01-23,Vallecano,Ath Bilbao,0,1,A,2.75,3.0,2.8,2.96,2.8,2.96,0.3636,0.3333,0.3571,1.0541,0,2021/2022,1,2022,football-data.co.uk,2026-05-22 12:09:26.222082
597,2022-02-04,Getafe,Levante,3,0,H,1.95,3.1,4.5,2.08,3.11,4.52,0.5128,0.3226,0.2222,1.0576,0,2021/2022,2,2022,football-data.co.uk,2026-05-22 12:09:26.222082
598,2022-02-05,Celta,Vallecano,2,0,H,1.9,3.4,4.33,2.0,3.28,4.34,0.5263,0.2941,0.2309,1.0514,0,2021/2022,2,2022,football-data.co.uk,2026-05-22 12:09:26.222082
599,2022-02-05,Elche,Alaves,3,1,H,2.37,3.1,3.3,2.49,2.98,3.39,0.4219,0.3226,0.303,1.0476,0,2021/2022,2,2022,football-data.co.uk,2026-05-22 12:09:26.222082
600,2022-02-05,Mallorca,Cadiz,2,1,H,1.83,3.4,4.6,1.81,3.4,5.28,0.5464,0.2941,0.2174,1.058,0,2021/2022,2,2022,football-data.co.uk,2026-05-22 12:09:26.222082
601,2022-02-05,Osasuna,Sevilla,0,0,D,3.6,3.2,2.15,3.66,3.04,2.32,0.2778,0.3125,0.4651,1.0554,0,2021/2022,2,2022,football-data.co.uk,2026-05-22 12:09:26.222082
602,2022-02-06,Barcelona,Ath Madrid,4,2,H,2.25,3.4,3.2,2.36,3.35,3.22,0.4444,0.2941,0.3125,1.0511,0,2021/2022,2,2022,football-data.co.uk,2026-05-22 12:09:26.222082
603,2022-02-06,Betis,Villarreal,0,2,A,2.37,3.5,2.9,2.46,3.57,2.88,0.4219,0.2857,0.3448,1.0525,0,2021/2022,2,2022,football-data.co.uk,2026-05-22 12:09:26.222082
604,2022-02-06,Real Madrid,Granada,1,0,H,1.25,6.0,11.0,1.24,6.39,12.64,0.8,0.1667,0.0909,1.0576,0,2021/2022,2,2022,football-data.co.uk,2026-05-22 12:09:26.222082
605,2022-02-06,Valencia,Sociedad,0,0,D,2.87,3.2,2.6,2.93,3.27,2.59,0.3484,0.3125,0.3846,1.0455,0,2021/2022,2,2022,football-data.co.uk,2026-05-22 12:09:26.222082
606,2022-02-07,Ath Bilbao,Espanol,2,1,H,1.6,3.8,6.0,1.64,3.73,6.28,0.625,0.2632,0.1667,1.0548,0,2021/2022,2,2022,football-data.co.uk,2026-05-22 12:09:26.222082
607,2022-02-11,Sevilla,Elche,2,0,H,1.45,4.33,7.5,1.46,4.41,8.95,0.6897,0.2309,0.1333,1.0539,0,2021/2022,2,2022,football-data.co.uk,2026-05-22 12:09:26.222082
608,2022-02-12,Ath Madrid,Getafe,4,3,H,1.45,4.2,8.0,1.45,4.31,9.71,0.6897,0.2381,0.125,1.0528,0,2021/2022,2,2022,football-data.co.uk,2026-05-22 12:09:26.222082
609,2022-02-12,Cadiz,Celta,0,0,D,3.8,3.4,2.05,4.12,3.35,2.08,0.2632,0.2941,0.4878,1.0451,0,2021/2022,2,2022,football-data.co.uk,2026-05-22 12:09:26.222082
610,2022-02-12,Vallecano,Osasuna,0,3,A,2.15,3.25,3.5,2.22,3.22,3.81,0.4651,0.3077,0.2857,1.0585,0,2021/2022,2,2022,football-data.co.uk,2026-05-22 12:09:26.222082
611,2022-02-12,Villarreal,Real Madrid,0,0,D,2.5,3.5,2.7,2.66,3.55,2.74,0.4,0.2857,0.3704,1.0561,0,2021/2022,2,2022,football-data.co.uk,2026-05-22 12:09:26.222082
612,2022-02-13,Alaves,Valencia,2,1,H,2.8,3.2,2.6,2.92,3.33,2.64,0.3571,0.3125,0.3846,1.0543,0,2021/2022,2,2022,football-data.co.uk,2026-05-22 12:09:26.222082
613,2022-02-13,Espanol,Barcelona,2,2,D,5.0,3.6,1.75,4.86,3.97,1.76,0.2,0.2778,0.5714,1.0492,0,2021/2022,2,2022,football-data.co.uk,2026-05-22 12:09:26.222082
614,2022-02-13,Levante,Betis,2,4,A,3.4,3.6,2.1,3.39,3.87,2.13,0.2941,0.2778,0.4762,1.0481,0,2021/2022,2,2022,football-data.co.uk,2026-05-22 12:09:26.222082
615,2022-02-13,Sociedad,Granada,2,0,H,1.4,4.5,9.0,1.41,4.88,8.84,0.7143,0.2222,0.1111,1.0476,0,2021/2022,2,2022,football-data.co.uk,2026-05-22 12:09:26.222082
616,2022-02-14,Mallorca,Ath Bilbao,3,2,H,3.4,3.1,2.3,3.46,3.21,2.38,0.2941,0.3226,0.4348,1.0515,0,2021/2022,2,2022,football-data.co.uk,2026-05-22 12:09:26.222082
617,2022-02-16,Ath Madrid,Levante,0,1,A,1.33,5.25,9.0,1.32,5.48,11.51,0.7519,0.1905,0.1111,1.0535,0,2021/2022,2,2022,football-data.co.uk,2026-05-22 12:09:26.222082
618,2022-02-18,Elche,Vallecano,2,1,H,3.0,3.0,2.62,3.15,2.94,2.74,0.3333,0.3333,0.3817,1.0483,0,2021/2022,2,2022,football-data.co.uk,2026-05-22 12:09:26.222082
619,2022-02-19,Cadiz,Getafe,1,1,D,3.2,2.9,2.55,3.32,2.95,2.62,0.3125,0.3448,0.3922,1.0495,0,2021/2022,2,2022,football-data.co.uk,2026-05-22 12:09:26.222082
620,2022-02-19,Granada,Villarreal,1,4,A,4.0,3.4,1.95,4.32,3.57,1.95,0.25,0.2941,0.5128,1.0569,0,2021/2022,2,2022,football-data.co.uk,2026-05-22 12:09:26.222082
621,2022-02-19,Osasuna,Ath Madrid,0,3,A,3.9,3.25,2.05,3.97,3.36,2.11,0.2564,0.3077,0.4878,1.0519,0,2021/2022,2,2022,football-data.co.uk,2026-05-22 12:09:26.222082
622,2022-02-19,Real Madrid,Alaves,3,0,H,1.22,6.5,12.0,1.21,6.85,16.62,0.8197,0.1538,0.0833,1.0569,0,2021/2022,2,2022,football-data.co.uk,2026-05-22 12:09:26.222082
623,2022-02-20,Ath Bilbao,Sociedad,4,0,H,2.37,3.0,3.4,2.52,2.89,3.59,0.4219,0.3333,0.2941,1.0494,0,2021/2022,2,2022,football-data.co.uk,2026-05-22 12:09:26.222082
624,2022-02-20,Betis,Mallorca,2,1,H,1.6,4.0,5.75,1.56,4.17,6.81,0.625,0.25,0.1739,1.0489,0,2021/2022,2,2022,football-data.co.uk,2026-05-22 12:09:26.222082
625,2022-02-20,Espanol,Sevilla,1,1,D,3.4,3.3,2.2,3.67,3.27,2.25,0.2941,0.303,0.4545,1.0517,0,2021/2022,2,2022,football-data.co.uk,2026-05-22 12:09:26.222082
626,2022-02-20,Valencia,Barcelona,1,4,A,3.6,3.5,2.05,3.76,3.86,2.01,0.2778,0.2857,0.4878,1.0513,0,2021/2022,2,2022,football-data.co.uk,2026-05-22 12:09:26.222082
627,2022-02-21,Celta,Levante,1,1,D,1.6,3.8,6.0,1.63,4.35,5.47,0.625,0.2632,0.1667,1.0548,0,2021/2022,2,2022,football-data.co.uk,2026-05-22 12:09:26.222082
628,2022-02-25,Levante,Elche,3,0,H,2.05,3.4,3.75,2.11,3.28,4.1,0.4878,0.2941,0.2667,1.0486,0,2021/2022,2,2022,football-data.co.uk,2026-05-22 12:09:26.222082
629,2022-02-26,Ath Madrid,Celta,2,0,H,1.61,3.8,6.0,1.65,3.85,6.34,0.6211,0.2632,0.1667,1.0509,0,2021/2022,2,2022,football-data.co.uk,2026-05-22 12:09:26.222082
630,2022-02-26,Getafe,Alaves,2,2,D,1.95,3.0,4.75,1.95,3.14,5.2,0.5128,0.3333,0.2105,1.0567,0,2021/2022,2,2022,football-data.co.uk,2026-05-22 12:09:26.222082
631,2022-02-26,Mallorca,Valencia,0,1,A,2.4,3.1,3.1,2.48,3.17,3.29,0.4167,0.3226,0.3226,1.0618,0,2021/2022,2,2022,football-data.co.uk,2026-05-22 12:09:26.222082
632,2022-02-26,Vallecano,Real Madrid,0,1,A,5.0,3.8,1.66,5.33,4.21,1.67,0.2,0.2632,0.6024,1.0656,0,2021/2022,2,2022,football-data.co.uk,2026-05-22 12:09:26.222082
633,2022-02-27,Barcelona,Ath Bilbao,4,0,H,1.6,4.2,5.25,1.57,4.31,6.36,0.625,0.2381,0.1905,1.0536,0,2021/2022,2,2022,football-data.co.uk,2026-05-22 12:09:26.222082
634,2022-02-27,Sevilla,Betis,2,1,H,2.2,3.25,3.5,2.29,3.22,3.63,0.4545,0.3077,0.2857,1.048,0,2021/2022,2,2022,football-data.co.uk,2026-05-22 12:09:26.222082
635,2022-02-27,Sociedad,Osasuna,1,0,H,1.85,3.4,4.75,1.91,3.27,5.14,0.5405,0.2941,0.2105,1.0452,0,2021/2022,2,2022,football-data.co.uk,2026-05-22 12:09:26.222082
636,2022-02-27,Villarreal,Espanol,5,1,H,1.5,4.2,7.0,1.5,4.4,7.65,0.6667,0.2381,0.1429,1.0476,0,2021/2022,2,2022,football-data.co.uk,2026-05-22 12:09:26.222082
637,2022-02-28,Granada,Cadiz,0,0,D,2.0,3.3,4.0,2.02,3.4,4.27,0.5,0.303,0.25,1.053,0,2021/2022,2,2022,football-data.co.uk,2026-05-22 12:09:26.222082
638,2022-03-02,Mallorca,Sociedad,0,2,A,3.4,3.2,2.25,3.61,3.22,2.3,0.2941,0.3125,0.4444,1.0511,0,2021/2022,3,2022,football-data.co.uk,2026-05-22 12:09:26.222082
639,2022-03-04,Alaves,Sevilla,0,0,D,4.5,3.1,1.95,4.74,3.14,2.02,0.2222,0.3226,0.5128,1.0576,0,2021/2022,3,2022,football-data.co.uk,2026-05-22 12:09:26.222082
640,2022-03-05,Espanol,Getafe,2,0,H,2.15,3.0,3.6,2.31,3.09,3.75,0.4651,0.3333,0.2778,1.0762,0,2021/2022,3,2022,football-data.co.uk,2026-05-22 12:09:26.222082
641,2022-03-05,Osasuna,Villarreal,1,0,H,3.5,3.4,2.1,3.77,3.41,2.15,0.2857,0.2941,0.4762,1.056,0,2021/2022,3,2022,football-data.co.uk,2026-05-22 12:09:26.222082
642,2022-03-05,Real Madrid,Sociedad,4,1,H,1.6,4.2,5.25,1.64,4.21,5.65,0.625,0.2381,0.1905,1.0536,0,2021/2022,3,2022,football-data.co.uk,2026-05-22 12:09:26.222082
643,2022-03-05,Valencia,Granada,3,1,H,1.75,3.6,4.5,1.79,3.79,4.92,0.5714,0.2778,0.2222,1.0714,0,2021/2022,3,2022,football-data.co.uk,2026-05-22 12:09:26.222082
644,2022-03-06,Betis,Ath Madrid,1,3,A,3.0,3.2,2.37,3.28,3.25,2.44,0.3333,0.3125,0.4219,1.0678,0,2021/2022,3,2022,football-data.co.uk,2026-05-22 12:09:26.222082
645,2022-03-06,Cadiz,Vallecano,2,0,H,2.7,3.1,2.7,2.93,3.06,2.82,0.3704,0.3226,0.3704,1.0633,0,2021/2022,3,2022,football-data.co.uk,2026-05-22 12:09:26.222082
646,2022-03-06,Celta,Mallorca,4,3,H,1.75,3.4,5.25,1.76,3.51,5.82,0.5714,0.2941,0.1905,1.056,0,2021/2022,3,2022,football-data.co.uk,2026-05-22 12:09:26.222082
647,2022-03-06,Elche,Barcelona,1,2,A,7.5,4.33,1.4,8.27,4.81,1.43,0.1333,0.2309,0.7143,1.0786,0,2021/2022,3,2022,football-data.co.uk,2026-05-22 12:09:26.222082
648,2022-03-07,Ath Bilbao,Levante,3,1,H,1.57,4.0,5.5,1.58,4.19,6.53,0.6369,0.25,0.1818,1.0688,0,2021/2022,3,2022,football-data.co.uk,2026-05-22 12:09:26.222082
649,2022-03-11,Ath Madrid,Cadiz,2,1,H,1.36,4.6,9.5,1.39,4.62,11.13,0.7353,0.2174,0.1053,1.0579,0,2021/2022,3,2022,football-data.co.uk,2026-05-22 12:09:26.222082
650,2022-03-12,Getafe,Valencia,0,0,D,2.37,3.2,3.2,2.43,3.1,3.47,0.4219,0.3125,0.3125,1.0469,0,2021/2022,3,2022,football-data.co.uk,2026-05-22 12:09:26.222082
651,2022-03-12,Granada,Elche,0,1,A,2.25,3.2,3.4,2.33,3.21,3.56,0.4444,0.3125,0.2941,1.0511,0,2021/2022,3,2022,football-data.co.uk,2026-05-22 12:09:26.222082
652,2022-03-12,Levante,Espanol,1,1,D,2.3,3.3,3.2,2.36,3.5,3.2,0.4348,0.303,0.3125,1.0503,0,2021/2022,3,2022,football-data.co.uk,2026-05-22 12:09:26.222082
653,2022-03-12,Villarreal,Celta,1,0,H,1.65,4.2,4.75,1.68,4.25,5.18,0.6061,0.2381,0.2105,1.0547,0,2021/2022,3,2022,football-data.co.uk,2026-05-22 12:09:26.222082
654,2022-03-13,Barcelona,Osasuna,4,0,H,1.33,4.75,10.0,1.35,5.37,10.09,0.7519,0.2105,0.1,1.0624,0,2021/2022,3,2022,football-data.co.uk,2026-05-22 12:09:26.222082
655,2022-03-13,Betis,Ath Bilbao,1,0,H,2.3,3.3,3.2,2.47,3.21,3.28,0.4348,0.303,0.3125,1.0503,0,2021/2022,3,2022,football-data.co.uk,2026-05-22 12:09:26.222082
656,2022-03-13,Sociedad,Alaves,1,0,H,1.53,4.0,7.0,1.52,4.23,7.68,0.6536,0.25,0.1429,1.0465,0,2021/2022,3,2022,football-data.co.uk,2026-05-22 12:09:26.222082
657,2022-03-13,Vallecano,Sevilla,1,1,D,3.4,3.1,2.3,3.44,3.23,2.37,0.2941,0.3226,0.4348,1.0515,0,2021/2022,3,2022,football-data.co.uk,2026-05-22 12:09:26.222082
658,2022-03-14,Mallorca,Real Madrid,0,3,A,6.0,4.0,1.57,6.3,4.39,1.56,0.1667,0.25,0.6369,1.0536,0,2021/2022,3,2022,football-data.co.uk,2026-05-22 12:09:26.222082
659,2022-03-18,Ath Bilbao,Getafe,1,1,D,1.72,3.2,6.0,1.76,3.28,6.56,0.5814,0.3125,0.1667,1.0606,0,2021/2022,3,2022,football-data.co.uk,2026-05-22 12:09:26.222082
660,2022-03-19,Alaves,Granada,2,3,A,2.0,3.3,4.0,2.06,3.32,4.22,0.5,0.303,0.25,1.053,0,2021/2022,3,2022,football-data.co.uk,2026-05-22 12:09:26.222082
661,2022-03-19,Elche,Valencia,0,1,A,2.62,3.25,2.7,2.79,3.18,2.86,0.3817,0.3077,0.3704,1.0597,0,2021/2022,3,2022,football-data.co.uk,2026-05-22 12:09:26.222082
662,2022-03-19,Osasuna,Levante,3,1,H,1.9,3.5,4.2,1.93,3.6,4.41,0.5263,0.2857,0.2381,1.0501,0,2021/2022,3,2022,football-data.co.uk,2026-05-22 12:09:26.222082
663,2022-03-19,Vallecano,Ath Madrid,0,1,A,4.0,3.25,2.0,4.1,3.44,2.05,0.25,0.3077,0.5,1.0577,0,2021/2022,3,2022,football-data.co.uk,2026-05-22 12:09:26.222082
664,2022-03-20,Cadiz,Villarreal,1,0,H,4.75,3.5,1.83,4.94,3.58,1.85,0.2105,0.2857,0.5464,1.0427,0,2021/2022,3,2022,football-data.co.uk,2026-05-22 12:09:26.222082
665,2022-03-20,Celta,Betis,0,0,D,2.2,3.5,3.2,2.22,3.54,3.45,0.4545,0.2857,0.3125,1.0528,0,2021/2022,3,2022,football-data.co.uk,2026-05-22 12:09:26.222082
666,2022-03-20,Espanol,Mallorca,1,0,H,2.05,3.5,3.5,2.15,3.48,3.7,0.4878,0.2857,0.2857,1.0592,0,2021/2022,3,2022,football-data.co.uk,2026-05-22 12:09:26.222082
667,2022-03-20,Real Madrid,Barcelona,0,4,A,2.15,3.6,3.25,2.2,3.73,3.34,0.4651,0.2778,0.3077,1.0506,0,2021/2022,3,2022,football-data.co.uk,2026-05-22 12:09:26.222082
668,2022-03-20,Sevilla,Sociedad,0,0,D,2.05,3.25,3.8,2.16,3.21,4.01,0.4878,0.3077,0.2632,1.0587,0,2021/2022,3,2022,football-data.co.uk,2026-05-22 12:09:26.222082
669,2022-04-02,Ath Madrid,Alaves,4,1,H,1.33,4.8,10.0,1.38,4.76,11.11,0.7519,0.2083,0.1,1.0602,0,2021/2022,4,2022,football-data.co.uk,2026-05-22 12:09:26.222082
670,2022-04-02,Celta,Real Madrid,1,2,A,4.0,3.6,1.9,4.19,3.76,1.93,0.25,0.2778,0.5263,1.0541,0,2021/2022,4,2022,football-data.co.uk,2026-05-22 12:09:26.222082
671,2022-04-02,Getafe,Mallorca,1,0,H,2.15,3.0,4.0,2.22,3.05,4.1,0.4651,0.3333,0.25,1.0484,0,2021/2022,4,2022,football-data.co.uk,2026-05-22 12:09:26.222082
672,2022-04-02,Levante,Villarreal,2,0,H,3.8,3.6,1.95,3.89,3.79,1.99,0.2632,0.2778,0.5128,1.0538,0,2021/2022,4,2022,football-data.co.uk,2026-05-22 12:09:26.222082
673,2022-04-03,Ath Bilbao,Elche,2,1,H,1.45,4.2,7.5,1.49,4.47,7.67,0.6897,0.2381,0.1333,1.0611,0,2021/2022,4,2022,football-data.co.uk,2026-05-22 12:09:26.222082
674,2022-04-03,Barcelona,Sevilla,1,0,H,1.45,4.5,7.0,1.47,4.75,7.34,0.6897,0.2222,0.1429,1.0547,0,2021/2022,4,2022,football-data.co.uk,2026-05-22 12:09:26.222082
675,2022-04-03,Betis,Osasuna,4,1,H,1.9,3.5,4.0,2.0,3.42,4.34,0.5263,0.2857,0.25,1.062,0,2021/2022,4,2022,football-data.co.uk,2026-05-22 12:09:26.222082
676,2022-04-03,Granada,Vallecano,2,2,D,2.6,3.1,2.9,2.71,3.15,2.99,0.3846,0.3226,0.3448,1.052,0,2021/2022,4,2022,football-data.co.uk,2026-05-22 12:09:26.222082
677,2022-04-03,Valencia,Cadiz,0,0,D,1.85,3.3,4.75,1.92,3.36,4.88,0.5405,0.303,0.2105,1.0541,0,2021/2022,4,2022,football-data.co.uk,2026-05-22 12:09:26.222082
678,2022-04-04,Sociedad,Espanol,1,0,H,1.6,4.0,5.75,1.58,4.32,6.16,0.625,0.25,0.1739,1.0489,0,2021/2022,4,2022,football-data.co.uk,2026-05-22 12:09:26.222082
679,2022-04-08,Sevilla,Granada,4,2,H,1.5,4.33,7.0,1.48,4.4,8.07,0.6667,0.2309,0.1429,1.0405,0,2021/2022,4,2022,football-data.co.uk,2026-05-22 12:09:26.222082
680,2022-04-09,Cadiz,Betis,1,2,A,3.4,3.2,2.25,3.58,3.25,2.3,0.2941,0.3125,0.4444,1.0511,0,2021/2022,4,2022,football-data.co.uk,2026-05-22 12:09:26.222082
681,2022-04-09,Mallorca,Ath Madrid,1,0,H,4.0,3.4,1.95,4.51,3.42,1.96,0.25,0.2941,0.5128,1.0569,0,2021/2022,4,2022,football-data.co.uk,2026-05-22 12:09:26.222082
682,2022-04-09,Real Madrid,Getafe,2,0,H,1.4,4.5,8.5,1.41,4.75,9.55,0.7143,0.2222,0.1176,1.0542,0,2021/2022,4,2022,football-data.co.uk,2026-05-22 12:09:26.222082
683,2022-04-09,Villarreal,Ath Bilbao,1,1,D,2.3,3.4,3.1,2.39,3.33,3.29,0.4348,0.2941,0.3226,1.0515,0,2021/2022,4,2022,football-data.co.uk,2026-05-22 12:09:26.222082
684,2022-04-10,Elche,Sociedad,1,2,A,3.9,3.4,2.0,3.93,3.58,2.05,0.2564,0.2941,0.5,1.0505,0,2021/2022,4,2022,football-data.co.uk,2026-05-22 12:09:26.222082
685,2022-04-10,Espanol,Celta,1,0,H,2.75,3.2,2.7,2.92,3.14,2.77,0.3636,0.3125,0.3704,1.0465,0,2021/2022,4,2022,football-data.co.uk,2026-05-22 12:09:26.222082
686,2022-04-10,Levante,Barcelona,2,3,A,6.0,5.0,1.45,6.99,5.05,1.46,0.1667,0.2,0.6897,1.0563,0,2021/2022,4,2022,football-data.co.uk,2026-05-22 12:09:26.222082
687,2022-04-10,Osasuna,Alaves,1,0,H,1.95,3.3,4.33,1.99,3.28,4.62,0.5128,0.303,0.2309,1.0468,0,2021/2022,4,2022,football-data.co.uk,2026-05-22 12:09:26.222082
688,2022-04-11,Vallecano,Valencia,1,1,D,2.2,3.3,3.3,2.26,3.33,3.59,0.4545,0.303,0.303,1.0606,0,2021/2022,4,2022,football-data.co.uk,2026-05-22 12:09:26.222082
689,2022-04-15,Sociedad,Betis,0,0,D,2.1,3.5,3.4,2.17,3.55,3.57,0.4762,0.2857,0.2941,1.056,0,2021/2022,4,2022,football-data.co.uk,2026-05-22 12:09:26.222082
690,2022-04-16,Alaves,Vallecano,1,0,H,2.7,3.1,2.8,2.78,3.21,2.85,0.3704,0.3226,0.3571,1.0501,0,2021/2022,4,2022,football-data.co.uk,2026-05-22 12:09:26.222082
691,2022-04-16,Elche,Mallorca,3,0,H,2.7,3.0,2.9,2.77,3.06,3.0,0.3704,0.3333,0.3448,1.0485,0,2021/2022,4,2022,football-data.co.uk,2026-05-22 12:09:26.222082
692,2022-04-16,Getafe,Villarreal,1,2,A,3.1,3.1,2.5,3.21,3.13,2.56,0.3226,0.3226,0.4,1.0452,0,2021/2022,4,2022,football-data.co.uk,2026-05-22 12:09:26.222082
693,2022-04-16,Valencia,Osasuna,1,2,A,2.15,3.2,3.7,2.18,3.3,3.83,0.4651,0.3125,0.2703,1.0479,0,2021/2022,4,2022,football-data.co.uk,2026-05-22 12:09:26.222082
694,2022-04-17,Ath Bilbao,Celta,0,2,A,1.75,3.6,5.0,1.85,3.67,4.78,0.5714,0.2778,0.2,1.0492,0,2021/2022,4,2022,football-data.co.uk,2026-05-22 12:09:26.222082
695,2022-04-17,Ath Madrid,Espanol,2,1,H,1.4,4.5,8.5,1.44,4.68,8.65,0.7143,0.2222,0.1176,1.0542,0,2021/2022,4,2022,football-data.co.uk,2026-05-22 12:09:26.222082
696,2022-04-17,Granada,Levante,1,4,A,2.37,3.4,3.0,2.4,3.65,3.02,0.4219,0.2941,0.3333,1.0494,0,2021/2022,4,2022,football-data.co.uk,2026-05-22 12:09:26.222082
697,2022-04-17,Sevilla,Real Madrid,2,3,A,3.0,3.4,2.4,3.01,3.48,2.49,0.3333,0.2941,0.4167,1.0441,0,2021/2022,4,2022,football-data.co.uk,2026-05-22 12:09:26.222082
698,2022-04-18,Barcelona,Cadiz,0,1,A,1.2,6.5,15.0,1.23,6.78,14.85,0.8333,0.1538,0.0667,1.0538,0,2021/2022,4,2022,football-data.co.uk,2026-05-22 12:09:26.222082
699,2022-04-19,Betis,Elche,0,1,A,1.55,4.0,6.0,1.55,4.35,6.75,0.6452,0.25,0.1667,1.0618,0,2021/2022,4,2022,football-data.co.uk,2026-05-22 12:09:26.222082
700,2022-04-19,Mallorca,Alaves,2,1,H,1.95,3.3,4.2,2.0,3.28,4.55,0.5128,0.303,0.2381,1.0539,0,2021/2022,4,2022,football-data.co.uk,2026-05-22 12:09:26.222082
701,2022-04-19,Villarreal,Valencia,2,0,H,1.44,4.75,6.5,1.45,4.91,7.61,0.6944,0.2105,0.1538,1.0588,0,2021/2022,4,2022,football-data.co.uk,2026-05-22 12:09:26.222082
702,2022-04-20,Ath Madrid,Granada,0,0,D,1.3,5.25,10.0,1.31,5.71,11.41,0.7692,0.1905,0.1,1.0597,0,2021/2022,4,2022,football-data.co.uk,2026-05-22 12:09:26.222082
703,2022-04-20,Celta,Getafe,0,2,A,2.15,3.1,3.75,2.24,3.12,3.93,0.4651,0.3226,0.2667,1.0544,0,2021/2022,4,2022,football-data.co.uk,2026-05-22 12:09:26.222082
704,2022-04-20,Osasuna,Real Madrid,1,3,A,5.0,3.75,1.66,5.67,3.9,1.69,0.2,0.2667,0.6024,1.0691,0,2021/2022,4,2022,football-data.co.uk,2026-05-22 12:09:26.222082
705,2022-04-21,Cadiz,Ath Bilbao,2,3,A,3.4,3.0,2.3,3.57,3.13,2.37,0.2941,0.3333,0.4348,1.0622,0,2021/2022,4,2022,football-data.co.uk,2026-05-22 12:09:26.222082
706,2022-04-21,Espanol,Vallecano,0,1,A,2.37,3.2,3.1,2.5,3.2,3.23,0.4219,0.3125,0.3226,1.057,0,2021/2022,4,2022,football-data.co.uk,2026-05-22 12:09:26.222082
707,2022-04-21,Levante,Sevilla,2,3,A,3.5,3.5,2.1,3.53,3.54,2.19,0.2857,0.2857,0.4762,1.0476,0,2021/2022,4,2022,football-data.co.uk,2026-05-22 12:09:26.222082
708,2022-04-21,Sociedad,Barcelona,0,1,A,3.5,3.5,2.1,3.48,3.7,2.15,0.2857,0.2857,0.4762,1.0476,0,2021/2022,4,2022,football-data.co.uk,2026-05-22 12:09:26.222082
709,2022-04-24,Barcelona,Vallecano,0,1,A,1.3,5.5,10.0,1.33,5.56,10.84,0.7692,0.1818,0.1,1.051,0,2021/2022,4,2022,football-data.co.uk,2026-05-22 12:09:26.222082
710,2022-04-29,Sevilla,Cadiz,1,1,D,1.65,3.5,6.0,1.65,3.77,6.57,0.6061,0.2857,0.1667,1.0584,0,2021/2022,4,2022,football-data.co.uk,2026-05-22 12:09:26.222082
711,2022-04-30,Alaves,Villarreal,2,1,H,3.4,3.5,2.1,3.56,3.45,2.21,0.2941,0.2857,0.4762,1.056,0,2021/2022,4,2022,football-data.co.uk,2026-05-22 12:09:26.222082
712,2022-04-30,Ath Bilbao,Ath Madrid,2,0,H,3.0,3.0,2.55,3.08,3.14,2.64,0.3333,0.3333,0.3922,1.0588,0,2021/2022,4,2022,football-data.co.uk,2026-05-22 12:09:26.222082
713,2022-04-30,Real Madrid,Espanol,4,0,H,1.5,4.5,6.0,1.51,4.58,6.99,0.6667,0.2222,0.1667,1.0556,0,2021/2022,4,2022,football-data.co.uk,2026-05-22 12:09:26.222082
714,2022-04-30,Valencia,Levante,1,1,D,2.2,3.5,3.2,2.33,3.6,3.17,0.4545,0.2857,0.3125,1.0528,0,2021/2022,4,2022,football-data.co.uk,2026-05-22 12:09:26.222082
715,2022-05-01,Barcelona,Mallorca,2,1,H,1.3,5.5,9.0,1.32,5.85,10.03,0.7692,0.1818,0.1111,1.0622,0,2021/2022,5,2022,football-data.co.uk,2026-05-22 12:09:26.222082
716,2022-05-01,Elche,Osasuna,1,1,D,2.8,3.2,2.7,2.87,3.19,2.78,0.3571,0.3125,0.3704,1.04,0,2021/2022,5,2022,football-data.co.uk,2026-05-22 12:09:26.222082
717,2022-05-01,Granada,Celta,1,1,D,2.8,3.2,2.62,2.94,3.31,2.63,0.3571,0.3125,0.3817,1.0513,0,2021/2022,5,2022,football-data.co.uk,2026-05-22 12:09:26.222082
718,2022-05-01,Vallecano,Sociedad,1,1,D,3.3,3.1,2.37,3.31,3.27,2.41,0.303,0.3226,0.4219,1.0476,0,2021/2022,5,2022,football-data.co.uk,2026-05-22 12:09:26.222082
719,2022-05-02,Getafe,Betis,0,0,D,2.75,3.1,2.7,2.89,3.17,2.77,0.3636,0.3226,0.3704,1.0566,0,2021/2022,5,2022,football-data.co.uk,2026-05-22 12:09:26.222082
720,2022-05-06,Levante,Sociedad,2,1,H,3.3,3.6,2.1,3.53,3.57,2.18,0.303,0.2778,0.4762,1.057,0,2021/2022,5,2022,football-data.co.uk,2026-05-22 12:09:26.222082
721,2022-05-07,Ath Bilbao,Valencia,0,0,D,1.55,4.0,6.5,1.56,4.27,6.65,0.6452,0.25,0.1538,1.049,0,2021/2022,5,2022,football-data.co.uk,2026-05-22 12:09:26.222082
722,2022-05-07,Betis,Barcelona,1,2,A,3.0,3.6,2.25,3.17,3.83,2.24,0.3333,0.2778,0.4444,1.0556,0,2021/2022,5,2022,football-data.co.uk,2026-05-22 12:09:26.222082
723,2022-05-07,Cadiz,Elche,3,0,H,1.7,3.75,5.0,1.75,3.75,5.38,0.5882,0.2667,0.2,1.0549,0,2021/2022,5,2022,football-data.co.uk,2026-05-22 12:09:26.222082
724,2022-05-07,Celta,Alaves,4,0,H,1.9,3.4,4.33,1.94,3.47,4.55,0.5263,0.2941,0.2309,1.0514,0,2021/2022,5,2022,football-data.co.uk,2026-05-22 12:09:26.222082
725,2022-05-07,Mallorca,Granada,2,6,A,1.95,3.5,4.0,2.05,3.36,4.23,0.5128,0.2857,0.25,1.0485,0,2021/2022,5,2022,football-data.co.uk,2026-05-22 12:09:26.222082
726,2022-05-08,Ath Madrid,Real Madrid,1,0,H,2.1,3.5,3.5,2.14,3.58,3.62,0.4762,0.2857,0.2857,1.0476,0,2021/2022,5,2022,football-data.co.uk,2026-05-22 12:09:26.222082
727,2022-05-08,Espanol,Osasuna,1,1,D,2.3,3.3,3.2,2.39,3.34,3.29,0.4348,0.303,0.3125,1.0503,0,2021/2022,5,2022,football-data.co.uk,2026-05-22 12:09:26.222082
728,2022-05-08,Getafe,Vallecano,0,0,D,2.05,3.1,4.2,2.16,3.04,4.34,0.4878,0.3226,0.2381,1.0485,0,2021/2022,5,2022,football-data.co.uk,2026-05-22 12:09:26.222082
729,2022-05-08,Villarreal,Sevilla,1,1,D,2.3,3.3,3.1,2.42,3.32,3.24,0.4348,0.303,0.3226,1.0604,0,2021/2022,5,2022,football-data.co.uk,2026-05-22 12:09:26.222082
730,2022-05-10,Barcelona,Celta,3,1,H,1.44,5.0,6.0,1.45,5.06,7.17,0.6944,0.2,0.1667,1.0611,0,2021/2022,5,2022,football-data.co.uk,2026-05-22 12:09:26.222082
731,2022-05-10,Granada,Ath Bilbao,1,0,H,3.2,3.3,2.25,3.35,3.42,2.32,0.3125,0.303,0.4444,1.06,0,2021/2022,5,2022,football-data.co.uk,2026-05-22 12:09:26.222082
732,2022-05-10,Valencia,Betis,0,3,A,3.1,3.4,2.2,3.24,3.46,2.36,0.3226,0.2941,0.4545,1.0712,0,2021/2022,5,2022,football-data.co.uk,2026-05-22 12:09:26.222082
733,2022-05-11,Alaves,Espanol,2,1,H,2.1,3.4,3.5,2.16,3.6,3.55,0.4762,0.2941,0.2857,1.056,0,2021/2022,5,2022,football-data.co.uk,2026-05-22 12:09:26.222082
734,2022-05-11,Elche,Ath Madrid,0,2,A,6.0,3.6,1.65,5.92,3.71,1.71,0.1667,0.2778,0.6061,1.0505,0,2021/2022,5,2022,football-data.co.uk,2026-05-22 12:09:26.222082
735,2022-05-11,Osasuna,Getafe,1,1,D,2.7,2.9,3.0,2.79,2.98,3.05,0.3704,0.3448,0.3333,1.0485,0,2021/2022,5,2022,football-data.co.uk,2026-05-22 12:09:26.222082
736,2022-05-11,Sevilla,Mallorca,0,0,D,1.61,4.0,5.5,1.63,3.96,6.24,0.6211,0.25,0.1818,1.0529,0,2021/2022,5,2022,football-data.co.uk,2026-05-22 12:09:26.222082
737,2022-05-12,Real Madrid,Levante,6,0,H,1.45,5.25,5.5,1.52,5.11,5.87,0.6897,0.1905,0.1818,1.0619,0,2021/2022,5,2022,football-data.co.uk,2026-05-22 12:09:26.222082
738,2022-05-12,Sociedad,Cadiz,3,0,H,1.66,3.6,5.5,1.7,3.71,6.0,0.6024,0.2778,0.1818,1.062,0,2021/2022,5,2022,football-data.co.uk,2026-05-22 12:09:26.222082
739,2022-05-12,Vallecano,Villarreal,1,5,A,4.2,3.8,1.8,4.55,3.84,1.84,0.2381,0.2632,0.5556,1.0568,0,2021/2022,5,2022,football-data.co.uk,2026-05-22 12:09:26.222082
740,2022-05-14,Espanol,Valencia,1,1,D,2.5,3.4,2.8,2.58,3.33,2.94,0.4,0.2941,0.3571,1.0513,0,2021/2022,5,2022,football-data.co.uk,2026-05-22 12:09:26.222082
741,2022-05-15,Ath Bilbao,Osasuna,2,0,H,1.53,4.2,6.0,1.55,4.38,6.3,0.6536,0.2381,0.1667,1.0584,0,2021/2022,5,2022,football-data.co.uk,2026-05-22 12:09:26.222082
742,2022-05-15,Ath Madrid,Sevilla,1,1,D,2.25,3.0,3.6,2.36,2.97,3.73,0.4444,0.3333,0.2778,1.0556,0,2021/2022,5,2022,football-data.co.uk,2026-05-22 12:09:26.222082
743,2022-05-15,Betis,Granada,2,0,H,1.5,4.33,6.0,1.53,4.32,6.79,0.6667,0.2309,0.1667,1.0643,0,2021/2022,5,2022,football-data.co.uk,2026-05-22 12:09:26.222082
744,2022-05-15,Cadiz,Real Madrid,1,1,D,3.3,3.3,2.2,3.37,3.46,2.26,0.303,0.303,0.4545,1.0606,0,2021/2022,5,2022,football-data.co.uk,2026-05-22 12:09:26.222082
745,2022-05-15,Celta,Elche,1,0,H,1.65,3.8,5.5,1.63,3.95,6.03,0.6061,0.2632,0.1818,1.051,0,2021/2022,5,2022,football-data.co.uk,2026-05-22 12:09:26.222082
746,2022-05-15,Getafe,Barcelona,0,0,D,3.75,3.25,2.1,3.75,3.22,2.22,0.2667,0.3077,0.4762,1.0505,0,2021/2022,5,2022,football-data.co.uk,2026-05-22 12:09:26.222082
747,2022-05-15,Levante,Alaves,3,1,H,2.8,3.8,2.25,3.04,3.8,2.29,0.3571,0.2632,0.4444,1.0647,0,2021/2022,5,2022,football-data.co.uk,2026-05-22 12:09:26.222082
748,2022-05-15,Mallorca,Vallecano,2,1,H,1.57,3.8,6.5,1.64,3.97,5.88,0.6369,0.2632,0.1538,1.0539,0,2021/2022,5,2022,football-data.co.uk,2026-05-22 12:09:26.222082
749,2022-05-15,Villarreal,Sociedad,1,2,A,2.1,3.6,3.3,2.17,3.74,3.33,0.4762,0.2778,0.303,1.057,0,2021/2022,5,2022,football-data.co.uk,2026-05-22 12:09:26.222082
750,2022-05-20,Real Madrid,Betis,0,0,D,1.65,4.5,4.33,1.72,4.4,4.53,0.6061,0.2222,0.2309,1.0592,0,2021/2022,5,2022,football-data.co.uk,2026-05-22 12:09:26.222082
751,2022-05-20,Vallecano,Levante,2,4,A,1.85,4.0,3.8,1.89,4.07,3.91,0.5405,0.25,0.2632,1.0537,0,2021/2022,5,2022,football-data.co.uk,2026-05-22 12:09:26.222082
752,2022-05-21,Valencia,Celta,2,0,H,2.75,3.3,2.62,2.79,3.33,2.71,0.3636,0.303,0.3817,1.0483,0,2021/2022,5,2022,football-data.co.uk,2026-05-22 12:09:26.222082
753,2022-05-22,Alaves,Cadiz,0,1,A,4.2,3.7,1.83,4.25,3.72,1.91,0.2381,0.2703,0.5464,1.0548,0,2021/2022,5,2022,football-data.co.uk,2026-05-22 12:09:26.222082
754,2022-05-22,Barcelona,Villarreal,0,2,A,2.1,4.0,3.0,2.17,3.98,3.15,0.4762,0.25,0.3333,1.0595,0,2021/2022,5,2022,football-data.co.uk,2026-05-22 12:09:26.222082
755,2022-05-22,Elche,Getafe,3,1,H,3.1,2.87,2.62,3.13,2.93,2.73,0.3226,0.3484,0.3817,1.0527,0,2021/2022,5,2022,football-data.co.uk,2026-05-22 12:09:26.222082
756,2022-05-22,Granada,Espanol,0,0,D,1.44,4.33,7.5,1.45,4.76,7.65,0.6944,0.2309,0.1333,1.0587,0,2021/2022,5,2022,football-data.co.uk,2026-05-22 12:09:26.222082
757,2022-05-22,Osasuna,Mallorca,0,2,A,3.3,3.4,2.2,3.41,3.46,2.24,0.303,0.2941,0.4545,1.0517,0,2021/2022,5,2022,football-data.co.uk,2026-05-22 12:09:26.222082
758,2022-05-22,Sevilla,Ath Bilbao,1,0,H,2.5,3.3,2.87,2.59,3.32,2.94,0.4,0.303,0.3484,1.0515,0,2021/2022,5,2022,football-data.co.uk,2026-05-22 12:09:26.222082
759,2022-05-22,Sociedad,Ath Madrid,1,2,A,2.62,3.3,2.7,2.71,3.31,2.8,0.3817,0.303,0.3704,1.0551,0,2021/2022,5,2022,football-data.co.uk,2026-05-22 12:09:26.222082
760,2022-08-12,Osasuna,Sevilla,2,1,H,3.2,3.1,2.4,3.38,3.1,2.48,0.3125,0.3226,0.4167,1.0517,0,2022/2023,8,2022,football-data.co.uk,2026-05-22 12:09:26.222082
761,2022-08-13,Barcelona,Vallecano,0,0,D,1.22,7.0,12.0,1.22,6.83,15.0,0.8197,0.1429,0.0833,1.0459,0,2022/2023,8,2022,football-data.co.uk,2026-05-22 12:09:26.222082
762,2022-08-13,Celta,Espanol,2,2,D,1.8,3.75,4.75,1.81,3.75,4.87,0.5556,0.2667,0.2105,1.0327,0,2022/2023,8,2022,football-data.co.uk,2026-05-22 12:09:26.222082
763,2022-08-13,Valladolid,Villarreal,0,3,A,3.9,3.6,1.9,4.05,3.78,1.95,0.2564,0.2778,0.5263,1.0605,0,2022/2023,8,2022,football-data.co.uk,2026-05-22 12:09:26.222082
764,2022-08-14,Almeria,Real Madrid,1,2,A,7.5,5.0,1.4,7.38,5.0,1.45,0.1333,0.2,0.7143,1.0476,0,2022/2023,8,2022,football-data.co.uk,2026-05-22 12:09:26.222082
765,2022-08-14,Cadiz,Sociedad,0,1,A,3.6,3.2,2.2,3.62,3.29,2.26,0.2778,0.3125,0.4545,1.0448,0,2022/2023,8,2022,football-data.co.uk,2026-05-22 12:09:26.222082
766,2022-08-14,Valencia,Girona,1,0,H,1.85,3.4,4.5,1.94,3.42,4.65,0.5405,0.2941,0.2222,1.0569,0,2022/2023,8,2022,football-data.co.uk,2026-05-22 12:09:26.222082
767,2022-08-15,Ath Bilbao,Mallorca,0,0,D,1.6,3.75,6.5,1.61,3.94,6.73,0.625,0.2667,0.1538,1.0455,0,2022/2023,8,2022,football-data.co.uk,2026-05-22 12:09:26.222082
768,2022-08-15,Betis,Elche,3,0,H,1.44,4.5,7.0,1.46,4.74,7.71,0.6944,0.2222,0.1429,1.0595,0,2022/2023,8,2022,football-data.co.uk,2026-05-22 12:09:26.222082
769,2022-08-15,Getafe,Ath Madrid,0,3,A,5.0,3.1,1.9,4.99,3.14,1.98,0.2,0.3226,0.5263,1.0489,0,2022/2023,8,2022,football-data.co.uk,2026-05-22 12:09:26.222082
770,2022-08-19,Espanol,Vallecano,0,2,A,2.45,3.1,3.1,2.56,3.04,3.3,0.4082,0.3226,0.3226,1.0533,0,2022/2023,8,2022,football-data.co.uk,2026-05-22 12:09:26.222082
771,2022-08-19,Sevilla,Valladolid,1,1,D,1.5,4.2,6.5,1.56,4.21,6.92,0.6667,0.2381,0.1538,1.0586,0,2022/2023,8,2022,football-data.co.uk,2026-05-22 12:09:26.222082
772,2022-08-20,Celta,Real Madrid,1,4,A,4.5,4.2,1.66,4.79,4.34,1.71,0.2222,0.2381,0.6024,1.0627,0,2022/2023,8,2022,football-data.co.uk,2026-05-22 12:09:26.222082
773,2022-08-20,Mallorca,Betis,1,2,A,3.1,3.2,2.4,3.18,3.35,2.44,0.3226,0.3125,0.4167,1.0517,0,2022/2023,8,2022,football-data.co.uk,2026-05-22 12:09:26.222082
774,2022-08-20,Osasuna,Cadiz,2,0,H,1.9,3.25,4.5,1.97,3.27,4.76,0.5263,0.3077,0.2222,1.0562,0,2022/2023,8,2022,football-data.co.uk,2026-05-22 12:09:26.222082
775,2022-08-21,Ath Bilbao,Valencia,1,0,H,1.8,3.75,4.5,1.81,3.59,5.2,0.5556,0.2667,0.2222,1.0444,0,2022/2023,8,2022,football-data.co.uk,2026-05-22 12:09:26.222082
776,2022-08-21,Ath Madrid,Villarreal,0,2,A,1.85,3.5,4.33,1.96,3.55,4.3,0.5405,0.2857,0.2309,1.0572,0,2022/2023,8,2022,football-data.co.uk,2026-05-22 12:09:26.222082
777,2022-08-21,Sociedad,Barcelona,1,4,A,3.3,3.6,2.1,3.46,3.7,2.16,0.303,0.2778,0.4762,1.057,0,2022/2023,8,2022,football-data.co.uk,2026-05-22 12:09:26.222082
778,2022-08-22,Elche,Almeria,1,1,D,2.5,3.2,3.0,2.6,3.2,3.08,0.4,0.3125,0.3333,1.0458,0,2022/2023,8,2022,football-data.co.uk,2026-05-22 12:09:26.222082
779,2022-08-22,Girona,Getafe,3,1,H,2.8,2.9,2.9,2.85,2.83,3.15,0.3571,0.3448,0.3448,1.0468,0,2022/2023,8,2022,football-data.co.uk,2026-05-22 12:09:26.222082
780,2022-08-26,Betis,Osasuna,1,0,H,1.8,3.6,4.75,1.82,3.77,4.78,0.5556,0.2778,0.2105,1.0439,0,2022/2023,8,2022,football-data.co.uk,2026-05-22 12:09:26.222082
781,2022-08-26,Girona,Celta,0,1,A,2.8,3.1,2.75,2.81,3.15,2.87,0.3571,0.3226,0.3636,1.0434,0,2022/2023,8,2022,football-data.co.uk,2026-05-22 12:09:26.222082
782,2022-08-27,Almeria,Sevilla,2,1,H,3.6,3.25,2.15,3.72,3.29,2.23,0.2778,0.3077,0.4651,1.0506,0,2022/2023,8,2022,football-data.co.uk,2026-05-22 12:09:26.222082
783,2022-08-27,Elche,Sociedad,0,1,A,3.6,3.2,2.15,3.82,3.21,2.23,0.2778,0.3125,0.4651,1.0554,0,2022/2023,8,2022,football-data.co.uk,2026-05-22 12:09:26.222082
784,2022-08-27,Vallecano,Mallorca,0,2,A,2.05,3.25,4.0,2.08,3.23,4.3,0.4878,0.3077,0.25,1.0455,0,2022/2023,8,2022,football-data.co.uk,2026-05-22 12:09:26.222082
785,2022-08-28,Barcelona,Valladolid,4,0,H,1.14,8.5,15.0,1.17,8.8,17.21,0.8772,0.1176,0.0667,1.0615,0,2022/2023,8,2022,football-data.co.uk,2026-05-22 12:09:26.222082
786,2022-08-28,Espanol,Real Madrid,1,3,A,6.5,4.75,1.45,6.72,5.12,1.47,0.1538,0.2105,0.6897,1.054,0,2022/2023,8,2022,football-data.co.uk,2026-05-22 12:09:26.222082
787,2022-08-28,Getafe,Villarreal,0,0,D,4.33,3.4,1.85,4.64,3.43,1.93,0.2309,0.2941,0.5405,1.0656,0,2022/2023,8,2022,football-data.co.uk,2026-05-22 12:09:26.222082
788,2022-08-29,Cadiz,Ath Bilbao,0,4,A,3.6,3.2,2.15,3.99,3.15,2.2,0.2778,0.3125,0.4651,1.0554,0,2022/2023,8,2022,football-data.co.uk,2026-05-22 12:09:26.222082
789,2022-08-29,Valencia,Ath Madrid,0,1,A,4.0,3.3,2.0,4.13,3.37,2.06,0.25,0.303,0.5,1.053,0,2022/2023,8,2022,football-data.co.uk,2026-05-22 12:09:26.222082
790,2022-09-02,Celta,Cadiz,3,0,H,1.66,3.6,5.5,1.67,3.74,6.33,0.6024,0.2778,0.1818,1.062,0,2022/2023,9,2022,football-data.co.uk,2026-05-22 12:09:26.222082
791,2022-09-03,Mallorca,Girona,1,1,D,2.15,3.2,3.6,2.19,3.17,4.0,0.4651,0.3125,0.2778,1.0554,0,2022/2023,9,2022,football-data.co.uk,2026-05-22 12:09:26.222082
792,2022-09-03,Real Madrid,Betis,2,1,H,1.4,5.25,6.5,1.46,5.19,6.72,0.7143,0.1905,0.1538,1.0586,0,2022/2023,9,2022,football-data.co.uk,2026-05-22 12:09:26.222082
793,2022-09-03,Sevilla,Barcelona,0,3,A,4.5,3.6,1.8,4.67,3.77,1.83,0.2222,0.2778,0.5556,1.0556,0,2022/2023,9,2022,football-data.co.uk,2026-05-22 12:09:26.222082
794,2022-09-03,Sociedad,Ath Madrid,1,1,D,2.9,3.2,2.55,3.04,3.22,2.62,0.3448,0.3125,0.3922,1.0495,0,2022/2023,9,2022,football-data.co.uk,2026-05-22 12:09:26.222082
795,2022-09-04,Ath Bilbao,Espanol,0,1,A,1.53,4.0,6.5,1.58,4.07,6.75,0.6536,0.25,0.1538,1.0574,0,2022/2023,9,2022,football-data.co.uk,2026-05-22 12:09:26.222082
796,2022-09-04,Osasuna,Vallecano,2,1,H,2.0,3.1,4.33,2.07,3.09,4.61,0.5,0.3226,0.2309,1.0535,0,2022/2023,9,2022,football-data.co.uk,2026-05-22 12:09:26.222082
797,2022-09-04,Valencia,Getafe,5,1,H,1.9,3.2,4.5,2.01,3.12,4.85,0.5263,0.3125,0.2222,1.061,0,2022/2023,9,2022,football-data.co.uk,2026-05-22 12:09:26.222082
798,2022-09-04,Villarreal,Elche,4,0,H,1.33,5.0,10.0,1.37,5.17,9.9,0.7519,0.2,0.1,1.0519,0,2022/2023,9,2022,football-data.co.uk,2026-05-22 12:09:26.222082
799,2022-09-05,Valladolid,Almeria,1,0,H,2.3,3.3,3.1,2.38,3.32,3.31,0.4348,0.303,0.3226,1.0604,0,2022/2023,9,2022,football-data.co.uk,2026-05-22 12:09:26.222082
800,2022-09-09,Girona,Valladolid,2,1,H,2.25,3.25,3.4,2.3,3.23,3.61,0.4444,0.3077,0.2941,1.0463,0,2022/2023,9,2022,football-data.co.uk,2026-05-22 12:09:26.222082
801,2022-09-10,Ath Madrid,Celta,4,1,H,1.61,3.8,6.0,1.66,3.87,6.07,0.6211,0.2632,0.1667,1.0509,0,2022/2023,9,2022,football-data.co.uk,2026-05-22 12:09:26.222082
802,2022-09-10,Cadiz,Barcelona,0,4,A,13.0,6.5,1.22,14.0,6.18,1.25,0.0769,0.1538,0.8197,1.0504,0,2022/2023,9,2022,football-data.co.uk,2026-05-22 12:09:26.222082
803,2022-09-10,Espanol,Sevilla,2,3,A,2.87,3.25,2.5,3.0,3.27,2.61,0.3484,0.3077,0.4,1.0561,0,2022/2023,9,2022,football-data.co.uk,2026-05-22 12:09:26.222082
804,2022-09-10,Vallecano,Valencia,2,1,H,2.62,3.1,2.87,2.69,3.16,3.0,0.3817,0.3226,0.3484,1.0527,0,2022/2023,9,2022,football-data.co.uk,2026-05-22 12:09:26.222082
805,2022-09-11,Betis,Villarreal,1,0,H,2.8,3.4,2.5,2.95,3.54,2.5,0.3571,0.2941,0.4,1.0513,0,2022/2023,9,2022,football-data.co.uk,2026-05-22 12:09:26.222082
806,2022-09-11,Elche,Ath Bilbao,1,4,A,4.0,3.6,1.9,4.31,3.54,1.96,0.25,0.2778,0.5263,1.0541,0,2022/2023,9,2022,football-data.co.uk,2026-05-22 12:09:26.222082
807,2022-09-11,Getafe,Sociedad,2,1,H,3.75,3.0,2.15,3.98,3.12,2.22,0.2667,0.3333,0.4651,1.0651,0,2022/2023,9,2022,football-data.co.uk,2026-05-22 12:09:26.222082
808,2022-09-11,Real Madrid,Mallorca,4,1,H,1.25,6.0,11.0,1.28,6.19,11.58,0.8,0.1667,0.0909,1.0576,0,2022/2023,9,2022,football-data.co.uk,2026-05-22 12:09:26.222082
809,2022-09-12,Almeria,Osasuna,0,1,A,2.6,3.25,2.75,2.76,3.24,2.85,0.3846,0.3077,0.3636,1.0559,0,2022/2023,9,2022,football-data.co.uk,2026-05-22 12:09:26.222082
810,2022-09-16,Valladolid,Cadiz,0,1,A,2.0,3.25,4.0,2.05,3.24,4.42,0.5,0.3077,0.25,1.0577,0,2022/2023,9,2022,football-data.co.uk,2026-05-22 12:09:26.222082
811,2022-09-17,Ath Bilbao,Vallecano,3,2,H,1.53,4.0,6.5,1.56,4.19,6.92,0.6536,0.25,0.1538,1.0574,0,2022/2023,9,2022,football-data.co.uk,2026-05-22 12:09:26.222082
812,2022-09-17,Barcelona,Elche,3,0,H,1.08,11.0,26.0,1.11,11.42,23.95,0.9259,0.0909,0.0385,1.0553,0,2022/2023,9,2022,football-data.co.uk,2026-05-22 12:09:26.222082
813,2022-09-17,Mallorca,Almeria,1,0,H,2.0,3.3,4.0,2.04,3.33,4.3,0.5,0.303,0.25,1.053,0,2022/2023,9,2022,football-data.co.uk,2026-05-22 12:09:26.222082
814,2022-09-17,Valencia,Celta,3,0,H,2.3,3.2,3.3,2.42,3.22,3.36,0.4348,0.3125,0.303,1.0503,0,2022/2023,9,2022,football-data.co.uk,2026-05-22 12:09:26.222082
815,2022-09-18,Ath Madrid,Real Madrid,1,2,A,3.1,3.4,2.3,3.23,3.54,2.33,0.3226,0.2941,0.4348,1.0515,0,2022/2023,9,2022,football-data.co.uk,2026-05-22 12:09:26.222082
816,2022-09-18,Betis,Girona,2,1,H,1.75,3.6,5.0,1.78,3.63,5.4,0.5714,0.2778,0.2,1.0492,0,2022/2023,9,2022,football-data.co.uk,2026-05-22 12:09:26.222082
817,2022-09-18,Osasuna,Getafe,0,2,A,1.8,3.4,5.0,1.88,3.25,5.45,0.5556,0.2941,0.2,1.0497,0,2022/2023,9,2022,football-data.co.uk,2026-05-22 12:09:26.222082
818,2022-09-18,Sociedad,Espanol,2,1,H,1.7,3.6,5.0,1.76,3.87,5.11,0.5882,0.2778,0.2,1.066,0,2022/2023,9,2022,football-data.co.uk,2026-05-22 12:09:26.222082
819,2022-09-18,Villarreal,Sevilla,1,1,D,1.7,3.8,5.0,1.72,3.97,5.19,0.5882,0.2632,0.2,1.0514,0,2022/2023,9,2022,football-data.co.uk,2026-05-22 12:09:26.222082
820,2022-09-30,Ath Bilbao,Almeria,4,0,H,1.33,5.0,9.5,1.39,5.0,9.35,0.7519,0.2,0.1053,1.0571,0,2022/2023,9,2022,football-data.co.uk,2026-05-22 12:09:26.222082
821,2022-10-01,Cadiz,Villarreal,0,0,D,6.0,4.0,1.57,5.82,4.1,1.64,0.1667,0.25,0.6369,1.0536,0,2022/2023,10,2022,football-data.co.uk,2026-05-22 12:09:26.222082
822,2022-10-01,Getafe,Valladolid,2,3,A,2.3,3.0,3.5,2.36,3.1,3.62,0.4348,0.3333,0.2857,1.0538,0,2022/2023,10,2022,football-data.co.uk,2026-05-22 12:09:26.222082
823,2022-10-01,Mallorca,Barcelona,0,1,A,9.0,5.0,1.36,8.8,5.53,1.37,0.1111,0.2,0.7353,1.0464,0,2022/2023,10,2022,football-data.co.uk,2026-05-22 12:09:26.222082
824,2022-10-01,Sevilla,Ath Madrid,0,2,A,3.0,3.2,2.5,3.15,3.25,2.52,0.3333,0.3125,0.4,1.0458,0,2022/2023,10,2022,football-data.co.uk,2026-05-22 12:09:26.222082
825,2022-10-02,Celta,Betis,1,0,H,2.45,3.4,2.87,2.51,3.49,2.96,0.4082,0.2941,0.3484,1.0507,0,2022/2023,10,2022,football-data.co.uk,2026-05-22 12:09:26.222082
826,2022-10-02,Espanol,Valencia,2,2,D,2.62,3.3,2.7,2.8,3.29,2.77,0.3817,0.303,0.3704,1.0551,0,2022/2023,10,2022,football-data.co.uk,2026-05-22 12:09:26.222082
827,2022-10-02,Girona,Sociedad,3,5,A,3.25,3.2,2.3,3.37,3.34,2.35,0.3077,0.3125,0.4348,1.055,0,2022/2023,10,2022,football-data.co.uk,2026-05-22 12:09:26.222082
828,2022-10-02,Real Madrid,Osasuna,1,1,D,1.3,5.5,9.5,1.35,5.63,9.33,0.7692,0.1818,0.1053,1.0563,0,2022/2023,10,2022,football-data.co.uk,2026-05-22 12:09:26.222082
829,2022-10-03,Vallecano,Elche,2,1,H,1.72,3.6,5.25,1.74,3.82,5.31,0.5814,0.2778,0.1905,1.0496,0,2022/2023,10,2022,football-data.co.uk,2026-05-22 12:09:26.222082
830,2022-10-07,Osasuna,Valencia,1,2,A,2.4,3.2,3.1,2.46,3.27,3.22,0.4167,0.3125,0.3226,1.0517,0,2022/2023,10,2022,football-data.co.uk,2026-05-22 12:09:26.222082
831,2022-10-08,Almeria,Vallecano,3,1,H,2.9,3.3,2.55,3.12,3.23,2.55,0.3448,0.303,0.3922,1.04,0,2022/2023,10,2022,football-data.co.uk,2026-05-22 12:09:26.222082
832,2022-10-08,Ath Madrid,Girona,2,1,H,1.45,4.33,7.5,1.51,4.47,7.32,0.6897,0.2309,0.1333,1.0539,0,2022/2023,10,2022,football-data.co.uk,2026-05-22 12:09:26.222082
833,2022-10-08,Getafe,Real Madrid,0,1,A,6.5,4.5,1.5,7.16,4.59,1.5,0.1538,0.2222,0.6667,1.0427,0,2022/2023,10,2022,football-data.co.uk,2026-05-22 12:09:26.222082
834,2022-10-08,Sevilla,Ath Bilbao,1,1,D,3.0,3.3,2.4,3.1,3.36,2.49,0.3333,0.303,0.4167,1.053,0,2022/2023,10,2022,football-data.co.uk,2026-05-22 12:09:26.222082
835,2022-10-09,Barcelona,Celta,1,0,H,1.28,6.0,9.0,1.29,5.99,11.48,0.7813,0.1667,0.1111,1.059,0,2022/2023,10,2022,football-data.co.uk,2026-05-22 12:09:26.222082
836,2022-10-09,Cadiz,Espanol,2,2,D,2.87,3.2,2.55,3.02,3.12,2.7,0.3484,0.3125,0.3922,1.0531,0,2022/2023,10,2022,football-data.co.uk,2026-05-22 12:09:26.222082
837,2022-10-09,Sociedad,Villarreal,1,0,H,2.5,3.4,2.75,2.64,3.35,2.9,0.4,0.2941,0.3636,1.0578,0,2022/2023,10,2022,football-data.co.uk,2026-05-22 12:09:26.222082
838,2022-10-09,Valladolid,Betis,0,0,D,2.8,3.4,2.4,2.99,3.46,2.51,0.3571,0.2941,0.4167,1.0679,0,2022/2023,10,2022,football-data.co.uk,2026-05-22 12:09:26.222082
839,2022-10-10,Elche,Mallorca,1,1,D,3.0,3.1,2.5,3.21,3.05,2.61,0.3333,0.3226,0.4,1.0559,0,2022/2023,10,2022,football-data.co.uk,2026-05-22 12:09:26.222082
840,2022-10-14,Vallecano,Getafe,0,0,D,2.05,3.2,3.8,2.09,3.16,4.39,0.4878,0.3125,0.2632,1.0635,0,2022/2023,10,2022,football-data.co.uk,2026-05-22 12:09:26.222082
841,2022-10-15,Ath Bilbao,Ath Madrid,0,1,A,2.45,3.2,3.0,2.48,3.31,3.17,0.4082,0.3125,0.3333,1.054,0,2022/2023,10,2022,football-data.co.uk,2026-05-22 12:09:26.222082
842,2022-10-15,Girona,Cadiz,1,1,D,1.9,3.3,4.5,1.97,3.22,4.9,0.5263,0.303,0.2222,1.0516,0,2022/2023,10,2022,football-data.co.uk,2026-05-22 12:09:26.222082
843,2022-10-15,Mallorca,Sevilla,0,1,A,2.9,3.0,2.7,2.95,3.14,2.74,0.3448,0.3333,0.3704,1.0485,0,2022/2023,10,2022,football-data.co.uk,2026-05-22 12:09:26.222082
844,2022-10-15,Valencia,Elche,2,2,D,1.4,4.75,7.5,1.42,4.98,8.4,0.7143,0.2105,0.1333,1.0581,0,2022/2023,10,2022,football-data.co.uk,2026-05-22 12:09:26.222082
845,2022-10-16,Betis,Almeria,3,1,H,1.57,4.1,5.75,1.58,4.35,6.09,0.6369,0.2439,0.1739,1.0548,0,2022/2023,10,2022,football-data.co.uk,2026-05-22 12:09:26.222082
846,2022-10-16,Celta,Sociedad,1,2,A,2.6,3.2,2.8,2.65,3.25,2.97,0.3846,0.3125,0.3571,1.0543,0,2022/2023,10,2022,football-data.co.uk,2026-05-22 12:09:26.222082
847,2022-10-16,Espanol,Valladolid,1,0,H,2.2,3.3,3.5,2.25,3.36,3.57,0.4545,0.303,0.2857,1.0433,0,2022/2023,10,2022,football-data.co.uk,2026-05-22 12:09:26.222082
848,2022-10-16,Real Madrid,Barcelona,3,1,H,2.2,3.6,3.1,2.32,3.65,3.16,0.4545,0.2778,0.3226,1.0549,0,2022/2023,10,2022,football-data.co.uk,2026-05-22 12:09:26.222082
849,2022-10-17,Villarreal,Osasuna,2,0,H,1.57,4.2,6.0,1.58,4.28,6.33,0.6369,0.2381,0.1667,1.0417,0,2022/2023,10,2022,football-data.co.uk,2026-05-22 12:09:26.222082
850,2022-10-18,Ath Madrid,Vallecano,1,1,D,1.55,3.75,7.0,1.53,4.07,8.09,0.6452,0.2667,0.1429,1.0547,0,2022/2023,10,2022,football-data.co.uk,2026-05-22 12:09:26.222082
851,2022-10-18,Getafe,Ath Bilbao,2,2,D,4.75,3.3,1.83,4.72,3.39,1.93,0.2105,0.303,0.5464,1.06,0,2022/2023,10,2022,football-data.co.uk,2026-05-22 12:09:26.222082
852,2022-10-18,Sevilla,Valencia,1,1,D,2.25,3.4,3.2,2.34,3.43,3.3,0.4444,0.2941,0.3125,1.0511,0,2022/2023,10,2022,football-data.co.uk,2026-05-22 12:09:26.222082
853,2022-10-19,Cadiz,Betis,0,0,D,4.0,3.3,2.0,3.84,3.33,2.16,0.25,0.303,0.5,1.053,0,2022/2023,10,2022,football-data.co.uk,2026-05-22 12:09:26.222082
854,2022-10-19,Elche,Real Madrid,0,3,A,8.5,5.75,1.3,9.9,5.69,1.34,0.1176,0.1739,0.7692,1.0608,0,2022/2023,10,2022,football-data.co.uk,2026-05-22 12:09:26.222082
855,2022-10-19,Sociedad,Mallorca,1,0,H,1.55,4.0,6.5,1.56,4.12,7.06,0.6452,0.25,0.1538,1.049,0,2022/2023,10,2022,football-data.co.uk,2026-05-22 12:09:26.222082
856,2022-10-19,Valladolid,Celta,4,1,H,2.9,3.3,2.45,3.01,3.35,2.56,0.3448,0.303,0.4082,1.056,0,2022/2023,10,2022,football-data.co.uk,2026-05-22 12:09:26.222082
857,2022-10-20,Almeria,Girona,3,2,H,2.6,3.25,2.8,2.69,3.32,2.87,0.3846,0.3077,0.3571,1.0495,0,2022/2023,10,2022,football-data.co.uk,2026-05-22 12:09:26.222082
858,2022-10-20,Barcelona,Villarreal,3,0,H,1.5,4.5,6.0,1.5,4.91,6.48,0.6667,0.2222,0.1667,1.0556,0,2022/2023,10,2022,football-data.co.uk,2026-05-22 12:09:26.222082
859,2022-10-20,Osasuna,Espanol,1,0,H,2.05,3.6,3.5,2.1,3.51,3.82,0.4878,0.2778,0.2857,1.0513,0,2022/2023,10,2022,football-data.co.uk,2026-05-22 12:09:26.222082
860,2022-10-22,Real Madrid,Sevilla,3,1,H,1.36,4.75,8.5,1.39,5.03,9.33,0.7353,0.2105,0.1176,1.0635,0,2022/2023,10,2022,football-data.co.uk,2026-05-22 12:09:26.222082
861,2022-10-22,Valencia,Mallorca,1,2,A,1.75,3.5,5.0,1.77,3.68,5.36,0.5714,0.2857,0.2,1.0571,0,2022/2023,10,2022,football-data.co.uk,2026-05-22 12:09:26.222082
862,2022-10-22,Valladolid,Sociedad,1,0,H,3.6,3.4,2.05,3.76,3.46,2.14,0.2778,0.2941,0.4878,1.0597,0,2022/2023,10,2022,football-data.co.uk,2026-05-22 12:09:26.222082
863,2022-10-22,Vallecano,Cadiz,5,1,H,1.72,3.5,5.25,1.76,3.64,5.52,0.5814,0.2857,0.1905,1.0576,0,2022/2023,10,2022,football-data.co.uk,2026-05-22 12:09:26.222082
864,2022-10-23,Barcelona,Ath Bilbao,4,0,H,1.55,4.5,5.5,1.56,4.62,5.94,0.6452,0.2222,0.1818,1.0492,0,2022/2023,10,2022,football-data.co.uk,2026-05-22 12:09:26.222082
865,2022-10-23,Betis,Ath Madrid,1,2,A,3.2,3.3,2.3,3.18,3.42,2.41,0.3125,0.303,0.4348,1.0503,0,2022/2023,10,2022,football-data.co.uk,2026-05-22 12:09:26.222082
866,2022-10-23,Espanol,Elche,2,2,D,1.66,3.75,5.25,1.7,3.97,5.37,0.6024,0.2667,0.1905,1.0596,0,2022/2023,10,2022,football-data.co.uk,2026-05-22 12:09:26.222082
867,2022-10-23,Girona,Osasuna,1,1,D,2.55,3.2,2.9,2.64,3.24,3.0,0.3922,0.3125,0.3448,1.0495,0,2022/2023,10,2022,football-data.co.uk,2026-05-22 12:09:26.222082
868,2022-10-23,Villarreal,Almeria,2,1,H,1.36,4.75,9.0,1.37,5.29,9.27,0.7353,0.2105,0.1111,1.0569,0,2022/2023,10,2022,football-data.co.uk,2026-05-22 12:09:26.222082
869,2022-10-24,Celta,Getafe,1,1,D,1.75,3.5,5.0,1.79,3.54,5.42,0.5714,0.2857,0.2,1.0571,0,2022/2023,10,2022,football-data.co.uk,2026-05-22 12:09:26.222082
870,2022-10-28,Mallorca,Espanol,1,1,D,2.25,3.1,3.4,2.34,3.09,3.69,0.4444,0.3226,0.2941,1.0611,0,2022/2023,10,2022,football-data.co.uk,2026-05-22 12:09:26.222082
871,2022-10-29,Almeria,Celta,3,1,H,3.3,3.3,2.25,3.4,3.44,2.28,0.303,0.303,0.4444,1.0505,0,2022/2023,10,2022,football-data.co.uk,2026-05-22 12:09:26.222082
872,2022-10-29,Cadiz,Ath Madrid,3,2,H,7.0,3.6,1.6,7.07,3.8,1.61,0.1429,0.2778,0.625,1.0456,0,2022/2023,10,2022,football-data.co.uk,2026-05-22 12:09:26.222082
873,2022-10-29,Sevilla,Vallecano,0,1,A,2.0,3.3,4.0,2.02,3.46,4.21,0.5,0.303,0.25,1.053,0,2022/2023,10,2022,football-data.co.uk,2026-05-22 12:09:26.222082
874,2022-10-29,Valencia,Barcelona,0,1,A,5.0,4.33,1.57,5.55,4.48,1.61,0.2,0.2309,0.6369,1.0679,0,2022/2023,10,2022,football-data.co.uk,2026-05-22 12:09:26.222082
875,2022-10-30,Ath Bilbao,Villarreal,1,0,H,2.2,3.3,3.4,2.22,3.49,3.5,0.4545,0.303,0.2941,1.0517,0,2022/2023,10,2022,football-data.co.uk,2026-05-22 12:09:26.222082
876,2022-10-30,Osasuna,Valladolid,2,0,H,1.9,3.4,4.33,1.93,3.49,4.55,0.5263,0.2941,0.2309,1.0514,0,2022/2023,10,2022,football-data.co.uk,2026-05-22 12:09:26.222082
877,2022-10-30,Real Madrid,Girona,1,1,D,1.2,6.5,13.0,1.22,7.06,14.02,0.8333,0.1538,0.0769,1.0641,0,2022/2023,10,2022,football-data.co.uk,2026-05-22 12:09:26.222082
878,2022-10-30,Sociedad,Betis,0,2,A,2.0,3.5,3.8,2.11,3.45,3.87,0.5,0.2857,0.2632,1.0489,0,2022/2023,10,2022,football-data.co.uk,2026-05-22 12:09:26.222082
879,2022-10-31,Elche,Getafe,0,1,A,2.7,3.0,2.87,2.76,3.08,2.98,0.3704,0.3333,0.3484,1.0521,0,2022/2023,10,2022,football-data.co.uk,2026-05-22 12:09:26.222082
880,2022-11-04,Girona,Ath Bilbao,2,1,H,3.75,3.5,2.0,3.94,3.66,2.02,0.2667,0.2857,0.5,1.0524,0,2022/2023,11,2022,football-data.co.uk,2026-05-22 12:09:26.222082
881,2022-11-05,Barcelona,Almeria,2,0,H,1.08,10.0,26.0,1.1,11.76,29.47,0.9259,0.1,0.0385,1.0644,0,2022/2023,11,2022,football-data.co.uk,2026-05-22 12:09:26.222082
882,2022-11-05,Celta,Osasuna,1,2,A,2.1,3.3,3.75,2.19,3.36,3.73,0.4762,0.303,0.2667,1.0459,0,2022/2023,11,2022,football-data.co.uk,2026-05-22 12:09:26.222082
883,2022-11-05,Getafe,Cadiz,0,0,D,2.2,3.1,3.75,2.24,3.1,3.94,0.4545,0.3226,0.2667,1.0438,0,2022/2023,11,2022,football-data.co.uk,2026-05-22 12:09:26.222082
884,2022-11-05,Valladolid,Elche,2,1,H,1.83,3.6,4.33,1.83,3.85,4.62,0.5464,0.2778,0.2309,1.0552,0,2022/2023,11,2022,football-data.co.uk,2026-05-22 12:09:26.222082
885,2022-11-06,Ath Madrid,Espanol,1,1,D,1.44,4.5,8.0,1.45,4.49,8.64,0.6944,0.2222,0.125,1.0417,0,2022/2023,11,2022,football-data.co.uk,2026-05-22 12:09:26.222082
886,2022-11-06,Betis,Sevilla,1,1,D,2.2,3.2,3.6,2.19,3.33,3.77,0.4545,0.3125,0.2778,1.0448,0,2022/2023,11,2022,football-data.co.uk,2026-05-22 12:09:26.222082
887,2022-11-06,Sociedad,Valencia,1,1,D,1.95,3.4,4.0,1.98,3.45,4.4,0.5128,0.2941,0.25,1.0569,0,2022/2023,11,2022,football-data.co.uk,2026-05-22 12:09:26.222082
888,2022-11-06,Villarreal,Mallorca,0,2,A,1.57,4.0,5.75,1.63,4.02,6.22,0.6369,0.25,0.1739,1.0609,0,2022/2023,11,2022,football-data.co.uk,2026-05-22 12:09:26.222082
889,2022-11-07,Vallecano,Real Madrid,3,2,H,4.75,4.2,1.65,5.6,4.1,1.66,0.2105,0.2381,0.6061,1.0547,0,2022/2023,11,2022,football-data.co.uk,2026-05-22 12:09:26.222082
890,2022-11-08,Ath Bilbao,Valladolid,3,0,H,1.4,4.5,7.5,1.44,4.71,8.39,0.7143,0.2222,0.1333,1.0698,0,2022/2023,11,2022,football-data.co.uk,2026-05-22 12:09:26.222082
891,2022-11-08,Elche,Girona,1,2,A,3.25,3.3,2.2,3.42,3.35,2.32,0.3077,0.303,0.4545,1.0653,0,2022/2023,11,2022,football-data.co.uk,2026-05-22 12:09:26.222082
892,2022-11-08,Osasuna,Barcelona,1,2,A,5.75,4.2,1.53,6.35,4.36,1.56,0.1739,0.2381,0.6536,1.0656,0,2022/2023,11,2022,football-data.co.uk,2026-05-22 12:09:26.222082
893,2022-11-09,Almeria,Getafe,1,0,H,2.15,3.3,3.5,2.27,3.2,3.72,0.4651,0.303,0.2857,1.0539,0,2022/2023,11,2022,football-data.co.uk,2026-05-22 12:09:26.222082
894,2022-11-09,Espanol,Villarreal,0,1,A,3.2,3.2,2.37,3.17,3.36,2.44,0.3125,0.3125,0.4219,1.0469,0,2022/2023,11,2022,football-data.co.uk,2026-05-22 12:09:26.222082
895,2022-11-09,Mallorca,Ath Madrid,1,0,H,3.8,3.1,2.1,3.92,3.23,2.19,0.2632,0.3226,0.4762,1.0619,0,2022/2023,11,2022,football-data.co.uk,2026-05-22 12:09:26.222082
896,2022-11-09,Sevilla,Sociedad,1,2,A,2.6,3.2,2.8,2.66,3.25,2.96,0.3846,0.3125,0.3571,1.0543,0,2022/2023,11,2022,football-data.co.uk,2026-05-22 12:09:26.222082
897,2022-11-10,Real Madrid,Cadiz,2,1,H,1.14,8.5,15.0,1.15,9.0,22.56,0.8772,0.1176,0.0667,1.0615,0,2022/2023,11,2022,football-data.co.uk,2026-05-22 12:09:26.222082
898,2022-11-10,Valencia,Betis,3,0,H,2.1,3.4,3.6,2.2,3.4,3.65,0.4762,0.2941,0.2778,1.0481,0,2022/2023,11,2022,football-data.co.uk,2026-05-22 12:09:26.222082
899,2022-11-10,Vallecano,Celta,0,0,D,2.2,3.2,3.5,2.19,3.34,3.76,0.4545,0.3125,0.2857,1.0528,0,2022/2023,11,2022,football-data.co.uk,2026-05-22 12:09:26.222082
900,2022-12-29,Ath Madrid,Elche,2,0,H,1.29,5.5,10.0,1.3,5.88,11.76,0.7752,0.1818,0.1,1.057,0,2022/2023,12,2022,football-data.co.uk,2026-05-22 12:09:26.222082
901,2022-12-29,Betis,Ath Bilbao,0,0,D,2.88,3.3,2.5,2.95,3.47,2.53,0.3472,0.303,0.4,1.0503,0,2022/2023,12,2022,football-data.co.uk,2026-05-22 12:09:26.222082
902,2022-12-29,Girona,Vallecano,2,2,D,2.3,3.2,3.3,2.34,3.37,3.37,0.4348,0.3125,0.303,1.0503,0,2022/2023,12,2022,football-data.co.uk,2026-05-22 12:09:26.222082
903,2022-12-30,Cadiz,Almeria,1,1,D,2.38,3.1,3.25,2.39,3.23,3.39,0.4202,0.3226,0.3077,1.0504,0,2022/2023,12,2022,football-data.co.uk,2026-05-22 12:09:26.222082
904,2022-12-30,Celta,Sevilla,1,1,D,2.2,3.3,3.4,2.24,3.43,3.52,0.4545,0.303,0.2941,1.0517,0,2022/2023,12,2022,football-data.co.uk,2026-05-22 12:09:26.222082
905,2022-12-30,Getafe,Mallorca,2,0,H,2.75,2.75,3.1,2.91,2.78,3.15,0.3636,0.3636,0.3226,1.0499,0,2022/2023,12,2022,football-data.co.uk,2026-05-22 12:09:26.222082
906,2022-12-30,Valladolid,Real Madrid,0,2,A,6.5,4.75,1.45,6.56,4.71,1.51,0.1538,0.2105,0.6897,1.054,0,2022/2023,12,2022,football-data.co.uk,2026-05-22 12:09:26.222082
907,2022-12-31,Barcelona,Espanol,1,1,D,1.25,6.5,10.0,1.26,6.57,11.89,0.8,0.1538,0.1,1.0538,0,2022/2023,12,2022,football-data.co.uk,2026-05-22 12:09:26.222082
908,2022-12-31,Sociedad,Osasuna,2,0,H,1.85,3.3,4.75,1.92,3.48,4.67,0.5405,0.303,0.2105,1.0541,0,2022/2023,12,2022,football-data.co.uk,2026-05-22 12:09:26.222082
909,2022-12-31,Villarreal,Valencia,2,1,H,1.95,3.4,4.2,2.02,3.4,4.29,0.5128,0.2941,0.2381,1.045,0,2022/2023,12,2022,football-data.co.uk,2026-05-22 12:09:26.222082
910,2023-01-06,Elche,Celta,0,1,A,4.0,3.25,1.95,4.26,3.31,2.06,0.25,0.3077,0.5128,1.0705,0,2022/2023,1,2023,football-data.co.uk,2026-05-22 12:09:26.222082
911,2023-01-06,Valencia,Cadiz,0,1,A,1.57,4.0,5.75,1.61,4.15,6.2,0.6369,0.25,0.1739,1.0609,0,2022/2023,1,2023,football-data.co.uk,2026-05-22 12:09:26.222082
912,2023-01-07,Espanol,Girona,2,2,D,2.25,3.4,3.2,2.37,3.44,3.23,0.4444,0.2941,0.3125,1.0511,0,2022/2023,1,2023,football-data.co.uk,2026-05-22 12:09:26.222082
913,2023-01-07,Mallorca,Valladolid,1,0,H,1.95,3.3,4.2,1.99,3.39,4.45,0.5128,0.303,0.2381,1.0539,0,2022/2023,1,2023,football-data.co.uk,2026-05-22 12:09:26.222082
914,2023-01-07,Villarreal,Real Madrid,2,1,H,3.25,3.8,2.05,3.42,3.86,2.12,0.3077,0.2632,0.4878,1.0587,0,2022/2023,1,2023,football-data.co.uk,2026-05-22 12:09:26.222082
915,2023-01-08,Almeria,Sociedad,0,2,A,4.2,3.3,1.95,4.35,3.37,2.01,0.2381,0.303,0.5128,1.0539,0,2022/2023,1,2023,football-data.co.uk,2026-05-22 12:09:26.222082
916,2023-01-08,Ath Madrid,Barcelona,0,1,A,3.1,3.4,2.3,3.21,3.51,2.35,0.3226,0.2941,0.4348,1.0515,0,2022/2023,1,2023,football-data.co.uk,2026-05-22 12:09:26.222082
917,2023-01-08,Sevilla,Getafe,2,1,H,1.75,3.4,5.25,1.79,3.49,5.58,0.5714,0.2941,0.1905,1.056,0,2022/2023,1,2023,football-data.co.uk,2026-05-22 12:09:26.222082
918,2023-01-08,Vallecano,Betis,1,2,A,2.3,3.3,3.2,2.38,3.33,3.31,0.4348,0.303,0.3125,1.0503,0,2022/2023,1,2023,football-data.co.uk,2026-05-22 12:09:26.222082
919,2023-01-09,Ath Bilbao,Osasuna,0,0,D,1.67,3.6,5.75,1.7,3.65,6.1,0.5988,0.2778,0.1739,1.0505,0,2022/2023,1,2023,football-data.co.uk,2026-05-22 12:09:26.222082
920,2023-01-13,Celta,Villarreal,1,1,D,2.88,3.3,2.5,2.86,3.37,2.67,0.3472,0.303,0.4,1.0503,0,2022/2023,1,2023,football-data.co.uk,2026-05-22 12:09:26.222082
921,2023-01-14,Girona,Sevilla,2,1,H,2.38,3.4,3.0,2.43,3.42,3.14,0.4202,0.2941,0.3333,1.0476,0,2022/2023,1,2023,football-data.co.uk,2026-05-22 12:09:26.222082
922,2023-01-14,Osasuna,Mallorca,1,0,H,2.0,3.1,4.33,2.11,3.1,4.43,0.5,0.3226,0.2309,1.0535,0,2022/2023,1,2023,football-data.co.uk,2026-05-22 12:09:26.222082
923,2023-01-14,Sociedad,Ath Bilbao,3,1,H,2.4,3.2,3.1,2.47,3.25,3.23,0.4167,0.3125,0.3226,1.0517,0,2022/2023,1,2023,football-data.co.uk,2026-05-22 12:09:26.222082
924,2023-01-14,Valladolid,Vallecano,0,1,A,2.75,3.25,2.63,2.86,3.3,2.72,0.3636,0.3077,0.3802,1.0516,0,2022/2023,1,2023,football-data.co.uk,2026-05-22 12:09:26.222082
925,2023-01-15,Almeria,Ath Madrid,1,1,D,5.0,3.75,1.7,5.1,3.94,1.74,0.2,0.2667,0.5882,1.0549,0,2022/2023,1,2023,football-data.co.uk,2026-05-22 12:09:26.222082
926,2023-01-15,Getafe,Espanol,1,2,A,2.5,3.0,3.1,2.59,3.02,3.29,0.4,0.3333,0.3226,1.0559,0,2022/2023,1,2023,football-data.co.uk,2026-05-22 12:09:26.222082
927,2023-01-16,Cadiz,Elche,1,1,D,1.91,3.4,4.33,1.97,3.43,4.44,0.5236,0.2941,0.2309,1.0486,0,2022/2023,1,2023,football-data.co.uk,2026-05-22 12:09:26.222082
928,2023-01-20,Mallorca,Celta,1,0,H,2.8,2.75,3.0,2.89,2.79,3.15,0.3571,0.3636,0.3333,1.0541,0,2022/2023,1,2023,football-data.co.uk,2026-05-22 12:09:26.222082
929,2023-01-21,Ath Madrid,Valladolid,3,0,H,1.4,4.75,8.5,1.4,4.87,9.39,0.7143,0.2105,0.1176,1.0425,0,2022/2023,1,2023,football-data.co.uk,2026-05-22 12:09:26.222082
930,2023-01-21,Espanol,Betis,1,0,H,2.7,3.2,2.7,2.87,3.16,2.8,0.3704,0.3125,0.3704,1.0532,0,2022/2023,1,2023,football-data.co.uk,2026-05-22 12:09:26.222082
931,2023-01-21,Sevilla,Cadiz,1,0,H,1.7,3.75,5.0,1.71,3.78,5.65,0.5882,0.2667,0.2,1.0549,0,2022/2023,1,2023,football-data.co.uk,2026-05-22 12:09:26.222082
932,2023-01-21,Vallecano,Sociedad,0,2,A,3.1,3.2,2.38,3.21,3.23,2.49,0.3226,0.3125,0.4202,1.0552,0,2022/2023,1,2023,football-data.co.uk,2026-05-22 12:09:26.222082
933,2023-01-22,Ath Bilbao,Real Madrid,0,2,A,2.9,3.4,2.38,3.0,3.5,2.48,0.3448,0.2941,0.4202,1.0591,0,2022/2023,1,2023,football-data.co.uk,2026-05-22 12:09:26.222082
934,2023-01-22,Barcelona,Getafe,1,0,H,1.18,8.0,15.0,1.19,7.62,17.95,0.8475,0.125,0.0667,1.0391,0,2022/2023,1,2023,football-data.co.uk,2026-05-22 12:09:26.222082
935,2023-01-22,Elche,Osasuna,1,1,D,3.5,3.25,2.15,3.8,3.26,2.21,0.2857,0.3077,0.4651,1.0585,0,2022/2023,1,2023,football-data.co.uk,2026-05-22 12:09:26.222082
936,2023-01-22,Villarreal,Girona,1,0,H,1.73,3.8,4.5,1.76,4.06,4.76,0.578,0.2632,0.2222,1.0634,0,2022/2023,1,2023,football-data.co.uk,2026-05-22 12:09:26.222082
937,2023-01-23,Valencia,Almeria,2,2,D,1.6,4.2,5.25,1.65,4.25,5.51,0.625,0.2381,0.1905,1.0536,0,2022/2023,1,2023,football-data.co.uk,2026-05-22 12:09:26.222082
938,2023-01-27,Almeria,Espanol,3,1,H,2.38,3.1,3.2,2.44,3.22,3.32,0.4202,0.3226,0.3125,1.0552,0,2022/2023,1,2023,football-data.co.uk,2026-05-22 12:09:26.222082
939,2023-01-28,Cadiz,Mallorca,2,0,H,2.88,2.8,2.9,2.98,2.82,3.02,0.3472,0.3571,0.3448,1.0492,0,2022/2023,1,2023,football-data.co.uk,2026-05-22 12:09:26.222082
940,2023-01-28,Getafe,Betis,0,1,A,3.2,2.88,2.63,3.3,2.88,2.69,0.3125,0.3472,0.3802,1.04,0,2022/2023,1,2023,football-data.co.uk,2026-05-22 12:09:26.222082
941,2023-01-28,Girona,Barcelona,0,1,A,5.0,4.33,1.57,5.32,4.39,1.64,0.2,0.2309,0.6369,1.0679,0,2022/2023,1,2023,football-data.co.uk,2026-05-22 12:09:26.222082
942,2023-01-28,Sevilla,Elche,3,0,H,1.53,4.0,7.0,1.53,4.21,7.42,0.6536,0.25,0.1429,1.0465,0,2022/2023,1,2023,football-data.co.uk,2026-05-22 12:09:26.222082
943,2023-01-29,Celta,Ath Bilbao,1,0,H,2.88,3.0,2.7,2.94,3.09,2.8,0.3472,0.3333,0.3704,1.0509,0,2022/2023,1,2023,football-data.co.uk,2026-05-22 12:09:26.222082
944,2023-01-29,Osasuna,Ath Madrid,0,1,A,3.6,3.1,2.2,3.85,3.24,2.2,0.2778,0.3226,0.4545,1.0549,0,2022/2023,1,2023,football-data.co.uk,2026-05-22 12:09:26.222082
945,2023-01-29,Real Madrid,Sociedad,0,0,D,1.67,3.8,5.0,1.73,4.02,5.05,0.5988,0.2632,0.2,1.062,0,2022/2023,1,2023,football-data.co.uk,2026-05-22 12:09:26.222082
946,2023-01-29,Valladolid,Valencia,1,0,H,3.25,3.1,2.4,3.24,3.28,2.45,0.3077,0.3226,0.4167,1.0469,0,2022/2023,1,2023,football-data.co.uk,2026-05-22 12:09:26.222082
947,2023-01-30,Villarreal,Vallecano,0,1,A,1.67,3.8,5.25,1.72,3.85,5.41,0.5988,0.2632,0.1905,1.0524,0,2022/2023,1,2023,football-data.co.uk,2026-05-22 12:09:26.222082
948,2023-02-01,Betis,Barcelona,1,2,A,5.0,3.8,1.67,5.24,4.17,1.68,0.2,0.2632,0.5988,1.062,0,2022/2023,2,2023,football-data.co.uk,2026-05-22 12:09:26.222082
949,2023-02-02,Real Madrid,Valencia,2,0,H,1.44,4.75,6.5,1.43,5.17,7.39,0.6944,0.2105,0.1538,1.0588,0,2022/2023,2,2023,football-data.co.uk,2026-05-22 12:09:26.222082
950,2023-02-03,Ath Bilbao,Cadiz,4,1,H,1.36,4.5,9.5,1.39,4.75,10.29,0.7353,0.2222,0.1053,1.0628,0,2022/2023,2,2023,football-data.co.uk,2026-05-22 12:09:26.222082
951,2023-02-04,Ath Madrid,Getafe,1,1,D,1.4,4.33,9.0,1.42,4.31,10.91,0.7143,0.2309,0.1111,1.0563,0,2022/2023,2,2023,football-data.co.uk,2026-05-22 12:09:26.222082
952,2023-02-04,Betis,Celta,3,4,A,2.2,3.2,3.5,2.23,3.18,3.85,0.4545,0.3125,0.2857,1.0528,0,2022/2023,2,2023,football-data.co.uk,2026-05-22 12:09:26.222082
953,2023-02-04,Elche,Villarreal,3,1,H,5.0,3.8,1.67,5.62,3.85,1.7,0.2,0.2632,0.5988,1.062,0,2022/2023,2,2023,football-data.co.uk,2026-05-22 12:09:26.222082
954,2023-02-04,Espanol,Osasuna,1,1,D,2.55,3.0,3.0,2.69,3.07,3.08,0.3922,0.3333,0.3333,1.0588,0,2022/2023,2,2023,football-data.co.uk,2026-05-22 12:09:26.222082
955,2023-02-05,Barcelona,Sevilla,3,0,H,1.33,5.25,8.5,1.34,5.51,10.19,0.7519,0.1905,0.1176,1.06,0,2022/2023,2,2023,football-data.co.uk,2026-05-22 12:09:26.222082
956,2023-02-05,Girona,Valencia,1,0,H,2.2,3.2,3.5,2.28,3.39,3.47,0.4545,0.3125,0.2857,1.0528,0,2022/2023,2,2023,football-data.co.uk,2026-05-22 12:09:26.222082
957,2023-02-05,Mallorca,Real Madrid,1,0,H,5.0,3.5,1.73,5.22,3.7,1.78,0.2,0.2857,0.578,1.0637,0,2022/2023,2,2023,football-data.co.uk,2026-05-22 12:09:26.222082
958,2023-02-05,Sociedad,Valladolid,0,1,A,1.44,4.33,7.5,1.45,4.45,8.9,0.6944,0.2309,0.1333,1.0587,0,2022/2023,2,2023,football-data.co.uk,2026-05-22 12:09:26.222082
959,2023-02-06,Vallecano,Almeria,2,0,H,1.73,3.6,5.0,1.76,3.8,5.19,0.578,0.2778,0.2,1.0558,0,2022/2023,2,2023,football-data.co.uk,2026-05-22 12:09:26.222082
960,2023-02-10,Cadiz,Girona,2,0,H,3.0,3.2,2.45,3.19,3.2,2.53,0.3333,0.3125,0.4082,1.054,0,2022/2023,2,2023,football-data.co.uk,2026-05-22 12:09:26.222082
961,2023-02-11,Almeria,Betis,2,3,A,2.8,3.4,2.5,3.04,3.38,2.52,0.3571,0.2941,0.4,1.0513,0,2022/2023,2,2023,football-data.co.uk,2026-05-22 12:09:26.222082
962,2023-02-11,Sevilla,Mallorca,2,0,H,1.91,3.2,4.5,1.99,3.17,4.88,0.5236,0.3125,0.2222,1.0583,0,2022/2023,2,2023,football-data.co.uk,2026-05-22 12:09:26.222082
963,2023-02-11,Valencia,Ath Bilbao,1,2,A,3.0,3.2,2.45,3.13,3.28,2.51,0.3333,0.3125,0.4082,1.054,0,2022/2023,2,2023,football-data.co.uk,2026-05-22 12:09:26.222082
964,2023-02-12,Celta,Ath Madrid,0,1,A,3.6,3.1,2.2,3.78,3.25,2.22,0.2778,0.3226,0.4545,1.0549,0,2022/2023,2,2023,football-data.co.uk,2026-05-22 12:09:26.222082
965,2023-02-12,Getafe,Vallecano,1,1,D,2.8,2.9,2.88,2.96,2.85,3.01,0.3571,0.3448,0.3472,1.0492,0,2022/2023,2,2023,football-data.co.uk,2026-05-22 12:09:26.222082
966,2023-02-12,Valladolid,Osasuna,0,0,D,2.75,3.1,2.7,2.86,3.09,2.87,0.3636,0.3226,0.3704,1.0566,0,2022/2023,2,2023,football-data.co.uk,2026-05-22 12:09:26.222082
967,2023-02-12,Villarreal,Barcelona,0,1,A,3.75,4.0,1.85,4.32,3.96,1.85,0.2667,0.25,0.5405,1.0572,0,2022/2023,2,2023,football-data.co.uk,2026-05-22 12:09:26.222082
968,2023-02-13,Espanol,Sociedad,2,3,A,3.5,3.0,2.3,3.66,3.12,2.33,0.2857,0.3333,0.4348,1.0538,0,2022/2023,2,2023,football-data.co.uk,2026-05-22 12:09:26.222082
969,2023-02-15,Real Madrid,Elche,4,0,H,1.18,7.5,15.0,1.2,7.35,15.54,0.8475,0.1333,0.0667,1.0475,0,2022/2023,2,2023,football-data.co.uk,2026-05-22 12:09:26.222082
970,2023-02-17,Girona,Almeria,6,2,H,1.8,3.75,4.33,1.86,3.71,4.61,0.5556,0.2667,0.2309,1.0532,0,2022/2023,2,2023,football-data.co.uk,2026-05-22 12:09:26.222082
971,2023-02-18,Betis,Valladolid,2,1,H,1.6,3.75,6.5,1.66,3.91,5.98,0.625,0.2667,0.1538,1.0455,0,2022/2023,2,2023,football-data.co.uk,2026-05-22 12:09:26.222082
972,2023-02-18,Mallorca,Villarreal,4,2,H,3.2,3.0,2.45,3.53,2.95,2.5,0.3125,0.3333,0.4082,1.054,0,2022/2023,2,2023,football-data.co.uk,2026-05-22 12:09:26.222082
973,2023-02-18,Osasuna,Real Madrid,0,2,A,4.33,3.6,1.8,4.73,3.7,1.85,0.2309,0.2778,0.5556,1.0643,0,2022/2023,2,2023,football-data.co.uk,2026-05-22 12:09:26.222082
974,2023-02-18,Sociedad,Celta,1,1,D,1.8,3.3,5.25,1.81,3.5,5.39,0.5556,0.303,0.1905,1.0491,0,2022/2023,2,2023,football-data.co.uk,2026-05-22 12:09:26.222082
975,2023-02-19,Ath Madrid,Ath Bilbao,1,0,H,2.0,3.3,4.0,2.07,3.31,4.19,0.5,0.303,0.25,1.053,0,2022/2023,2,2023,football-data.co.uk,2026-05-22 12:09:26.222082
976,2023-02-19,Barcelona,Cadiz,2,0,H,1.18,7.0,13.0,1.22,7.16,14.53,0.8475,0.1429,0.0769,1.0672,0,2022/2023,2,2023,football-data.co.uk,2026-05-22 12:09:26.222082
977,2023-02-19,Elche,Espanol,0,1,A,2.9,3.1,2.63,2.97,3.19,2.69,0.3448,0.3226,0.3802,1.0476,0,2022/2023,2,2023,football-data.co.uk,2026-05-22 12:09:26.222082
978,2023-02-19,Vallecano,Sevilla,1,1,D,2.5,3.1,3.0,2.55,3.22,3.14,0.4,0.3226,0.3333,1.0559,0,2022/2023,2,2023,football-data.co.uk,2026-05-22 12:09:26.222082
979,2023-02-20,Getafe,Valencia,1,0,H,2.75,3.0,2.8,2.91,2.94,2.96,0.3636,0.3333,0.3571,1.0541,0,2022/2023,2,2023,football-data.co.uk,2026-05-22 12:09:26.222082
980,2023-02-24,Elche,Betis,2,3,A,3.5,3.3,2.1,3.8,3.4,2.15,0.2857,0.303,0.4762,1.0649,0,2022/2023,2,2023,football-data.co.uk,2026-05-22 12:09:26.222082
981,2023-02-25,Cadiz,Vallecano,1,0,H,2.9,3.0,2.7,3.09,2.98,2.76,0.3448,0.3333,0.3704,1.0485,0,2022/2023,2,2023,football-data.co.uk,2026-05-22 12:09:26.222082
982,2023-02-25,Espanol,Mallorca,2,1,H,2.5,2.9,3.2,2.63,2.97,3.28,0.4,0.3448,0.3125,1.0573,0,2022/2023,2,2023,football-data.co.uk,2026-05-22 12:09:26.222082
983,2023-02-25,Real Madrid,Ath Madrid,1,1,D,1.8,3.5,5.0,1.85,3.64,4.77,0.5556,0.2857,0.2,1.0413,0,2022/2023,2,2023,football-data.co.uk,2026-05-22 12:09:26.222082
984,2023-02-25,Valencia,Sociedad,1,0,H,3.1,3.1,2.5,3.25,3.26,2.45,0.3226,0.3226,0.4,1.0452,0,2022/2023,2,2023,football-data.co.uk,2026-05-22 12:09:26.222082
985,2023-02-26,Almeria,Barcelona,1,0,H,7.0,4.75,1.44,7.08,5.02,1.46,0.1429,0.2105,0.6944,1.0478,0,2022/2023,2,2023,football-data.co.uk,2026-05-22 12:09:26.222082
986,2023-02-26,Ath Bilbao,Girona,2,3,A,1.67,3.8,5.25,1.71,3.81,5.63,0.5988,0.2632,0.1905,1.0524,0,2022/2023,2,2023,football-data.co.uk,2026-05-22 12:09:26.222082
987,2023-02-26,Celta,Valladolid,3,0,H,1.7,3.75,5.25,1.69,3.83,5.85,0.5882,0.2667,0.1905,1.0454,0,2022/2023,2,2023,football-data.co.uk,2026-05-22 12:09:26.222082
988,2023-02-26,Sevilla,Osasuna,2,3,A,1.85,3.25,4.5,1.88,3.53,4.74,0.5405,0.3077,0.2222,1.0705,0,2022/2023,2,2023,football-data.co.uk,2026-05-22 12:09:26.222082
989,2023-02-27,Villarreal,Getafe,2,1,H,1.67,3.6,5.75,1.7,3.68,6.1,0.5988,0.2778,0.1739,1.0505,0,2022/2023,2,2023,football-data.co.uk,2026-05-22 12:09:26.222082
990,2023-03-03,Sociedad,Cadiz,0,0,D,1.5,3.9,7.5,1.55,3.98,7.79,0.6667,0.2564,0.1333,1.0564,0,2022/2023,3,2023,football-data.co.uk,2026-05-22 12:09:26.222082
991,2023-03-04,Almeria,Villarreal,0,2,A,3.5,3.6,2.05,3.56,3.71,2.09,0.2857,0.2778,0.4878,1.0513,0,2022/2023,3,2023,football-data.co.uk,2026-05-22 12:09:26.222082
992,2023-03-04,Ath Madrid,Sevilla,6,1,H,1.67,3.6,5.25,1.7,3.75,5.71,0.5988,0.2778,0.1905,1.0671,0,2022/2023,3,2023,football-data.co.uk,2026-05-22 12:09:26.222082
993,2023-03-04,Getafe,Girona,3,2,H,2.75,3.0,2.8,2.84,2.95,2.97,0.3636,0.3333,0.3571,1.0541,0,2022/2023,3,2023,football-data.co.uk,2026-05-22 12:09:26.222082
994,2023-03-04,Mallorca,Elche,0,1,A,1.7,3.4,5.75,1.71,3.43,6.49,0.5882,0.2941,0.1739,1.0563,0,2022/2023,3,2023,football-data.co.uk,2026-05-22 12:09:26.222082
995,2023-03-05,Barcelona,Valencia,1,0,H,1.53,4.5,5.75,1.53,4.42,6.57,0.6536,0.2222,0.1739,1.0497,0,2022/2023,3,2023,football-data.co.uk,2026-05-22 12:09:26.222082
996,2023-03-05,Betis,Real Madrid,0,0,D,4.75,3.75,1.73,4.64,3.93,1.79,0.2105,0.2667,0.578,1.0552,0,2022/2023,3,2023,football-data.co.uk,2026-05-22 12:09:26.222082
997,2023-03-05,Valladolid,Espanol,2,1,H,2.5,3.2,2.88,2.59,3.24,3.0,0.4,0.3125,0.3472,1.0597,0,2022/2023,3,2023,football-data.co.uk,2026-05-22 12:09:26.222082
998,2023-03-05,Vallecano,Ath Bilbao,0,0,D,2.9,3.1,2.6,3.18,3.08,2.57,0.3448,0.3226,0.3846,1.052,0,2022/2023,3,2023,football-data.co.uk,2026-05-22 12:09:26.222082
999,2023-03-06,Osasuna,Celta,0,0,D,2.8,3.0,2.8,2.85,3.07,2.86,0.3571,0.3333,0.3571,1.0476,0,2022/2023,3,2023,football-data.co.uk,2026-05-22 12:09:26.222082
1000,2023-03-10,Cadiz,Getafe,2,2,D,2.5,2.88,3.3,2.57,2.87,3.51,0.4,0.3472,0.303,1.0503,0,2022/2023,3,2023,football-data.co.uk,2026-05-22 12:09:26.222082
1001,2023-03-11,Celta,Vallecano,3,0,H,2.1,3.2,4.0,2.13,3.2,4.05,0.4762,0.3125,0.25,1.0387,0,2022/2023,3,2023,football-data.co.uk,2026-05-22 12:09:26.222082
1002,2023-03-11,Elche,Valladolid,1,1,D,2.7,3.3,2.7,2.72,3.35,2.77,0.3704,0.303,0.3704,1.0438,0,2022/2023,3,2023,football-data.co.uk,2026-05-22 12:09:26.222082
1003,2023-03-11,Real Madrid,Espanol,3,1,H,1.25,6.5,9.5,1.27,6.17,11.72,0.8,0.1538,0.1053,1.0591,0,2022/2023,3,2023,football-data.co.uk,2026-05-22 12:09:26.222082
1004,2023-03-11,Valencia,Osasuna,1,0,H,2.1,3.2,3.8,2.12,3.24,4.04,0.4762,0.3125,0.2632,1.0518,0,2022/2023,3,2023,football-data.co.uk,2026-05-22 12:09:26.222082
1005,2023-03-12,Ath Bilbao,Barcelona,0,1,A,3.5,3.3,2.15,3.61,3.42,2.18,0.2857,0.303,0.4651,1.0539,0,2022/2023,3,2023,football-data.co.uk,2026-05-22 12:09:26.222082
1006,2023-03-12,Mallorca,Sociedad,1,1,D,3.5,2.9,2.38,3.68,2.92,2.42,0.2857,0.3448,0.4202,1.0507,0,2022/2023,3,2023,football-data.co.uk,2026-05-22 12:09:26.222082
1007,2023-03-12,Sevilla,Almeria,2,1,H,1.73,3.6,5.25,1.77,3.73,5.09,0.578,0.2778,0.1905,1.0463,0,2022/2023,3,2023,football-data.co.uk,2026-05-22 12:09:26.222082
1008,2023-03-12,Villarreal,Betis,1,1,D,1.95,3.6,3.8,2.01,3.75,3.79,0.5128,0.2778,0.2632,1.0538,0,2022/2023,3,2023,football-data.co.uk,2026-05-22 12:09:26.222082
1009,2023-03-13,Girona,Ath Madrid,0,1,A,3.75,3.4,2.05,3.75,3.4,2.14,0.2667,0.2941,0.4878,1.0486,0,2022/2023,3,2023,football-data.co.uk,2026-05-22 12:09:26.222082
1010,2023-03-17,Valladolid,Ath Bilbao,1,3,A,4.2,3.6,1.83,4.46,3.76,1.87,0.2381,0.2778,0.5464,1.0623,0,2022/2023,3,2023,football-data.co.uk,2026-05-22 12:09:26.222082
1011,2023-03-18,Almeria,Cadiz,1,1,D,2.0,3.5,3.6,2.1,3.43,3.85,0.5,0.2857,0.2778,1.0635,0,2022/2023,3,2023,football-data.co.uk,2026-05-22 12:09:26.222082
1012,2023-03-18,Ath Madrid,Valencia,3,0,H,1.55,4.2,5.75,1.56,4.05,7.06,0.6452,0.2381,0.1739,1.0572,0,2022/2023,3,2023,football-data.co.uk,2026-05-22 12:09:26.222082
1013,2023-03-18,Espanol,Celta,1,3,A,2.75,3.25,2.55,2.94,3.24,2.64,0.3636,0.3077,0.3922,1.0635,0,2022/2023,3,2023,football-data.co.uk,2026-05-22 12:09:26.222082
1014,2023-03-18,Vallecano,Girona,2,2,D,2.0,3.4,3.8,2.11,3.44,3.79,0.5,0.2941,0.2632,1.0573,0,2022/2023,3,2023,football-data.co.uk,2026-05-22 12:09:26.222082
1015,2023-03-19,Barcelona,Real Madrid,2,1,H,2.15,3.5,3.25,2.25,3.56,3.31,0.4651,0.2857,0.3077,1.0585,0,2022/2023,3,2023,football-data.co.uk,2026-05-22 12:09:26.222082
1016,2023-03-19,Betis,Mallorca,1,0,H,1.8,3.2,5.25,1.89,3.31,5.05,0.5556,0.3125,0.1905,1.0585,0,2022/2023,3,2023,football-data.co.uk,2026-05-22 12:09:26.222082
1017,2023-03-19,Getafe,Sevilla,2,0,H,2.9,3.1,2.5,3.04,3.07,2.69,0.3448,0.3226,0.4,1.0674,0,2022/2023,3,2023,football-data.co.uk,2026-05-22 12:09:26.222082
1018,2023-03-19,Osasuna,Villarreal,0,3,A,3.0,3.1,2.45,3.2,3.25,2.46,0.3333,0.3226,0.4082,1.0641,0,2022/2023,3,2023,football-data.co.uk,2026-05-22 12:09:26.222082
1019,2023-03-19,Sociedad,Elche,2,0,H,1.4,4.75,8.5,1.41,4.67,9.19,0.7143,0.2105,0.1176,1.0425,0,2022/2023,3,2023,football-data.co.uk,2026-05-22 12:09:26.222082
1020,2023-03-31,Mallorca,Osasuna,0,0,D,2.2,2.9,3.9,2.26,2.87,4.21,0.4545,0.3448,0.2564,1.0558,0,2022/2023,3,2023,football-data.co.uk,2026-05-22 12:09:26.222082
1021,2023-04-01,Ath Bilbao,Getafe,0,0,D,1.57,3.8,6.5,1.63,3.7,6.74,0.6369,0.2632,0.1538,1.0539,0,2022/2023,4,2023,football-data.co.uk,2026-05-22 12:09:26.222082
1022,2023-04-01,Cadiz,Sevilla,0,2,A,3.4,3.1,2.3,3.4,3.14,2.41,0.2941,0.3226,0.4348,1.0515,0,2022/2023,4,2023,football-data.co.uk,2026-05-22 12:09:26.222082
1023,2023-04-01,Elche,Barcelona,0,4,A,9.5,5.0,1.33,9.78,5.37,1.34,0.1053,0.2,0.7519,1.0571,0,2022/2023,4,2023,football-data.co.uk,2026-05-22 12:09:26.222082
1024,2023-04-01,Girona,Espanol,2,1,H,1.91,3.3,4.33,1.94,3.5,4.38,0.5236,0.303,0.2309,1.0575,0,2022/2023,4,2023,football-data.co.uk,2026-05-22 12:09:26.222082
1025,2023-04-02,Ath Madrid,Betis,1,0,H,1.53,4.0,6.5,1.54,4.27,6.78,0.6536,0.25,0.1538,1.0574,0,2022/2023,4,2023,football-data.co.uk,2026-05-22 12:09:26.222082
1026,2023-04-02,Celta,Almeria,2,2,D,1.55,4.0,6.0,1.58,4.22,6.21,0.6452,0.25,0.1667,1.0618,0,2022/2023,4,2023,football-data.co.uk,2026-05-22 12:09:26.222082
1027,2023-04-02,Real Madrid,Valladolid,6,0,H,1.2,7.5,11.0,1.21,7.44,13.47,0.8333,0.1333,0.0909,1.0576,0,2022/2023,4,2023,football-data.co.uk,2026-05-22 12:09:26.222082
1028,2023-04-02,Villarreal,Sociedad,2,0,H,2.4,3.1,3.2,2.46,3.23,3.21,0.4167,0.3226,0.3125,1.0517,0,2022/2023,4,2023,football-data.co.uk,2026-05-22 12:09:26.222082
1029,2023-04-03,Valencia,Vallecano,1,1,D,2.05,3.2,3.8,2.16,3.23,3.91,0.4878,0.3125,0.2632,1.0635,0,2022/2023,4,2023,football-data.co.uk,2026-05-22 12:09:26.222082
1030,2023-04-07,Sevilla,Celta,2,2,D,2.1,3.4,3.5,2.22,3.41,3.58,0.4762,0.2941,0.2857,1.056,0,2022/2023,4,2023,football-data.co.uk,2026-05-22 12:09:26.222082
1031,2023-04-08,Espanol,Ath Bilbao,1,2,A,3.5,3.2,2.2,3.59,3.24,2.27,0.2857,0.3125,0.4545,1.0528,0,2022/2023,4,2023,football-data.co.uk,2026-05-22 12:09:26.222082
1032,2023-04-08,Osasuna,Elche,2,1,H,1.73,3.6,5.0,1.77,3.57,5.39,0.578,0.2778,0.2,1.0558,0,2022/2023,4,2023,football-data.co.uk,2026-05-22 12:09:26.222082
1033,2023-04-08,Real Madrid,Villarreal,2,3,A,1.53,4.33,5.75,1.54,4.57,6.15,0.6536,0.2309,0.1739,1.0585,0,2022/2023,4,2023,football-data.co.uk,2026-05-22 12:09:26.222082
1034,2023-04-08,Sociedad,Getafe,2,0,H,1.7,3.3,6.0,1.71,3.43,6.46,0.5882,0.303,0.1667,1.0579,0,2022/2023,4,2023,football-data.co.uk,2026-05-22 12:09:26.222082
1035,2023-04-09,Almeria,Valencia,2,1,H,3.0,3.3,2.4,3.13,3.38,2.43,0.3333,0.303,0.4167,1.053,0,2022/2023,4,2023,football-data.co.uk,2026-05-22 12:09:26.222082
1036,2023-04-09,Betis,Cadiz,0,2,A,1.62,3.75,5.75,1.68,3.76,5.96,0.6173,0.2667,0.1739,1.0579,0,2022/2023,4,2023,football-data.co.uk,2026-05-22 12:09:26.222082
1037,2023-04-09,Valladolid,Mallorca,3,3,D,2.5,2.9,3.2,2.66,2.83,3.36,0.4,0.3448,0.3125,1.0573,0,2022/2023,4,2023,football-data.co.uk,2026-05-22 12:09:26.222082
1038,2023-04-09,Vallecano,Ath Madrid,1,2,A,4.33,3.5,1.85,4.68,3.45,1.9,0.2309,0.2857,0.5405,1.0572,0,2022/2023,4,2023,football-data.co.uk,2026-05-22 12:09:26.222082
1039,2023-04-10,Barcelona,Girona,0,0,D,1.3,5.5,10.0,1.31,5.83,10.1,0.7692,0.1818,0.1,1.051,0,2022/2023,4,2023,football-data.co.uk,2026-05-22 12:09:26.222082
1040,2023-04-14,Vallecano,Osasuna,2,1,H,2.2,3.1,3.6,2.22,3.13,3.87,0.4545,0.3226,0.2778,1.0549,0,2022/2023,4,2023,football-data.co.uk,2026-05-22 12:09:26.222082
1041,2023-04-15,Ath Bilbao,Sociedad,2,0,H,2.25,3.1,3.5,2.3,3.15,3.62,0.4444,0.3226,0.2857,1.0527,0,2022/2023,4,2023,football-data.co.uk,2026-05-22 12:09:26.222082
1042,2023-04-15,Betis,Espanol,3,1,H,1.83,3.5,4.5,1.85,3.6,4.74,0.5464,0.2857,0.2222,1.0544,0,2022/2023,4,2023,football-data.co.uk,2026-05-22 12:09:26.222082
1043,2023-04-15,Cadiz,Real Madrid,0,2,A,5.75,4.2,1.55,5.79,4.3,1.6,0.1739,0.2381,0.6452,1.0572,0,2022/2023,4,2023,football-data.co.uk,2026-05-22 12:09:26.222082
1044,2023-04-15,Villarreal,Valladolid,1,2,A,1.44,4.75,6.5,1.44,4.96,7.39,0.6944,0.2105,0.1538,1.0588,0,2022/2023,4,2023,football-data.co.uk,2026-05-22 12:09:26.222082
1045,2023-04-16,Ath Madrid,Almeria,2,1,H,1.22,7.0,11.0,1.23,6.46,14.07,0.8197,0.1429,0.0909,1.0534,0,2022/2023,4,2023,football-data.co.uk,2026-05-22 12:09:26.222082
1046,2023-04-16,Getafe,Barcelona,0,0,D,6.0,3.8,1.6,6.37,3.9,1.62,0.1667,0.2632,0.625,1.0548,0,2022/2023,4,2023,football-data.co.uk,2026-05-22 12:09:26.222082
1047,2023-04-16,Girona,Elche,2,0,H,1.53,4.33,6.0,1.54,4.37,6.51,0.6536,0.2309,0.1667,1.0512,0,2022/2023,4,2023,football-data.co.uk,2026-05-22 12:09:26.222082
1048,2023-04-16,Valencia,Sevilla,0,2,A,2.2,3.2,3.6,2.22,3.31,3.63,0.4545,0.3125,0.2778,1.0448,0,2022/2023,4,2023,football-data.co.uk,2026-05-22 12:09:26.222082
1049,2023-04-17,Celta,Mallorca,0,1,A,1.8,3.3,5.25,1.82,3.36,5.5,0.5556,0.303,0.1905,1.0491,0,2022/2023,4,2023,football-data.co.uk,2026-05-22 12:09:26.222082
1050,2023-04-21,Espanol,Cadiz,0,0,D,2.05,3.25,3.8,2.1,3.37,4.0,0.4878,0.3077,0.2632,1.0587,0,2022/2023,4,2023,football-data.co.uk,2026-05-22 12:09:26.222082
1051,2023-04-22,Almeria,Ath Bilbao,1,2,A,3.8,3.75,1.85,4.16,3.78,1.91,0.2632,0.2667,0.5405,1.0704,0,2022/2023,4,2023,football-data.co.uk,2026-05-22 12:09:26.222082
1052,2023-04-22,Osasuna,Betis,3,2,H,2.55,3.2,2.88,2.7,3.18,2.92,0.3922,0.3125,0.3472,1.0519,0,2022/2023,4,2023,football-data.co.uk,2026-05-22 12:09:26.222082
1053,2023-04-22,Real Madrid,Celta,2,0,H,1.36,5.0,9.0,1.38,5.42,8.07,0.7353,0.2,0.1111,1.0464,0,2022/2023,4,2023,football-data.co.uk,2026-05-22 12:09:26.222082
1054,2023-04-22,Sociedad,Vallecano,2,1,H,1.67,3.5,6.0,1.67,3.69,6.17,0.5988,0.2857,0.1667,1.0512,0,2022/2023,4,2023,football-data.co.uk,2026-05-22 12:09:26.222082
1055,2023-04-22,Valladolid,Girona,1,0,H,2.5,3.4,2.8,2.49,3.52,2.93,0.4,0.2941,0.3571,1.0513,0,2022/2023,4,2023,football-data.co.uk,2026-05-22 12:09:26.222082
1056,2023-04-23,Barcelona,Ath Madrid,1,0,H,1.95,3.3,4.2,1.98,3.47,4.23,0.5128,0.303,0.2381,1.0539,0,2022/2023,4,2023,football-data.co.uk,2026-05-22 12:09:26.222082
1057,2023-04-23,Elche,Valencia,0,2,A,4.33,3.5,1.85,4.53,3.58,1.89,0.2309,0.2857,0.5405,1.0572,0,2022/2023,4,2023,football-data.co.uk,2026-05-22 12:09:26.222082
1058,2023-04-23,Mallorca,Getafe,3,1,H,2.3,2.88,3.75,2.41,2.8,3.92,0.4348,0.3472,0.2667,1.0487,0,2022/2023,4,2023,football-data.co.uk,2026-05-22 12:09:26.222082
1059,2023-04-23,Sevilla,Villarreal,2,1,H,2.75,3.4,2.55,2.87,3.46,2.57,0.3636,0.2941,0.3922,1.0499,0,2022/2023,4,2023,football-data.co.uk,2026-05-22 12:09:26.222082
1060,2023-04-25,Betis,Sociedad,0,0,D,2.75,3.25,2.63,2.88,3.28,2.71,0.3636,0.3077,0.3802,1.0516,0,2022/2023,4,2023,football-data.co.uk,2026-05-22 12:09:26.222082
1061,2023-04-25,Cadiz,Osasuna,0,1,A,2.3,3.1,3.4,2.4,3.22,3.39,0.4348,0.3226,0.2941,1.0515,0,2022/2023,4,2023,football-data.co.uk,2026-05-22 12:09:26.222082
1062,2023-04-25,Girona,Real Madrid,4,2,H,5.25,4.33,1.57,5.56,4.55,1.6,0.1905,0.2309,0.6369,1.0584,0,2022/2023,4,2023,football-data.co.uk,2026-05-22 12:09:26.222082
1063,2023-04-26,Ath Madrid,Mallorca,3,1,H,1.4,4.33,8.5,1.43,4.3,9.97,0.7143,0.2309,0.1176,1.0629,0,2022/2023,4,2023,football-data.co.uk,2026-05-22 12:09:26.222082
1064,2023-04-26,Celta,Elche,1,0,H,1.3,5.25,10.0,1.33,5.33,10.76,0.7692,0.1905,0.1,1.0597,0,2022/2023,4,2023,football-data.co.uk,2026-05-22 12:09:26.222082
1065,2023-04-26,Getafe,Almeria,1,2,A,1.91,3.3,4.5,1.9,3.53,4.53,0.5236,0.303,0.2222,1.0488,0,2022/2023,4,2023,football-data.co.uk,2026-05-22 12:09:26.222082
1066,2023-04-26,Vallecano,Barcelona,2,1,H,4.75,3.75,1.73,5.02,3.84,1.75,0.2105,0.2667,0.578,1.0552,0,2022/2023,4,2023,football-data.co.uk,2026-05-22 12:09:26.222082
1067,2023-04-27,Ath Bilbao,Sevilla,0,1,A,1.75,3.6,4.5,1.8,3.73,4.85,0.5714,0.2778,0.2222,1.0714,0,2022/2023,4,2023,football-data.co.uk,2026-05-22 12:09:26.222082
1068,2023-04-27,Valencia,Valladolid,2,1,H,1.75,3.75,4.75,1.75,3.85,5.03,0.5714,0.2667,0.2105,1.0486,0,2022/2023,4,2023,football-data.co.uk,2026-05-22 12:09:26.222082
1069,2023-04-27,Villarreal,Espanol,4,2,H,1.57,4.0,6.0,1.6,4.17,6.01,0.6369,0.25,0.1667,1.0536,0,2022/2023,4,2023,football-data.co.uk,2026-05-22 12:09:26.222082
1070,2023-04-28,Osasuna,Sociedad,0,2,A,3.75,3.0,2.2,4.02,3.02,2.26,0.2667,0.3333,0.4545,1.0545,0,2022/2023,4,2023,football-data.co.uk,2026-05-22 12:09:26.222082
1071,2023-04-29,Barcelona,Betis,4,0,H,1.33,5.0,9.0,1.36,5.35,9.18,0.7519,0.2,0.1111,1.063,0,2022/2023,4,2023,football-data.co.uk,2026-05-22 12:09:26.222082
1072,2023-04-29,Elche,Vallecano,4,0,H,4.75,3.5,1.8,4.84,3.6,1.83,0.2105,0.2857,0.5556,1.0518,0,2022/2023,4,2023,football-data.co.uk,2026-05-22 12:09:26.222082
1073,2023-04-29,Real Madrid,Almeria,4,2,H,1.14,8.5,15.0,1.17,8.84,14.49,0.8772,0.1176,0.0667,1.0615,0,2022/2023,4,2023,football-data.co.uk,2026-05-22 12:09:26.222082
1074,2023-04-30,Cadiz,Valencia,2,1,H,3.1,3.1,2.45,3.04,3.25,2.56,0.3226,0.3226,0.4082,1.0533,0,2022/2023,4,2023,football-data.co.uk,2026-05-22 12:09:26.222082
1075,2023-04-30,Espanol,Getafe,1,0,H,2.38,3.0,3.3,2.44,3.03,3.48,0.4202,0.3333,0.303,1.0565,0,2022/2023,4,2023,football-data.co.uk,2026-05-22 12:09:26.222082
1076,2023-04-30,Valladolid,Ath Madrid,2,5,A,5.5,3.8,1.65,5.41,4.12,1.66,0.1818,0.2632,0.6061,1.051,0,2022/2023,4,2023,football-data.co.uk,2026-05-22 12:09:26.222082
1077,2023-04-30,Villarreal,Celta,3,1,H,1.8,3.6,4.5,1.83,3.93,4.34,0.5556,0.2778,0.2222,1.0556,0,2022/2023,4,2023,football-data.co.uk,2026-05-22 12:09:26.222082
1078,2023-05-01,Mallorca,Ath Bilbao,1,1,D,3.6,3.0,2.25,3.66,3.05,2.34,0.2778,0.3333,0.4444,1.0556,0,2022/2023,5,2023,football-data.co.uk,2026-05-22 12:09:26.222082
1079,2023-05-01,Sevilla,Girona,0,2,A,1.95,3.5,3.8,2.01,3.55,4.02,0.5128,0.2857,0.2632,1.0617,0,2022/2023,5,2023,football-data.co.uk,2026-05-22 12:09:26.222082
1080,2023-05-02,Almeria,Elche,2,1,H,1.62,4.33,5.0,1.63,4.37,5.42,0.6173,0.2309,0.2,1.0482,0,2022/2023,5,2023,football-data.co.uk,2026-05-22 12:09:26.222082
1081,2023-05-02,Barcelona,Osasuna,1,0,H,1.14,7.5,19.0,1.19,7.5,18.0,0.8772,0.1333,0.0526,1.0632,0,2022/2023,5,2023,football-data.co.uk,2026-05-22 12:09:26.222082
1082,2023-05-02,Sociedad,Real Madrid,2,0,H,2.55,3.4,2.8,2.57,3.4,2.95,0.3922,0.2941,0.3571,1.0434,0,2022/2023,5,2023,football-data.co.uk,2026-05-22 12:09:26.222082
1083,2023-05-03,Ath Madrid,Cadiz,5,1,H,1.29,5.5,12.0,1.28,5.86,12.9,0.7752,0.1818,0.0833,1.0403,0,2022/2023,5,2023,football-data.co.uk,2026-05-22 12:09:26.222082
1084,2023-05-03,Getafe,Celta,1,0,H,2.55,3.0,3.1,2.59,3.03,3.21,0.3922,0.3333,0.3226,1.0481,0,2022/2023,5,2023,football-data.co.uk,2026-05-22 12:09:26.222082
1085,2023-05-03,Valencia,Villarreal,1,1,D,2.75,3.3,2.55,2.78,3.47,2.64,0.3636,0.303,0.3922,1.0588,0,2022/2023,5,2023,football-data.co.uk,2026-05-22 12:09:26.222082
1086,2023-05-04,Ath Bilbao,Betis,0,1,A,1.7,4.0,4.75,1.68,3.96,5.54,0.5882,0.25,0.2105,1.0488,0,2022/2023,5,2023,football-data.co.uk,2026-05-22 12:09:26.222082
1087,2023-05-04,Girona,Mallorca,2,1,H,2.1,3.2,3.75,2.14,3.26,3.95,0.4762,0.3125,0.2667,1.0554,0,2022/2023,5,2023,football-data.co.uk,2026-05-22 12:09:26.222082
1088,2023-05-04,Sevilla,Espanol,3,2,H,1.83,3.6,4.2,1.85,3.65,4.66,0.5464,0.2778,0.2381,1.0623,0,2022/2023,5,2023,football-data.co.uk,2026-05-22 12:09:26.222082
1089,2023-05-04,Vallecano,Valladolid,2,1,H,1.73,3.8,4.75,1.81,3.74,4.73,0.578,0.2632,0.2105,1.0517,0,2022/2023,5,2023,football-data.co.uk,2026-05-22 12:09:26.222082
1090,2023-05-12,Mallorca,Cadiz,1,0,H,2.15,2.9,4.0,2.25,3.02,4.05,0.4651,0.3448,0.25,1.0599,0,2022/2023,5,2023,football-data.co.uk,2026-05-22 12:09:26.222082
1091,2023-05-13,Osasuna,Almeria,3,1,H,2.05,3.5,3.6,2.09,3.68,3.61,0.4878,0.2857,0.2778,1.0513,0,2022/2023,5,2023,football-data.co.uk,2026-05-22 12:09:26.222082
1092,2023-05-13,Real Madrid,Getafe,1,0,H,1.55,4.0,6.5,1.59,4.18,6.11,0.6452,0.25,0.1538,1.049,0,2022/2023,5,2023,football-data.co.uk,2026-05-22 12:09:26.222082
1093,2023-05-13,Sociedad,Girona,2,2,D,1.62,4.0,5.5,1.66,3.96,5.69,0.6173,0.25,0.1818,1.0491,0,2022/2023,5,2023,football-data.co.uk,2026-05-22 12:09:26.222082
1094,2023-05-13,Villarreal,Ath Bilbao,5,1,H,2.1,3.5,3.4,2.17,3.56,3.5,0.4762,0.2857,0.2941,1.056,0,2022/2023,5,2023,football-data.co.uk,2026-05-22 12:09:26.222082
1095,2023-05-14,Celta,Valencia,1,2,A,2.2,3.3,3.4,2.32,3.22,3.5,0.4545,0.303,0.2941,1.0517,0,2022/2023,5,2023,football-data.co.uk,2026-05-22 12:09:26.222082
1096,2023-05-14,Elche,Ath Madrid,1,0,H,8.0,5.0,1.36,9.07,5.3,1.36,0.125,0.2,0.7353,1.0603,0,2022/2023,5,2023,football-data.co.uk,2026-05-22 12:09:26.222082
1097,2023-05-14,Espanol,Barcelona,2,4,A,5.25,4.0,1.65,5.61,4.17,1.63,0.1905,0.25,0.6061,1.0465,0,2022/2023,5,2023,football-data.co.uk,2026-05-22 12:09:26.222082
1098,2023-05-14,Valladolid,Sevilla,0,3,A,2.25,3.5,3.1,2.25,3.63,3.25,0.4444,0.2857,0.3226,1.0527,0,2022/2023,5,2023,football-data.co.uk,2026-05-22 12:09:26.222082
1099,2023-05-15,Betis,Vallecano,3,1,H,1.91,3.5,4.0,1.93,3.59,4.27,0.5236,0.2857,0.25,1.0593,0,2022/2023,5,2023,football-data.co.uk,2026-05-22 12:09:26.222082
1100,2023-05-19,Cadiz,Valladolid,2,0,H,2.2,3.4,3.3,2.28,3.43,3.35,0.4545,0.2941,0.303,1.0517,0,2022/2023,5,2023,football-data.co.uk,2026-05-22 12:09:26.222082
1101,2023-05-20,Almeria,Mallorca,3,0,H,2.25,3.25,3.3,2.32,3.33,3.38,0.4444,0.3077,0.303,1.0552,0,2022/2023,5,2023,football-data.co.uk,2026-05-22 12:09:26.222082
1102,2023-05-20,Ath Bilbao,Celta,2,1,H,1.62,3.8,5.5,1.66,3.99,5.65,0.6173,0.2632,0.1818,1.0623,0,2022/2023,5,2023,football-data.co.uk,2026-05-22 12:09:26.222082
1103,2023-05-20,Barcelona,Sociedad,1,2,A,1.8,3.75,4.33,1.84,3.82,4.45,0.5556,0.2667,0.2309,1.0532,0,2022/2023,5,2023,football-data.co.uk,2026-05-22 12:09:26.222082
1104,2023-05-20,Getafe,Elche,1,1,D,1.5,4.0,7.0,1.51,4.2,7.67,0.6667,0.25,0.1429,1.0595,0,2022/2023,5,2023,football-data.co.uk,2026-05-22 12:09:26.222082
1105,2023-05-20,Girona,Villarreal,1,2,A,2.8,3.75,2.3,2.88,3.83,2.38,0.3571,0.2667,0.4348,1.0586,0,2022/2023,5,2023,football-data.co.uk,2026-05-22 12:09:26.222082
1106,2023-05-21,Ath Madrid,Osasuna,3,0,H,1.36,4.75,8.0,1.39,5.09,8.48,0.7353,0.2105,0.125,1.0708,0,2022/2023,5,2023,football-data.co.uk,2026-05-22 12:09:26.222082
1107,2023-05-21,Sevilla,Betis,0,0,D,2.3,3.3,3.1,2.37,3.42,3.18,0.4348,0.303,0.3226,1.0604,0,2022/2023,5,2023,football-data.co.uk,2026-05-22 12:09:26.222082
1108,2023-05-21,Valencia,Real Madrid,1,0,H,3.2,3.5,2.2,3.24,3.7,2.22,0.3125,0.2857,0.4545,1.0528,0,2022/2023,5,2023,football-data.co.uk,2026-05-22 12:09:26.222082
1109,2023-05-21,Vallecano,Espanol,1,2,A,2.15,3.4,3.4,2.17,3.53,3.51,0.4651,0.2941,0.2941,1.0534,0,2022/2023,5,2023,football-data.co.uk,2026-05-22 12:09:26.222082
1110,2023-05-23,Celta,Girona,1,1,D,2.0,3.5,3.75,2.05,3.54,3.87,0.5,0.2857,0.2667,1.0524,0,2022/2023,5,2023,football-data.co.uk,2026-05-22 12:09:26.222082
1111,2023-05-23,Sociedad,Almeria,1,0,H,1.36,5.0,8.0,1.38,5.05,9.06,0.7353,0.2,0.125,1.0603,0,2022/2023,5,2023,football-data.co.uk,2026-05-22 12:09:26.222082
1112,2023-05-23,Valladolid,Barcelona,3,1,H,3.6,3.8,1.91,3.62,3.94,2.0,0.2778,0.2632,0.5236,1.0645,0,2022/2023,5,2023,football-data.co.uk,2026-05-22 12:09:26.222082
1113,2023-05-24,Betis,Getafe,0,1,A,2.0,3.2,4.2,2.08,3.28,4.12,0.5,0.3125,0.2381,1.0506,0,2022/2023,5,2023,football-data.co.uk,2026-05-22 12:09:26.222082
1114,2023-05-24,Elche,Sevilla,1,1,D,4.0,3.75,1.91,4.1,3.79,1.92,0.25,0.2667,0.5236,1.0402,0,2022/2023,5,2023,football-data.co.uk,2026-05-22 12:09:26.222082
1115,2023-05-24,Espanol,Ath Madrid,3,3,D,2.88,3.5,2.38,3.04,3.68,2.35,0.3472,0.2857,0.4202,1.0531,0,2022/2023,5,2023,football-data.co.uk,2026-05-22 12:09:26.222082
1116,2023-05-24,Real Madrid,Vallecano,2,1,H,1.62,4.0,5.25,1.65,4.32,5.13,0.6173,0.25,0.1905,1.0578,0,2022/2023,5,2023,football-data.co.uk,2026-05-22 12:09:26.222082
1117,2023-05-24,Villarreal,Cadiz,2,0,H,1.44,4.5,7.0,1.49,4.59,7.06,0.6944,0.2222,0.1429,1.0595,0,2022/2023,5,2023,football-data.co.uk,2026-05-22 12:09:26.222082
1118,2023-05-25,Mallorca,Valencia,1,0,H,3.3,3.0,2.4,3.43,2.97,2.5,0.303,0.3333,0.4167,1.053,0,2022/2023,5,2023,football-data.co.uk,2026-05-22 12:09:26.222082
1119,2023-05-25,Osasuna,Ath Bilbao,2,0,H,3.0,3.25,2.45,3.08,3.37,2.46,0.3333,0.3077,0.4082,1.0492,0,2022/2023,5,2023,football-data.co.uk,2026-05-22 12:09:26.222082
1120,2023-05-27,Sevilla,Real Madrid,1,2,A,2.88,3.5,2.4,2.94,3.5,2.49,0.3472,0.2857,0.4167,1.0496,0,2022/2023,5,2023,football-data.co.uk,2026-05-22 12:09:26.222082
1121,2023-05-28,Almeria,Valladolid,0,0,D,2.25,3.4,3.1,2.35,3.47,3.18,0.4444,0.2941,0.3226,1.0611,0,2022/2023,5,2023,football-data.co.uk,2026-05-22 12:09:26.222082
1122,2023-05-28,Ath Bilbao,Elche,0,1,A,1.3,5.0,11.0,1.35,5.56,9.18,0.7692,0.2,0.0909,1.0601,0,2022/2023,5,2023,football-data.co.uk,2026-05-22 12:09:26.222082
1123,2023-05-28,Ath Madrid,Sociedad,2,1,H,2.0,3.5,3.6,2.08,3.48,3.83,0.5,0.2857,0.2778,1.0635,0,2022/2023,5,2023,football-data.co.uk,2026-05-22 12:09:26.222082
1124,2023-05-28,Barcelona,Mallorca,3,0,H,1.33,5.0,9.5,1.33,5.59,10.15,0.7519,0.2,0.1053,1.0571,0,2022/2023,5,2023,football-data.co.uk,2026-05-22 12:09:26.222082
1125,2023-05-28,Cadiz,Celta,1,0,H,2.6,3.1,2.75,2.72,3.23,2.86,0.3846,0.3226,0.3636,1.0708,0,2022/2023,5,2023,football-data.co.uk,2026-05-22 12:09:26.222082
1126,2023-05-28,Getafe,Osasuna,2,1,H,2.2,3.1,3.5,2.29,3.13,3.69,0.4545,0.3226,0.2857,1.0628,0,2022/2023,5,2023,football-data.co.uk,2026-05-22 12:09:26.222082
1127,2023-05-28,Girona,Betis,1,2,A,1.95,3.6,3.6,1.99,3.71,3.91,0.5128,0.2778,0.2778,1.0684,0,2022/2023,5,2023,football-data.co.uk,2026-05-22 12:09:26.222082
1128,2023-05-28,Valencia,Espanol,2,2,D,2.0,3.75,3.4,2.02,3.78,3.71,0.5,0.2667,0.2941,1.0608,0,2022/2023,5,2023,football-data.co.uk,2026-05-22 12:09:26.222082
1129,2023-05-28,Vallecano,Villarreal,2,1,H,3.0,3.6,2.2,3.08,3.92,2.23,0.3333,0.2778,0.4545,1.0657,0,2022/2023,5,2023,football-data.co.uk,2026-05-22 12:09:26.222082
1130,2023-06-04,Betis,Valencia,1,1,D,2.63,3.6,2.5,2.86,3.59,2.47,0.3802,0.2778,0.4,1.058,0,2022/2023,6,2023,football-data.co.uk,2026-05-22 12:09:26.222082
1131,2023-06-04,Celta,Barcelona,2,1,H,2.6,3.8,2.5,2.61,3.85,2.57,0.3846,0.2632,0.4,1.0478,0,2022/2023,6,2023,football-data.co.uk,2026-05-22 12:09:26.222082
1132,2023-06-04,Elche,Cadiz,1,1,D,2.63,3.4,2.63,2.72,3.34,2.73,0.3802,0.2941,0.3802,1.0546,0,2022/2023,6,2023,football-data.co.uk,2026-05-22 12:09:26.222082
1133,2023-06-04,Espanol,Almeria,3,3,D,2.75,3.8,2.38,2.82,3.69,2.46,0.3636,0.2632,0.4202,1.047,0,2022/2023,6,2023,football-data.co.uk,2026-05-22 12:09:26.222082
1134,2023-06-04,Mallorca,Vallecano,3,0,H,3.0,3.3,2.38,3.1,3.41,2.4,0.3333,0.303,0.4202,1.0565,0,2022/2023,6,2023,football-data.co.uk,2026-05-22 12:09:26.222082
1135,2023-06-04,Osasuna,Girona,2,1,H,2.05,3.6,3.4,2.16,3.59,3.42,0.4878,0.2778,0.2941,1.0597,0,2022/2023,6,2023,football-data.co.uk,2026-05-22 12:09:26.222082
1136,2023-06-04,Real Madrid,Ath Bilbao,1,1,D,1.91,3.75,3.75,1.93,3.97,3.81,0.5236,0.2667,0.2667,1.0569,0,2022/2023,6,2023,football-data.co.uk,2026-05-22 12:09:26.222082
1137,2023-06-04,Sociedad,Sevilla,2,1,H,1.73,3.9,4.6,1.72,4.17,4.65,0.578,0.2564,0.2174,1.0518,0,2022/2023,6,2023,football-data.co.uk,2026-05-22 12:09:26.222082
1138,2023-06-04,Valladolid,Getafe,0,0,D,2.2,3.3,3.4,2.28,3.32,3.39,0.4545,0.303,0.2941,1.0517,0,2022/2023,6,2023,football-data.co.uk,2026-05-22 12:09:26.222082
1139,2023-06-04,Villarreal,Ath Madrid,2,2,D,2.7,3.5,2.5,2.67,3.69,2.58,0.3704,0.2857,0.4,1.0561,0,2022/2023,6,2023,football-data.co.uk,2026-05-22 12:09:26.222082
1140,2023-08-11,Almeria,Vallecano,0,2,A,2.45,3.3,2.9,2.62,3.3,2.96,0.4082,0.303,0.3448,1.056,0,2023/2024,8,2023,football-data.co.uk,2026-05-22 12:09:26.222082
1141,2023-08-11,Sevilla,Valencia,1,2,A,1.91,3.5,4.2,1.95,3.47,4.48,0.5236,0.2857,0.2381,1.0474,0,2023/2024,8,2023,football-data.co.uk,2026-05-22 12:09:26.222082
1142,2023-08-12,Ath Bilbao,Real Madrid,0,2,A,3.3,3.5,2.15,3.43,3.58,2.19,0.303,0.2857,0.4651,1.0539,0,2023/2024,8,2023,football-data.co.uk,2026-05-22 12:09:26.222082
1143,2023-08-12,Las Palmas,Mallorca,1,1,D,2.4,3.0,3.3,2.45,3.02,3.46,0.4167,0.3333,0.303,1.053,0,2023/2024,8,2023,football-data.co.uk,2026-05-22 12:09:26.222082
1144,2023-08-12,Sociedad,Girona,1,1,D,1.62,4.0,5.25,1.65,4.05,5.66,0.6173,0.25,0.1905,1.0578,0,2023/2024,8,2023,football-data.co.uk,2026-05-22 12:09:26.222082
1145,2023-08-13,Celta,Osasuna,0,2,A,2.05,3.2,3.9,2.15,3.19,3.99,0.4878,0.3125,0.2564,1.0567,0,2023/2024,8,2023,football-data.co.uk,2026-05-22 12:09:26.222082
1146,2023-08-13,Getafe,Barcelona,0,0,D,6.5,3.8,1.57,6.69,4.04,1.57,0.1538,0.2632,0.6369,1.0539,0,2023/2024,8,2023,football-data.co.uk,2026-05-22 12:09:26.222082
1147,2023-08-13,Villarreal,Betis,1,2,A,1.75,4.0,4.2,1.81,3.98,4.43,0.5714,0.25,0.2381,1.0595,0,2023/2024,8,2023,football-data.co.uk,2026-05-22 12:09:26.222082
1148,2023-08-14,Ath Madrid,Granada,3,1,H,1.3,5.5,9.5,1.31,5.76,10.3,0.7692,0.1818,0.1053,1.0563,0,2023/2024,8,2023,football-data.co.uk,2026-05-22 12:09:26.222082
1149,2023-08-14,Cadiz,Alaves,1,0,H,2.2,3.0,3.75,2.25,3.08,3.86,0.4545,0.3333,0.2667,1.0545,0,2023/2024,8,2023,football-data.co.uk,2026-05-22 12:09:26.222082
1150,2023-08-18,Mallorca,Villarreal,0,1,A,2.8,3.2,2.6,3.04,3.13,2.68,0.3571,0.3125,0.3846,1.0543,0,2023/2024,8,2023,football-data.co.uk,2026-05-22 12:09:26.222082
1151,2023-08-18,Valencia,Las Palmas,1,0,H,1.57,3.9,6.0,1.61,4.02,6.49,0.6369,0.2564,0.1667,1.06,0,2023/2024,8,2023,football-data.co.uk,2026-05-22 12:09:26.222082
1152,2023-08-19,Almeria,Real Madrid,1,3,A,8.0,4.75,1.4,8.15,5.11,1.4,0.125,0.2105,0.7143,1.0498,0,2023/2024,8,2023,football-data.co.uk,2026-05-22 12:09:26.222082
1153,2023-08-19,Osasuna,Ath Bilbao,0,2,A,2.9,3.0,2.63,2.89,3.1,2.79,0.3448,0.3333,0.3802,1.0584,0,2023/2024,8,2023,football-data.co.uk,2026-05-22 12:09:26.222082
1154,2023-08-19,Sociedad,Celta,1,1,D,1.73,3.4,5.5,1.76,3.54,5.57,0.578,0.2941,0.1818,1.054,0,2023/2024,8,2023,football-data.co.uk,2026-05-22 12:09:26.222082
1155,2023-08-20,Barcelona,Cadiz,2,0,H,1.2,7.0,13.0,1.21,6.9,14.96,0.8333,0.1429,0.0769,1.0531,0,2023/2024,8,2023,football-data.co.uk,2026-05-22 12:09:26.222082
1156,2023-08-20,Betis,Ath Madrid,0,0,D,3.8,3.4,2.0,3.93,3.57,2.02,0.2632,0.2941,0.5,1.0573,0,2023/2024,8,2023,football-data.co.uk,2026-05-22 12:09:26.222082
1157,2023-08-20,Girona,Getafe,3,0,H,2.05,3.1,4.0,2.06,3.22,4.31,0.4878,0.3226,0.25,1.0604,0,2023/2024,8,2023,football-data.co.uk,2026-05-22 12:09:26.222082
1158,2023-08-21,Alaves,Sevilla,4,3,H,3.3,3.1,2.35,3.45,3.1,2.41,0.303,0.3226,0.4255,1.0511,0,2023/2024,8,2023,football-data.co.uk,2026-05-22 12:09:26.222082
1159,2023-08-21,Granada,Vallecano,0,2,A,2.75,3.0,2.8,2.68,3.09,3.03,0.3636,0.3333,0.3571,1.0541,0,2023/2024,8,2023,football-data.co.uk,2026-05-22 12:09:26.222082
1160,2023-08-25,Celta,Real Madrid,0,1,A,4.75,3.9,1.7,4.93,3.97,1.75,0.2105,0.2564,0.5882,1.0552,0,2023/2024,8,2023,football-data.co.uk,2026-05-22 12:09:26.222082
1161,2023-08-25,Las Palmas,Sociedad,0,0,D,4.33,3.1,2.0,4.23,3.36,2.04,0.2309,0.3226,0.5,1.0535,0,2023/2024,8,2023,football-data.co.uk,2026-05-22 12:09:26.222082
1162,2023-08-26,Cadiz,Almeria,1,1,D,2.25,3.2,3.3,2.24,3.44,3.44,0.4444,0.3125,0.303,1.06,0,2023/2024,8,2023,football-data.co.uk,2026-05-22 12:09:26.222082
1163,2023-08-26,Granada,Mallorca,3,2,H,2.6,3.0,3.0,2.71,3.03,3.05,0.3846,0.3333,0.3333,1.0513,0,2023/2024,8,2023,football-data.co.uk,2026-05-22 12:09:26.222082
1164,2023-08-26,Sevilla,Girona,1,2,A,2.05,3.4,3.6,2.1,3.52,3.73,0.4878,0.2941,0.2778,1.0597,0,2023/2024,8,2023,football-data.co.uk,2026-05-22 12:09:26.222082
1165,2023-08-27,Ath Bilbao,Betis,4,2,H,1.85,3.5,4.2,1.96,3.7,4.0,0.5405,0.2857,0.2381,1.0644,0,2023/2024,8,2023,football-data.co.uk,2026-05-22 12:09:26.222082
1166,2023-08-27,Valencia,Osasuna,1,2,A,1.91,3.4,4.0,1.89,3.56,4.53,0.5236,0.2941,0.25,1.0677,0,2023/2024,8,2023,football-data.co.uk,2026-05-22 12:09:26.222082
1167,2023-08-27,Villarreal,Barcelona,3,4,A,3.6,3.5,2.0,3.62,3.76,2.06,0.2778,0.2857,0.5,1.0635,0,2023/2024,8,2023,football-data.co.uk,2026-05-22 12:09:26.222082
1168,2023-08-28,Getafe,Alaves,1,0,H,2.2,2.88,3.8,2.36,2.89,3.88,0.4545,0.3472,0.2632,1.0649,0,2023/2024,8,2023,football-data.co.uk,2026-05-22 12:09:26.222082
1169,2023-08-28,Vallecano,Ath Madrid,0,7,A,4.2,3.3,1.95,4.16,3.48,2.0,0.2381,0.303,0.5128,1.0539,0,2023/2024,8,2023,football-data.co.uk,2026-05-22 12:09:26.222082
1170,2023-09-01,Almeria,Celta,2,3,A,2.8,3.4,2.5,3.04,3.33,2.55,0.3571,0.2941,0.4,1.0513,0,2023/2024,9,2023,football-data.co.uk,2026-05-22 12:09:26.222082
1171,2023-09-01,Cadiz,Villarreal,3,1,H,3.4,3.4,2.15,3.43,3.59,2.21,0.2941,0.2941,0.4651,1.0534,0,2023/2024,9,2023,football-data.co.uk,2026-05-22 12:09:26.222082
1172,2023-09-02,Alaves,Valencia,1,0,H,2.9,2.88,2.75,2.96,2.99,2.82,0.3448,0.3472,0.3636,1.0557,0,2023/2024,9,2023,football-data.co.uk,2026-05-22 12:09:26.222082
1173,2023-09-02,Betis,Vallecano,1,0,H,1.95,3.4,4.0,1.98,3.55,4.14,0.5128,0.2941,0.25,1.0569,0,2023/2024,9,2023,football-data.co.uk,2026-05-22 12:09:26.222082
1174,2023-09-02,Real Madrid,Getafe,2,1,H,1.33,5.25,9.5,1.34,5.13,10.76,0.7519,0.1905,0.1053,1.0476,0,2023/2024,9,2023,football-data.co.uk,2026-05-22 12:09:26.222082
1175,2023-09-02,Sociedad,Granada,5,3,H,1.44,4.5,7.0,1.47,4.63,7.49,0.6944,0.2222,0.1429,1.0595,0,2023/2024,9,2023,football-data.co.uk,2026-05-22 12:09:26.222082
1176,2023-09-03,Girona,Las Palmas,1,0,H,1.67,3.8,5.25,1.69,3.83,5.59,0.5988,0.2632,0.1905,1.0524,0,2023/2024,9,2023,football-data.co.uk,2026-05-22 12:09:26.222082
1177,2023-09-03,Mallorca,Ath Bilbao,0,0,D,3.3,3.0,2.38,3.3,3.11,2.49,0.303,0.3333,0.4202,1.0565,0,2023/2024,9,2023,football-data.co.uk,2026-05-22 12:09:26.222082
1178,2023-09-03,Osasuna,Barcelona,1,2,A,5.25,4.0,1.65,5.37,4.17,1.65,0.1905,0.25,0.6061,1.0465,0,2023/2024,9,2023,football-data.co.uk,2026-05-22 12:09:26.222082
1179,2023-09-15,Vallecano,Alaves,2,0,H,2.0,3.25,4.0,2.03,3.23,4.52,0.5,0.3077,0.25,1.0577,0,2023/2024,9,2023,football-data.co.uk,2026-05-22 12:09:26.222082
1180,2023-09-16,Ath Bilbao,Cadiz,3,0,H,1.53,4.0,7.0,1.56,4.17,6.66,0.6536,0.25,0.1429,1.0465,0,2023/2024,9,2023,football-data.co.uk,2026-05-22 12:09:26.222082
1181,2023-09-16,Barcelona,Betis,5,0,H,1.36,5.25,7.5,1.38,5.4,8.04,0.7353,0.1905,0.1333,1.0591,0,2023/2024,9,2023,football-data.co.uk,2026-05-22 12:09:26.222082
1182,2023-09-16,Celta,Mallorca,0,1,A,2.0,3.1,4.33,2.08,3.13,4.4,0.5,0.3226,0.2309,1.0535,0,2023/2024,9,2023,football-data.co.uk,2026-05-22 12:09:26.222082
1183,2023-09-16,Valencia,Ath Madrid,3,0,H,3.8,3.3,2.05,3.93,3.41,2.08,0.2632,0.303,0.4878,1.054,0,2023/2024,9,2023,football-data.co.uk,2026-05-22 12:09:26.222082
1184,2023-09-17,Getafe,Osasuna,3,2,H,2.63,3.0,3.0,2.65,2.93,3.24,0.3802,0.3333,0.3333,1.0469,0,2023/2024,9,2023,football-data.co.uk,2026-05-22 12:09:26.222082
1185,2023-09-17,Real Madrid,Sociedad,2,1,H,1.65,4.0,5.0,1.69,3.97,5.31,0.6061,0.25,0.2,1.0561,0,2023/2024,9,2023,football-data.co.uk,2026-05-22 12:09:26.222082
1186,2023-09-17,Sevilla,Las Palmas,1,0,H,1.62,4.0,5.5,1.64,3.93,5.99,0.6173,0.25,0.1818,1.0491,0,2023/2024,9,2023,football-data.co.uk,2026-05-22 12:09:26.222082
1187,2023-09-17,Villarreal,Almeria,2,1,H,1.44,4.5,7.0,1.48,4.98,6.38,0.6944,0.2222,0.1429,1.0595,0,2023/2024,9,2023,football-data.co.uk,2026-05-22 12:09:26.222082
1188,2023-09-18,Granada,Girona,2,4,A,2.63,3.5,2.6,2.78,3.44,2.65,0.3802,0.2857,0.3846,1.0506,0,2023/2024,9,2023,football-data.co.uk,2026-05-22 12:09:26.222082
1189,2023-09-22,Alaves,Ath Bilbao,0,2,A,4.2,3.0,2.05,4.27,3.16,2.12,0.2381,0.3333,0.4878,1.0592,0,2023/2024,9,2023,football-data.co.uk,2026-05-22 12:09:26.222082
1190,2023-09-23,Almeria,Valencia,2,2,D,3.0,3.6,2.3,3.11,3.53,2.36,0.3333,0.2778,0.4348,1.0459,0,2023/2024,9,2023,football-data.co.uk,2026-05-22 12:09:26.222082
1191,2023-09-23,Barcelona,Celta,3,2,H,1.29,6.0,9.0,1.29,6.04,10.38,0.7752,0.1667,0.1111,1.053,0,2023/2024,9,2023,football-data.co.uk,2026-05-22 12:09:26.222082
1192,2023-09-23,Girona,Mallorca,5,3,H,1.85,3.5,4.2,1.94,3.39,4.54,0.5405,0.2857,0.2381,1.0644,0,2023/2024,9,2023,football-data.co.uk,2026-05-22 12:09:26.222082
1193,2023-09-23,Osasuna,Sevilla,0,0,D,2.6,3.1,2.88,2.62,3.22,2.99,0.3846,0.3226,0.3472,1.0544,0,2023/2024,9,2023,football-data.co.uk,2026-05-22 12:09:26.222082
1194,2023-09-24,Ath Madrid,Real Madrid,3,1,H,2.7,3.4,2.55,2.88,3.37,2.61,0.3704,0.2941,0.3922,1.0566,0,2023/2024,9,2023,football-data.co.uk,2026-05-22 12:09:26.222082
1195,2023-09-24,Betis,Cadiz,1,1,D,1.8,3.5,4.5,1.86,3.62,4.64,0.5556,0.2857,0.2222,1.0635,0,2023/2024,9,2023,football-data.co.uk,2026-05-22 12:09:26.222082
1196,2023-09-24,Las Palmas,Granada,1,0,H,1.95,3.5,3.6,2.05,3.56,3.87,0.5128,0.2857,0.2778,1.0763,0,2023/2024,9,2023,football-data.co.uk,2026-05-22 12:09:26.222082
1197,2023-09-24,Sociedad,Getafe,4,3,H,1.53,3.8,7.0,1.56,3.82,7.76,0.6536,0.2632,0.1429,1.0596,0,2023/2024,9,2023,football-data.co.uk,2026-05-22 12:09:26.222082
1198,2023-09-24,Vallecano,Villarreal,1,1,D,2.5,3.5,2.63,2.56,3.54,2.83,0.4,0.2857,0.3802,1.0659,0,2023/2024,9,2023,football-data.co.uk,2026-05-22 12:09:26.222082
1199,2023-09-26,Mallorca,Barcelona,2,2,D,7.5,4.2,1.5,6.98,4.53,1.51,0.1333,0.2381,0.6667,1.0381,0,2023/2024,9,2023,football-data.co.uk,2026-05-22 12:09:26.222082
1200,2023-09-26,Sevilla,Almeria,5,1,H,1.67,3.8,5.0,1.7,4.1,5.09,0.5988,0.2632,0.2,1.062,0,2023/2024,9,2023,football-data.co.uk,2026-05-22 12:09:26.222082
1201,2023-09-27,Ath Bilbao,Getafe,2,2,D,1.62,3.6,6.5,1.64,3.76,6.51,0.6173,0.2778,0.1538,1.0489,0,2023/2024,9,2023,football-data.co.uk,2026-05-22 12:09:26.222082
1202,2023-09-27,Cadiz,Vallecano,0,0,D,2.5,3.2,2.88,2.64,3.17,3.0,0.4,0.3125,0.3472,1.0597,0,2023/2024,9,2023,football-data.co.uk,2026-05-22 12:09:26.222082
1203,2023-09-27,Real Madrid,Las Palmas,2,0,H,1.2,7.0,11.0,1.21,7.24,13.67,0.8333,0.1429,0.0909,1.0671,0,2023/2024,9,2023,football-data.co.uk,2026-05-22 12:09:26.222082
1204,2023-09-27,Valencia,Sociedad,0,1,A,2.63,3.1,2.8,2.68,3.18,2.94,0.3802,0.3226,0.3571,1.06,0,2023/2024,9,2023,football-data.co.uk,2026-05-22 12:09:26.222082
1205,2023-09-27,Villarreal,Girona,1,2,A,2.25,3.5,3.1,2.22,3.72,3.23,0.4444,0.2857,0.3226,1.0527,0,2023/2024,9,2023,football-data.co.uk,2026-05-22 12:09:26.222082
1206,2023-09-28,Celta,Alaves,1,1,D,1.7,3.6,5.25,1.71,3.59,5.97,0.5882,0.2778,0.1905,1.0565,0,2023/2024,9,2023,football-data.co.uk,2026-05-22 12:09:26.222082
1207,2023-09-28,Granada,Betis,1,1,D,3.0,3.3,2.38,3.11,3.53,2.36,0.3333,0.303,0.4202,1.0565,0,2023/2024,9,2023,football-data.co.uk,2026-05-22 12:09:26.222082
1208,2023-09-28,Osasuna,Ath Madrid,0,2,A,3.4,3.4,2.15,3.68,3.47,2.14,0.2941,0.2941,0.4651,1.0534,0,2023/2024,9,2023,football-data.co.uk,2026-05-22 12:09:26.222082
1209,2023-09-29,Barcelona,Sevilla,1,0,H,1.36,5.25,8.0,1.39,5.36,7.97,0.7353,0.1905,0.125,1.0508,0,2023/2024,9,2023,football-data.co.uk,2026-05-22 12:09:26.222082
1210,2023-09-30,Getafe,Villarreal,0,0,D,2.9,3.1,2.6,3.0,3.25,2.59,0.3448,0.3226,0.3846,1.052,0,2023/2024,9,2023,football-data.co.uk,2026-05-22 12:09:26.222082
1211,2023-09-30,Girona,Real Madrid,0,3,A,3.5,4.0,1.95,3.56,4.02,2.0,0.2857,0.25,0.5128,1.0485,0,2023/2024,9,2023,football-data.co.uk,2026-05-22 12:09:26.222082
1212,2023-09-30,Sociedad,Ath Bilbao,3,0,H,2.2,3.2,3.5,2.26,3.3,3.53,0.4545,0.3125,0.2857,1.0528,0,2023/2024,9,2023,football-data.co.uk,2026-05-22 12:09:26.222082
1213,2023-09-30,Vallecano,Mallorca,2,2,D,2.1,3.1,4.0,2.16,3.16,4.04,0.4762,0.3226,0.25,1.0488,0,2023/2024,9,2023,football-data.co.uk,2026-05-22 12:09:26.222082
1214,2023-10-01,Alaves,Osasuna,0,2,A,2.75,3.0,2.8,2.76,2.99,2.89,0.3636,0.3333,0.3571,1.0541,0,2023/2024,10,2023,football-data.co.uk,2026-05-22 12:09:26.222082
1215,2023-10-01,Almeria,Granada,3,3,D,1.95,3.6,3.75,1.92,3.68,3.96,0.5128,0.2778,0.2667,1.0573,0,2023/2024,10,2023,football-data.co.uk,2026-05-22 12:09:26.222082
1216,2023-10-01,Ath Madrid,Cadiz,3,2,H,1.33,5.0,10.0,1.35,4.99,8.91,0.7519,0.2,0.1,1.0519,0,2023/2024,10,2023,football-data.co.uk,2026-05-22 12:09:26.222082
1217,2023-10-01,Betis,Valencia,3,0,H,2.3,3.25,3.3,2.31,3.29,3.26,0.4348,0.3077,0.303,1.0455,0,2023/2024,10,2023,football-data.co.uk,2026-05-22 12:09:26.222082
1218,2023-10-02,Las Palmas,Celta,2,1,H,2.5,3.2,3.0,2.52,3.15,2.99,0.4,0.3125,0.3333,1.0458,0,2023/2024,10,2023,football-data.co.uk,2026-05-22 12:09:26.222082
1219,2023-10-06,Ath Bilbao,Almeria,3,0,H,1.36,5.0,8.0,1.38,5.41,8.23,0.7353,0.2,0.125,1.0603,0,2023/2024,10,2023,football-data.co.uk,2026-05-22 12:09:26.222082
1220,2023-10-07,Cadiz,Girona,0,1,A,3.25,3.4,2.25,3.28,3.4,2.33,0.3077,0.2941,0.4444,1.0463,0,2023/2024,10,2023,football-data.co.uk,2026-05-22 12:09:26.222082
1221,2023-10-07,Mallorca,Valencia,1,1,D,2.5,3.0,3.2,2.54,3.05,3.26,0.4,0.3333,0.3125,1.0458,0,2023/2024,10,2023,football-data.co.uk,2026-05-22 12:09:26.222082
1222,2023-10-07,Real Madrid,Osasuna,4,0,H,1.29,6.0,9.5,1.3,5.95,10.38,0.7752,0.1667,0.1053,1.0471,0,2023/2024,10,2023,football-data.co.uk,2026-05-22 12:09:26.222082
1223,2023-10-07,Sevilla,Vallecano,2,2,D,1.85,3.6,4.2,1.91,3.61,4.39,0.5405,0.2778,0.2381,1.0564,0,2023/2024,10,2023,football-data.co.uk,2026-05-22 12:09:26.222082
1224,2023-10-08,Alaves,Betis,1,1,D,2.8,3.25,2.6,2.93,3.2,2.68,0.3571,0.3077,0.3846,1.0495,0,2023/2024,10,2023,football-data.co.uk,2026-05-22 12:09:26.222082
1225,2023-10-08,Ath Madrid,Sociedad,2,1,H,1.83,3.4,4.5,1.93,3.39,4.59,0.5464,0.2941,0.2222,1.0628,0,2023/2024,10,2023,football-data.co.uk,2026-05-22 12:09:26.222082
1226,2023-10-08,Celta,Getafe,2,2,D,2.05,3.1,4.2,2.07,3.23,4.23,0.4878,0.3226,0.2381,1.0485,0,2023/2024,10,2023,football-data.co.uk,2026-05-22 12:09:26.222082
1227,2023-10-08,Granada,Barcelona,2,2,D,6.5,5.25,1.4,6.89,5.36,1.43,0.1538,0.1905,0.7143,1.0586,0,2023/2024,10,2023,football-data.co.uk,2026-05-22 12:09:26.222082
1228,2023-10-08,Villarreal,Las Palmas,1,2,A,1.6,4.0,5.75,1.63,4.21,5.56,0.625,0.25,0.1739,1.0489,0,2023/2024,10,2023,football-data.co.uk,2026-05-22 12:09:26.222082
1229,2023-10-20,Osasuna,Granada,2,0,H,1.73,3.8,4.75,1.72,3.99,5.13,0.578,0.2632,0.2105,1.0517,0,2023/2024,10,2023,football-data.co.uk,2026-05-22 12:09:26.222082
1230,2023-10-21,Celta,Ath Madrid,0,3,A,3.5,3.5,2.1,3.65,3.53,2.12,0.2857,0.2857,0.4762,1.0476,0,2023/2024,10,2023,football-data.co.uk,2026-05-22 12:09:26.222082
1231,2023-10-21,Getafe,Betis,1,1,D,2.5,3.0,3.1,2.51,3.11,3.25,0.4,0.3333,0.3226,1.0559,0,2023/2024,10,2023,football-data.co.uk,2026-05-22 12:09:26.222082
1232,2023-10-21,Sevilla,Real Madrid,1,1,D,4.2,3.6,1.85,4.18,3.91,1.87,0.2381,0.2778,0.5405,1.0564,0,2023/2024,10,2023,football-data.co.uk,2026-05-22 12:09:26.222082
1233,2023-10-21,Sociedad,Mallorca,1,0,H,1.55,3.8,7.0,1.57,3.91,7.23,0.6452,0.2632,0.1429,1.0512,0,2023/2024,10,2023,football-data.co.uk,2026-05-22 12:09:26.222082
1234,2023-10-22,Barcelona,Ath Bilbao,1,0,H,1.62,4.0,5.5,1.68,4.14,5.16,0.6173,0.25,0.1818,1.0491,0,2023/2024,10,2023,football-data.co.uk,2026-05-22 12:09:26.222082
1235,2023-10-22,Girona,Almeria,5,2,H,1.45,4.5,7.0,1.47,4.89,6.71,0.6897,0.2222,0.1429,1.0547,0,2023/2024,10,2023,football-data.co.uk,2026-05-22 12:09:26.222082
1236,2023-10-22,Las Palmas,Vallecano,0,1,A,2.63,3.1,2.8,2.71,3.12,2.96,0.3802,0.3226,0.3571,1.06,0,2023/2024,10,2023,football-data.co.uk,2026-05-22 12:09:26.222082
1237,2023-10-22,Villarreal,Alaves,1,1,D,1.7,3.75,5.0,1.74,3.98,4.95,0.5882,0.2667,0.2,1.0549,0,2023/2024,10,2023,football-data.co.uk,2026-05-22 12:09:26.222082
1238,2023-10-23,Valencia,Cadiz,2,0,H,1.75,3.6,5.0,1.78,3.6,5.29,0.5714,0.2778,0.2,1.0492,0,2023/2024,10,2023,football-data.co.uk,2026-05-22 12:09:26.222082
1239,2023-10-27,Girona,Celta,1,0,H,1.7,4.2,4.5,1.69,4.27,4.84,0.5882,0.2381,0.2222,1.0486,0,2023/2024,10,2023,football-data.co.uk,2026-05-22 12:09:26.222082
1240,2023-10-28,Almeria,Las Palmas,1,2,A,2.25,3.5,3.1,2.37,3.46,3.15,0.4444,0.2857,0.3226,1.0527,0,2023/2024,10,2023,football-data.co.uk,2026-05-22 12:09:26.222082
1241,2023-10-28,Barcelona,Real Madrid,1,2,A,2.55,3.6,2.6,2.55,3.66,2.76,0.3922,0.2778,0.3846,1.0546,0,2023/2024,10,2023,football-data.co.uk,2026-05-22 12:09:26.222082
1242,2023-10-28,Cadiz,Sevilla,2,2,D,3.3,3.25,2.25,3.39,3.37,2.29,0.303,0.3077,0.4444,1.0552,0,2023/2024,10,2023,football-data.co.uk,2026-05-22 12:09:26.222082
1243,2023-10-28,Mallorca,Getafe,0,0,D,2.25,3.0,3.5,2.35,3.03,3.67,0.4444,0.3333,0.2857,1.0635,0,2023/2024,10,2023,football-data.co.uk,2026-05-22 12:09:26.222082
1244,2023-10-29,Ath Bilbao,Valencia,2,2,D,1.62,3.8,5.75,1.64,3.96,5.95,0.6173,0.2632,0.1739,1.0544,0,2023/2024,10,2023,football-data.co.uk,2026-05-22 12:09:26.222082
1245,2023-10-29,Ath Madrid,Alaves,2,1,H,1.4,4.75,8.5,1.4,4.96,8.74,0.7143,0.2105,0.1176,1.0425,0,2023/2024,10,2023,football-data.co.uk,2026-05-22 12:09:26.222082
1246,2023-10-29,Betis,Osasuna,2,1,H,2.05,3.5,3.6,2.1,3.4,3.89,0.4878,0.2857,0.2778,1.0513,0,2023/2024,10,2023,football-data.co.uk,2026-05-22 12:09:26.222082
1247,2023-10-29,Vallecano,Sociedad,2,2,D,3.1,3.2,2.38,3.34,3.11,2.46,0.3226,0.3125,0.4202,1.0552,0,2023/2024,10,2023,football-data.co.uk,2026-05-22 12:09:26.222082
1248,2023-10-30,Granada,Villarreal,2,3,A,3.1,3.5,2.25,3.16,3.62,2.29,0.3226,0.2857,0.4444,1.0527,0,2023/2024,10,2023,football-data.co.uk,2026-05-22 12:09:26.222082
1249,2023-11-03,Las Palmas,Ath Madrid,2,1,H,5.75,3.6,1.65,5.74,3.85,1.68,0.1739,0.2778,0.6061,1.0578,0,2023/2024,11,2023,football-data.co.uk,2026-05-22 12:09:26.222082
1250,2023-11-04,Betis,Mallorca,2,0,H,1.91,3.3,4.5,1.93,3.37,4.52,0.5236,0.303,0.2222,1.0488,0,2023/2024,11,2023,football-data.co.uk,2026-05-22 12:09:26.222082
1251,2023-11-04,Celta,Sevilla,1,1,D,2.6,3.4,2.7,2.58,3.49,2.79,0.3846,0.2941,0.3704,1.0491,0,2023/2024,11,2023,football-data.co.uk,2026-05-22 12:09:26.222082
1252,2023-11-04,Osasuna,Girona,2,4,A,2.9,3.4,2.4,2.88,3.47,2.51,0.3448,0.2941,0.4167,1.0556,0,2023/2024,11,2023,football-data.co.uk,2026-05-22 12:09:26.222082
1253,2023-11-04,Sociedad,Barcelona,0,1,A,3.1,3.5,2.25,3.37,3.55,2.2,0.3226,0.2857,0.4444,1.0527,0,2023/2024,11,2023,football-data.co.uk,2026-05-22 12:09:26.222082
1254,2023-11-05,Alaves,Almeria,1,0,H,1.75,3.75,4.75,1.78,3.8,4.75,0.5714,0.2667,0.2105,1.0486,0,2023/2024,11,2023,football-data.co.uk,2026-05-22 12:09:26.222082
1255,2023-11-05,Real Madrid,Vallecano,0,0,D,1.29,5.5,12.0,1.27,6.24,10.53,0.7752,0.1818,0.0833,1.0403,0,2023/2024,11,2023,football-data.co.uk,2026-05-22 12:09:26.222082
1256,2023-11-05,Valencia,Granada,1,0,H,1.65,4.0,5.0,1.66,4.13,5.24,0.6061,0.25,0.2,1.0561,0,2023/2024,11,2023,football-data.co.uk,2026-05-22 12:09:26.222082
1257,2023-11-05,Villarreal,Ath Bilbao,2,3,A,2.8,3.6,2.4,3.06,3.58,2.34,0.3571,0.2778,0.4167,1.0516,0,2023/2024,11,2023,football-data.co.uk,2026-05-22 12:09:26.222082
1258,2023-11-06,Getafe,Cadiz,1,0,H,1.91,3.1,4.75,1.93,3.19,4.88,0.5236,0.3226,0.2105,1.0567,0,2023/2024,11,2023,football-data.co.uk,2026-05-22 12:09:26.222082
1259,2023-11-10,Ath Bilbao,Celta,4,3,H,1.67,3.8,5.0,1.69,4.17,5.04,0.5988,0.2632,0.2,1.062,0,2023/2024,11,2023,football-data.co.uk,2026-05-22 12:09:26.222082
1260,2023-11-11,Almeria,Sociedad,1,3,A,4.75,3.8,1.73,4.83,4.01,1.72,0.2105,0.2632,0.578,1.0517,0,2023/2024,11,2023,football-data.co.uk,2026-05-22 12:09:26.222082
1261,2023-11-11,Granada,Getafe,1,1,D,2.5,3.1,3.0,2.58,3.16,3.04,0.4,0.3226,0.3333,1.0559,0,2023/2024,11,2023,football-data.co.uk,2026-05-22 12:09:26.222082
1262,2023-11-11,Osasuna,Las Palmas,1,1,D,1.95,3.4,4.0,2.0,3.25,4.42,0.5128,0.2941,0.25,1.0569,0,2023/2024,11,2023,football-data.co.uk,2026-05-22 12:09:26.222082
1263,2023-11-11,Real Madrid,Valencia,5,1,H,1.33,5.5,8.5,1.32,5.6,9.7,0.7519,0.1818,0.1176,1.0513,0,2023/2024,11,2023,football-data.co.uk,2026-05-22 12:09:26.222082
1264,2023-11-11,Vallecano,Girona,1,2,A,2.88,3.5,2.4,2.92,3.48,2.48,0.3472,0.2857,0.4167,1.0496,0,2023/2024,11,2023,football-data.co.uk,2026-05-22 12:09:26.222082
1265,2023-11-12,Ath Madrid,Villarreal,3,1,H,1.36,5.5,7.5,1.38,5.43,7.71,0.7353,0.1818,0.1333,1.0504,0,2023/2024,11,2023,football-data.co.uk,2026-05-22 12:09:26.222082
1266,2023-11-12,Barcelona,Alaves,2,1,H,1.25,6.0,11.0,1.24,6.51,11.82,0.8,0.1667,0.0909,1.0576,0,2023/2024,11,2023,football-data.co.uk,2026-05-22 12:09:26.222082
1267,2023-11-12,Sevilla,Betis,1,1,D,2.05,3.5,3.6,2.17,3.52,3.46,0.4878,0.2857,0.2778,1.0513,0,2023/2024,11,2023,football-data.co.uk,2026-05-22 12:09:26.222082
1268,2023-11-24,Alaves,Granada,3,1,H,1.7,3.6,5.0,1.76,3.74,5.15,0.5882,0.2778,0.2,1.066,0,2023/2024,11,2023,football-data.co.uk,2026-05-22 12:09:26.222082
1269,2023-11-25,Ath Madrid,Mallorca,1,0,H,1.33,5.0,9.5,1.37,4.89,9.37,0.7519,0.2,0.1053,1.0571,0,2023/2024,11,2023,football-data.co.uk,2026-05-22 12:09:26.222082
1270,2023-11-25,Getafe,Almeria,2,1,H,1.65,3.75,5.5,1.68,3.86,5.46,0.6061,0.2667,0.1818,1.0545,0,2023/2024,11,2023,football-data.co.uk,2026-05-22 12:09:26.222082
1271,2023-11-25,Valencia,Celta,0,0,D,2.2,3.25,3.5,2.19,3.43,3.51,0.4545,0.3077,0.2857,1.048,0,2023/2024,11,2023,football-data.co.uk,2026-05-22 12:09:26.222082
1272,2023-11-25,Vallecano,Barcelona,1,1,D,5.25,4.0,1.65,5.39,4.09,1.65,0.1905,0.25,0.6061,1.0465,0,2023/2024,11,2023,football-data.co.uk,2026-05-22 12:09:26.222082
1273,2023-11-26,Betis,Las Palmas,1,0,H,1.7,3.75,5.25,1.65,3.91,5.66,0.5882,0.2667,0.1905,1.0454,0,2023/2024,11,2023,football-data.co.uk,2026-05-22 12:09:26.222082
1274,2023-11-26,Cadiz,Real Madrid,0,3,A,6.0,4.5,1.5,6.67,4.68,1.48,0.1667,0.2222,0.6667,1.0556,0,2023/2024,11,2023,football-data.co.uk,2026-05-22 12:09:26.222082
1275,2023-11-26,Sociedad,Sevilla,2,1,H,1.75,3.6,4.75,1.76,3.76,4.92,0.5714,0.2778,0.2105,1.0597,0,2023/2024,11,2023,football-data.co.uk,2026-05-22 12:09:26.222082
1276,2023-11-26,Villarreal,Osasuna,3,1,H,2.15,3.5,3.3,2.17,3.49,3.5,0.4651,0.2857,0.303,1.0539,0,2023/2024,11,2023,football-data.co.uk,2026-05-22 12:09:26.222082
1277,2023-11-27,Girona,Ath Bilbao,1,1,D,2.25,3.5,3.1,2.32,3.69,3.01,0.4444,0.2857,0.3226,1.0527,0,2023/2024,11,2023,football-data.co.uk,2026-05-22 12:09:26.222082
1278,2023-11-29,Mallorca,Cadiz,1,1,D,1.95,3.2,4.33,1.99,3.21,4.56,0.5128,0.3125,0.2309,1.0563,0,2023/2024,11,2023,football-data.co.uk,2026-05-22 12:09:26.222082
1279,2023-12-01,Las Palmas,Getafe,2,0,H,2.38,2.9,3.4,2.49,2.95,3.48,0.4202,0.3448,0.2941,1.0591,0,2023/2024,12,2023,football-data.co.uk,2026-05-22 12:09:26.222082
1280,2023-12-02,Ath Bilbao,Vallecano,4,0,H,1.57,4.2,5.75,1.57,4.32,5.92,0.6369,0.2381,0.1739,1.049,0,2023/2024,12,2023,football-data.co.uk,2026-05-22 12:09:26.222082
1281,2023-12-02,Girona,Valencia,2,1,H,1.7,4.0,4.75,1.71,3.97,5.0,0.5882,0.25,0.2105,1.0488,0,2023/2024,12,2023,football-data.co.uk,2026-05-22 12:09:26.222082
1282,2023-12-02,Osasuna,Sociedad,1,1,D,3.4,3.25,2.2,3.75,3.24,2.18,0.2941,0.3077,0.4545,1.0564,0,2023/2024,12,2023,football-data.co.uk,2026-05-22 12:09:26.222082
1283,2023-12-02,Real Madrid,Granada,2,0,H,1.17,8.0,15.0,1.16,8.84,14.66,0.8547,0.125,0.0667,1.0464,0,2023/2024,12,2023,football-data.co.uk,2026-05-22 12:09:26.222082
1284,2023-12-03,Almeria,Betis,0,0,D,3.2,3.6,2.2,3.36,3.66,2.16,0.3125,0.2778,0.4545,1.0448,0,2023/2024,12,2023,football-data.co.uk,2026-05-22 12:09:26.222082
1285,2023-12-03,Barcelona,Ath Madrid,1,0,H,2.0,3.75,3.5,2.05,3.76,3.57,0.5,0.2667,0.2857,1.0524,0,2023/2024,12,2023,football-data.co.uk,2026-05-22 12:09:26.222082
1286,2023-12-03,Mallorca,Alaves,0,0,D,2.45,3.0,3.25,2.47,2.99,3.41,0.4082,0.3333,0.3077,1.0492,0,2023/2024,12,2023,football-data.co.uk,2026-05-22 12:09:26.222082
1287,2023-12-03,Sevilla,Villarreal,1,1,D,2.0,3.6,3.6,2.05,3.73,3.58,0.5,0.2778,0.2778,1.0556,0,2023/2024,12,2023,football-data.co.uk,2026-05-22 12:09:26.222082
1288,2023-12-04,Celta,Cadiz,1,1,D,1.57,3.8,6.5,1.61,4.13,5.8,0.6369,0.2632,0.1538,1.0539,0,2023/2024,12,2023,football-data.co.uk,2026-05-22 12:09:26.222082
1289,2023-12-08,Getafe,Valencia,1,0,H,2.6,2.9,3.1,2.76,2.88,3.14,0.3846,0.3448,0.3226,1.052,0,2023/2024,12,2023,football-data.co.uk,2026-05-22 12:09:26.222082
1290,2023-12-09,Alaves,Las Palmas,0,1,A,2.1,3.0,4.2,2.08,3.16,4.2,0.4762,0.3333,0.2381,1.0476,0,2023/2024,12,2023,football-data.co.uk,2026-05-22 12:09:26.222082
1291,2023-12-09,Betis,Real Madrid,1,1,D,4.2,3.8,1.8,4.39,3.92,1.81,0.2381,0.2632,0.5556,1.0568,0,2023/2024,12,2023,football-data.co.uk,2026-05-22 12:09:26.222082
1292,2023-12-09,Mallorca,Sevilla,1,0,H,2.75,3.1,2.75,2.69,3.16,2.9,0.3636,0.3226,0.3636,1.0499,0,2023/2024,12,2023,football-data.co.uk,2026-05-22 12:09:26.222082
1293,2023-12-09,Villarreal,Sociedad,0,3,A,3.4,3.4,2.1,3.45,3.55,2.16,0.2941,0.2941,0.4762,1.0644,0,2023/2024,12,2023,football-data.co.uk,2026-05-22 12:09:26.222082
1294,2023-12-10,Ath Madrid,Almeria,2,1,H,1.22,6.5,12.0,1.19,7.63,13.51,0.8197,0.1538,0.0833,1.0569,0,2023/2024,12,2023,football-data.co.uk,2026-05-22 12:09:26.222082
1295,2023-12-10,Barcelona,Girona,2,4,A,1.53,5.0,5.5,1.52,4.9,5.7,0.6536,0.2,0.1818,1.0354,0,2023/2024,12,2023,football-data.co.uk,2026-05-22 12:09:26.222082
1296,2023-12-10,Cadiz,Osasuna,1,1,D,2.9,3.1,2.55,2.99,3.14,2.63,0.3448,0.3226,0.3922,1.0596,0,2023/2024,12,2023,football-data.co.uk,2026-05-22 12:09:26.222082
1297,2023-12-11,Granada,Ath Bilbao,1,1,D,5.0,4.0,1.67,4.85,4.16,1.69,0.2,0.25,0.5988,1.0488,0,2023/2024,12,2023,football-data.co.uk,2026-05-22 12:09:26.222082
1298,2023-12-11,Vallecano,Celta,0,0,D,2.45,3.1,3.1,2.51,3.31,3.02,0.4082,0.3226,0.3226,1.0533,0,2023/2024,12,2023,football-data.co.uk,2026-05-22 12:09:26.222082
1299,2023-12-15,Osasuna,Vallecano,1,0,H,2.2,3.2,3.5,2.29,3.16,3.63,0.4545,0.3125,0.2857,1.0528,0,2023/2024,12,2023,football-data.co.uk,2026-05-22 12:09:26.222082
1300,2023-12-16,Ath Bilbao,Ath Madrid,2,0,H,2.45,3.3,2.9,2.45,3.52,2.94,0.4082,0.303,0.3448,1.056,0,2023/2024,12,2023,football-data.co.uk,2026-05-22 12:09:26.222082
1301,2023-12-16,Celta,Granada,1,0,H,1.67,4.0,5.0,1.67,4.1,5.13,0.5988,0.25,0.2,1.0488,0,2023/2024,12,2023,football-data.co.uk,2026-05-22 12:09:26.222082
1302,2023-12-16,Sevilla,Getafe,0,3,A,1.95,3.4,4.2,1.97,3.39,4.32,0.5128,0.2941,0.2381,1.045,0,2023/2024,12,2023,football-data.co.uk,2026-05-22 12:09:26.222082
1303,2023-12-16,Valencia,Barcelona,1,1,D,5.0,3.8,1.67,5.2,4.06,1.67,0.2,0.2632,0.5988,1.062,0,2023/2024,12,2023,football-data.co.uk,2026-05-22 12:09:26.222082
1304,2023-12-17,Almeria,Mallorca,0,0,D,2.7,3.2,2.7,2.66,3.3,2.83,0.3704,0.3125,0.3704,1.0532,0,2023/2024,12,2023,football-data.co.uk,2026-05-22 12:09:26.222082
1305,2023-12-17,Las Palmas,Cadiz,1,1,D,1.91,3.3,4.33,1.96,3.31,4.49,0.5236,0.303,0.2309,1.0575,0,2023/2024,12,2023,football-data.co.uk,2026-05-22 12:09:26.222082
1306,2023-12-17,Real Madrid,Villarreal,4,1,H,1.29,6.0,9.0,1.29,6.3,9.21,0.7752,0.1667,0.1111,1.053,0,2023/2024,12,2023,football-data.co.uk,2026-05-22 12:09:26.222082
1307,2023-12-17,Sociedad,Betis,0,0,D,1.7,4.0,5.0,1.7,3.9,5.17,0.5882,0.25,0.2,1.0382,0,2023/2024,12,2023,football-data.co.uk,2026-05-22 12:09:26.222082
1308,2023-12-18,Girona,Alaves,3,0,H,1.53,4.0,6.5,1.57,4.38,5.79,0.6536,0.25,0.1538,1.0574,0,2023/2024,12,2023,football-data.co.uk,2026-05-22 12:09:26.222082
1309,2023-12-19,Ath Madrid,Getafe,3,3,D,1.45,4.33,7.5,1.48,4.45,7.67,0.6897,0.2309,0.1333,1.0539,0,2023/2024,12,2023,football-data.co.uk,2026-05-22 12:09:26.222082
1310,2023-12-19,Granada,Sevilla,0,3,A,2.8,3.4,2.5,2.96,3.3,2.59,0.3571,0.2941,0.4,1.0513,0,2023/2024,12,2023,football-data.co.uk,2026-05-22 12:09:26.222082
1311,2023-12-19,Vallecano,Valencia,0,1,A,2.2,3.2,3.5,2.24,3.18,3.74,0.4545,0.3125,0.2857,1.0528,0,2023/2024,12,2023,football-data.co.uk,2026-05-22 12:09:26.222082
1312,2023-12-20,Ath Bilbao,Las Palmas,1,0,H,1.36,5.0,7.0,1.39,4.99,8.41,0.7353,0.2,0.1429,1.0782,0,2023/2024,12,2023,football-data.co.uk,2026-05-22 12:09:26.222082
1313,2023-12-20,Barcelona,Almeria,3,2,H,1.14,8.5,15.0,1.13,10.49,16.19,0.8772,0.1176,0.0667,1.0615,0,2023/2024,12,2023,football-data.co.uk,2026-05-22 12:09:26.222082
1314,2023-12-20,Villarreal,Celta,3,2,H,2.4,3.6,2.88,2.42,3.52,2.98,0.4167,0.2778,0.3472,1.0417,0,2023/2024,12,2023,football-data.co.uk,2026-05-22 12:09:26.222082
1315,2023-12-21,Alaves,Real Madrid,0,1,A,5.75,4.0,1.53,5.93,4.26,1.58,0.1739,0.25,0.6536,1.0775,0,2023/2024,12,2023,football-data.co.uk,2026-05-22 12:09:26.222082
1316,2023-12-21,Betis,Girona,1,1,D,2.8,3.5,2.38,2.87,3.69,2.42,0.3571,0.2857,0.4202,1.063,0,2023/2024,12,2023,football-data.co.uk,2026-05-22 12:09:26.222082
1317,2023-12-21,Cadiz,Sociedad,0,0,D,4.75,3.1,1.75,4.8,3.42,1.87,0.2105,0.3226,0.5714,1.1045,0,2023/2024,12,2023,football-data.co.uk,2026-05-22 12:09:26.222082
1318,2023-12-21,Mallorca,Osasuna,3,2,H,2.3,2.9,3.3,2.42,2.98,3.51,0.4348,0.3448,0.303,1.0826,0,2023/2024,12,2023,football-data.co.uk,2026-05-22 12:09:26.222082
1319,2023-12-23,Ath Madrid,Sevilla,1,0,H,1.53,4.33,5.75,1.54,4.51,6.05,0.6536,0.2309,0.1739,1.0585,0,2023/2024,12,2023,football-data.co.uk,2026-05-22 12:09:26.222082
1320,2024-01-02,Getafe,Vallecano,0,2,A,2.38,3.0,3.3,2.42,3.0,3.5,0.4202,0.3333,0.303,1.0565,0,2023/2024,1,2024,football-data.co.uk,2026-05-22 12:09:26.222082
1321,2024-01-02,Sociedad,Alaves,1,1,D,1.6,3.75,6.5,1.59,3.9,6.58,0.625,0.2667,0.1538,1.0455,0,2023/2024,1,2024,football-data.co.uk,2026-05-22 12:09:26.222082
1322,2024-01-02,Valencia,Villarreal,3,1,H,2.05,3.5,3.6,2.04,3.49,3.9,0.4878,0.2857,0.2778,1.0513,0,2023/2024,1,2024,football-data.co.uk,2026-05-22 12:09:26.222082
1323,2024-01-03,Celta,Betis,2,1,H,2.4,3.3,3.0,2.47,3.33,3.05,0.4167,0.303,0.3333,1.053,0,2023/2024,1,2024,football-data.co.uk,2026-05-22 12:09:26.222082
1324,2024-01-03,Girona,Ath Madrid,4,3,H,2.55,3.6,2.63,2.61,3.55,2.71,0.3922,0.2778,0.3802,1.0502,0,2023/2024,1,2024,football-data.co.uk,2026-05-22 12:09:26.222082
1325,2024-01-03,Granada,Cadiz,2,0,H,2.25,3.1,3.5,2.26,3.19,3.59,0.4444,0.3226,0.2857,1.0527,0,2023/2024,1,2024,football-data.co.uk,2026-05-22 12:09:26.222082
1326,2024-01-03,Real Madrid,Mallorca,1,0,H,1.2,6.5,15.0,1.23,6.68,12.58,0.8333,0.1538,0.0667,1.0538,0,2023/2024,1,2024,football-data.co.uk,2026-05-22 12:09:26.222082
1327,2024-01-04,Las Palmas,Barcelona,1,2,A,5.5,4.33,1.57,5.82,4.39,1.57,0.1818,0.2309,0.6369,1.0497,0,2023/2024,1,2024,football-data.co.uk,2026-05-22 12:09:26.222082
1328,2024-01-04,Osasuna,Almeria,1,0,H,1.7,4.0,4.75,1.71,3.94,5.03,0.5882,0.25,0.2105,1.0488,0,2023/2024,1,2024,football-data.co.uk,2026-05-22 12:09:26.222082
1329,2024-01-04,Sevilla,Ath Bilbao,0,2,A,3.0,3.3,2.38,3.17,3.24,2.45,0.3333,0.303,0.4202,1.0565,0,2023/2024,1,2024,football-data.co.uk,2026-05-22 12:09:26.222082
1330,2024-01-12,Sevilla,Alaves,2,3,A,1.91,3.4,4.2,1.95,3.4,4.52,0.5236,0.2941,0.2381,1.0558,0,2023/2024,1,2024,football-data.co.uk,2026-05-22 12:09:26.222082
1331,2024-01-13,Ath Bilbao,Sociedad,2,1,H,2.0,3.4,3.8,2.02,3.47,4.0,0.5,0.2941,0.2632,1.0573,0,2023/2024,1,2024,football-data.co.uk,2026-05-22 12:09:26.222082
1332,2024-01-13,Betis,Granada,1,0,H,1.62,4.2,4.75,1.65,4.04,5.49,0.6173,0.2381,0.2105,1.0659,0,2023/2024,1,2024,football-data.co.uk,2026-05-22 12:09:26.222082
1333,2024-01-13,Las Palmas,Villarreal,3,0,H,2.5,3.3,2.8,2.52,3.39,2.94,0.4,0.303,0.3571,1.0602,0,2023/2024,1,2024,football-data.co.uk,2026-05-22 12:09:26.222082
1334,2024-01-13,Mallorca,Celta,1,1,D,2.5,3.1,3.0,2.57,3.02,3.2,0.4,0.3226,0.3333,1.0559,0,2023/2024,1,2024,football-data.co.uk,2026-05-22 12:09:26.222082
1335,2024-01-14,Almeria,Girona,0,0,D,4.5,4.0,1.7,4.71,4.42,1.67,0.2222,0.25,0.5882,1.0605,0,2023/2024,1,2024,football-data.co.uk,2026-05-22 12:09:26.222082
1336,2024-01-14,Cadiz,Valencia,1,4,A,2.88,3.0,2.7,3.02,2.96,2.75,0.3472,0.3333,0.3704,1.0509,0,2023/2024,1,2024,football-data.co.uk,2026-05-22 12:09:26.222082
1337,2024-01-19,Alaves,Cadiz,1,0,H,1.7,3.5,5.75,1.73,3.51,6.0,0.5882,0.2857,0.1739,1.0479,0,2023/2024,1,2024,football-data.co.uk,2026-05-22 12:09:26.222082
1338,2024-01-20,Celta,Sociedad,0,1,A,3.25,3.0,2.4,3.21,3.08,2.52,0.3077,0.3333,0.4167,1.0577,0,2023/2024,1,2024,football-data.co.uk,2026-05-22 12:09:26.222082
1339,2024-01-20,Valencia,Ath Bilbao,1,0,H,3.3,3.3,2.25,3.47,3.46,2.19,0.303,0.303,0.4444,1.0505,0,2023/2024,1,2024,football-data.co.uk,2026-05-22 12:09:26.222082
1340,2024-01-20,Vallecano,Las Palmas,0,2,A,1.85,3.3,4.5,1.93,3.42,4.5,0.5405,0.303,0.2222,1.0658,0,2023/2024,1,2024,football-data.co.uk,2026-05-22 12:09:26.222082
1341,2024-01-20,Villarreal,Mallorca,1,1,D,2.05,3.5,3.6,2.1,3.5,3.68,0.4878,0.2857,0.2778,1.0513,0,2023/2024,1,2024,football-data.co.uk,2026-05-22 12:09:26.222082
1342,2024-01-21,Betis,Barcelona,2,4,A,4.33,3.8,1.8,4.29,4.01,1.81,0.2309,0.2632,0.5556,1.0497,0,2023/2024,1,2024,football-data.co.uk,2026-05-22 12:09:26.222082
1343,2024-01-21,Girona,Sevilla,5,1,H,1.73,4.0,4.5,1.74,3.93,4.81,0.578,0.25,0.2222,1.0503,0,2023/2024,1,2024,football-data.co.uk,2026-05-22 12:09:26.222082
1344,2024-01-21,Osasuna,Getafe,3,2,H,2.15,3.0,4.0,2.21,3.11,3.87,0.4651,0.3333,0.25,1.0484,0,2023/2024,1,2024,football-data.co.uk,2026-05-22 12:09:26.222082
1345,2024-01-21,Real Madrid,Almeria,3,2,H,1.13,10.0,17.0,1.15,9.58,15.8,0.885,0.1,0.0588,1.0438,0,2023/2024,1,2024,football-data.co.uk,2026-05-22 12:09:26.222082
1346,2024-01-22,Granada,Ath Madrid,0,1,A,4.75,3.8,1.7,5.03,4.0,1.7,0.2105,0.2632,0.5882,1.0619,0,2023/2024,1,2024,football-data.co.uk,2026-05-22 12:09:26.222082
1347,2024-01-26,Almeria,Alaves,0,3,A,2.6,3.2,2.8,2.64,3.24,2.9,0.3846,0.3125,0.3571,1.0543,0,2023/2024,1,2024,football-data.co.uk,2026-05-22 12:09:26.222082
1348,2024-01-27,Barcelona,Villarreal,3,5,A,1.36,5.5,8.0,1.35,5.9,7.75,0.7353,0.1818,0.125,1.0421,0,2023/2024,1,2024,football-data.co.uk,2026-05-22 12:09:26.222082
1349,2024-01-27,Las Palmas,Real Madrid,1,2,A,6.5,4.75,1.45,7.18,4.74,1.45,0.1538,0.2105,0.6897,1.054,0,2023/2024,1,2024,football-data.co.uk,2026-05-22 12:09:26.222082
1350,2024-01-27,Mallorca,Betis,0,1,A,2.3,3.2,3.2,2.39,3.13,3.37,0.4348,0.3125,0.3125,1.0598,0,2023/2024,1,2024,football-data.co.uk,2026-05-22 12:09:26.222082
1351,2024-01-27,Sociedad,Vallecano,0,0,D,1.67,3.75,5.5,1.67,3.73,5.86,0.5988,0.2667,0.1818,1.0473,0,2023/2024,1,2024,football-data.co.uk,2026-05-22 12:09:26.222082
1352,2024-01-28,Ath Madrid,Valencia,2,0,H,1.45,4.33,7.0,1.51,4.47,6.63,0.6897,0.2309,0.1429,1.0635,0,2023/2024,1,2024,football-data.co.uk,2026-05-22 12:09:26.222082
1353,2024-01-28,Cadiz,Ath Bilbao,0,0,D,5.5,3.4,1.73,5.11,3.68,1.76,0.1818,0.2941,0.578,1.054,0,2023/2024,1,2024,football-data.co.uk,2026-05-22 12:09:26.222082
1354,2024-01-28,Celta,Girona,0,1,A,2.8,3.4,2.5,2.8,3.52,2.55,0.3571,0.2941,0.4,1.0513,0,2023/2024,1,2024,football-data.co.uk,2026-05-22 12:09:26.222082
1355,2024-01-28,Sevilla,Osasuna,1,1,D,2.0,3.4,3.75,2.1,3.37,3.84,0.5,0.2941,0.2667,1.0608,0,2023/2024,1,2024,football-data.co.uk,2026-05-22 12:09:26.222082
1356,2024-01-29,Getafe,Granada,2,0,H,1.8,3.4,4.75,1.82,3.5,5.01,0.5556,0.2941,0.2105,1.0602,0,2023/2024,1,2024,football-data.co.uk,2026-05-22 12:09:26.222082
1357,2024-01-31,Ath Madrid,Vallecano,2,1,H,1.5,4.2,6.5,1.5,4.48,6.83,0.6667,0.2381,0.1538,1.0586,0,2023/2024,1,2024,football-data.co.uk,2026-05-22 12:09:26.222082
1358,2024-01-31,Barcelona,Osasuna,1,0,H,1.33,5.0,10.0,1.32,5.82,9.33,0.7519,0.2,0.1,1.0519,0,2023/2024,1,2024,football-data.co.uk,2026-05-22 12:09:26.222082
1359,2024-02-01,Getafe,Real Madrid,0,2,A,6.0,4.2,1.55,6.44,4.18,1.56,0.1667,0.2381,0.6452,1.0499,0,2023/2024,2,2024,football-data.co.uk,2026-05-22 12:09:26.222082
1360,2024-02-02,Ath Bilbao,Mallorca,4,0,H,1.53,3.9,7.0,1.56,4.0,7.13,0.6536,0.2564,0.1429,1.0529,0,2023/2024,2,2024,football-data.co.uk,2026-05-22 12:09:26.222082
1361,2024-02-03,Alaves,Barcelona,1,3,A,4.33,3.6,1.85,4.31,3.71,1.87,0.2309,0.2778,0.5405,1.0493,0,2023/2024,2,2024,football-data.co.uk,2026-05-22 12:09:26.222082
1362,2024-02-03,Girona,Sociedad,0,0,D,2.1,3.4,3.5,2.19,3.42,3.52,0.4762,0.2941,0.2857,1.056,0,2023/2024,2,2024,football-data.co.uk,2026-05-22 12:09:26.222082
1363,2024-02-03,Granada,Las Palmas,1,1,D,2.3,3.2,3.3,2.32,3.23,3.41,0.4348,0.3125,0.303,1.0503,0,2023/2024,2,2024,football-data.co.uk,2026-05-22 12:09:26.222082
1364,2024-02-03,Valencia,Almeria,2,1,H,1.65,3.75,5.5,1.67,3.97,5.35,0.6061,0.2667,0.1818,1.0545,0,2023/2024,2,2024,football-data.co.uk,2026-05-22 12:09:26.222082
1365,2024-02-04,Betis,Getafe,1,1,D,1.91,3.4,4.2,1.9,3.45,4.57,0.5236,0.2941,0.2381,1.0558,0,2023/2024,2,2024,football-data.co.uk,2026-05-22 12:09:26.222082
1366,2024-02-04,Osasuna,Celta,0,3,A,2.38,3.1,3.3,2.38,3.16,3.36,0.4202,0.3226,0.303,1.0458,0,2023/2024,2,2024,football-data.co.uk,2026-05-22 12:09:26.222082
1367,2024-02-04,Real Madrid,Ath Madrid,1,1,D,1.73,4.0,4.5,1.78,4.06,4.36,0.578,0.25,0.2222,1.0503,0,2023/2024,2,2024,football-data.co.uk,2026-05-22 12:09:26.222082
1368,2024-02-04,Villarreal,Cadiz,0,0,D,1.62,4.0,5.5,1.66,4.02,5.4,0.6173,0.25,0.1818,1.0491,0,2023/2024,2,2024,football-data.co.uk,2026-05-22 12:09:26.222082
1369,2024-02-05,Vallecano,Sevilla,1,2,A,2.15,3.3,3.5,2.18,3.36,3.61,0.4651,0.303,0.2857,1.0539,0,2023/2024,2,2024,football-data.co.uk,2026-05-22 12:09:26.222082
1370,2024-02-09,Cadiz,Betis,0,2,A,3.0,3.0,2.6,3.12,2.97,2.7,0.3333,0.3333,0.3846,1.0513,0,2023/2024,2,2024,football-data.co.uk,2026-05-22 12:09:26.222082
1371,2024-02-10,Alaves,Villarreal,1,1,D,2.2,3.4,3.3,2.24,3.42,3.4,0.4545,0.2941,0.303,1.0517,0,2023/2024,2,2024,football-data.co.uk,2026-05-22 12:09:26.222082
1372,2024-02-10,Las Palmas,Valencia,2,0,H,2.75,3.0,2.9,2.84,2.91,2.97,0.3636,0.3333,0.3448,1.0418,0,2023/2024,2,2024,football-data.co.uk,2026-05-22 12:09:26.222082
1373,2024-02-10,Real Madrid,Girona,4,0,H,1.45,5.0,6.0,1.45,5.12,6.54,0.6897,0.2,0.1667,1.0563,0,2023/2024,2,2024,football-data.co.uk,2026-05-22 12:09:26.222082
1374,2024-02-10,Sociedad,Osasuna,0,1,A,1.85,3.2,5.0,1.89,3.21,5.12,0.5405,0.3125,0.2,1.053,0,2023/2024,2,2024,football-data.co.uk,2026-05-22 12:09:26.222082
1375,2024-02-11,Barcelona,Granada,3,3,D,1.22,7.5,10.0,1.2,7.83,12.33,0.8197,0.1333,0.1,1.053,0,2023/2024,2,2024,football-data.co.uk,2026-05-22 12:09:26.222082
1376,2024-02-11,Getafe,Celta,3,2,H,2.2,3.1,3.6,2.24,3.14,3.71,0.4545,0.3226,0.2778,1.0549,0,2023/2024,2,2024,football-data.co.uk,2026-05-22 12:09:26.222082
1377,2024-02-11,Mallorca,Vallecano,2,1,H,2.3,3.0,3.4,2.42,2.97,3.54,0.4348,0.3333,0.2941,1.0622,0,2023/2024,2,2024,football-data.co.uk,2026-05-22 12:09:26.222082
1378,2024-02-11,Sevilla,Ath Madrid,1,0,H,3.5,3.5,2.05,3.6,3.64,2.08,0.2857,0.2857,0.4878,1.0592,0,2023/2024,2,2024,football-data.co.uk,2026-05-22 12:09:26.222082
1379,2024-02-12,Almeria,Ath Bilbao,0,0,D,4.33,4.0,1.73,4.64,3.99,1.76,0.2309,0.25,0.578,1.059,0,2023/2024,2,2024,football-data.co.uk,2026-05-22 12:09:26.222082
1380,2024-02-16,Villarreal,Getafe,1,1,D,1.95,3.5,3.8,2.02,3.58,3.93,0.5128,0.2857,0.2632,1.0617,0,2023/2024,2,2024,football-data.co.uk,2026-05-22 12:09:26.222082
1381,2024-02-17,Ath Madrid,Las Palmas,5,0,H,1.5,4.75,6.5,1.48,4.58,6.96,0.6667,0.2105,0.1538,1.031,0,2023/2024,2,2024,football-data.co.uk,2026-05-22 12:09:26.222082
1382,2024-02-17,Celta,Barcelona,1,2,A,3.8,3.8,1.85,4.09,3.88,1.88,0.2632,0.2632,0.5405,1.0669,0,2023/2024,2,2024,football-data.co.uk,2026-05-22 12:09:26.222082
1383,2024-02-17,Osasuna,Cadiz,2,0,H,1.75,3.3,5.5,1.8,3.41,5.36,0.5714,0.303,0.1818,1.0563,0,2023/2024,2,2024,football-data.co.uk,2026-05-22 12:09:26.222082
1384,2024-02-17,Valencia,Sevilla,0,0,D,2.25,3.3,3.3,2.29,3.28,3.44,0.4444,0.303,0.303,1.0505,0,2023/2024,2,2024,football-data.co.uk,2026-05-22 12:09:26.222082
1385,2024-02-18,Betis,Alaves,0,0,D,2.1,3.3,3.75,2.15,3.31,3.75,0.4762,0.303,0.2667,1.0459,0,2023/2024,2,2024,football-data.co.uk,2026-05-22 12:09:26.222082
1386,2024-02-18,Granada,Almeria,1,1,D,2.1,3.5,3.4,2.19,3.51,3.43,0.4762,0.2857,0.2941,1.056,0,2023/2024,2,2024,football-data.co.uk,2026-05-22 12:09:26.222082
1387,2024-02-18,Mallorca,Sociedad,1,2,A,3.4,2.8,2.5,3.4,2.83,2.6,0.2941,0.3571,0.4,1.0513,0,2023/2024,2,2024,football-data.co.uk,2026-05-22 12:09:26.222082
1388,2024-02-18,Vallecano,Real Madrid,1,1,D,6.0,3.75,1.62,5.43,4.12,1.64,0.1667,0.2667,0.6173,1.0506,0,2023/2024,2,2024,football-data.co.uk,2026-05-22 12:09:26.222082
1389,2024-02-19,Ath Bilbao,Girona,3,2,H,1.91,3.6,4.0,1.94,3.79,3.88,0.5236,0.2778,0.25,1.0513,0,2023/2024,2,2024,football-data.co.uk,2026-05-22 12:09:26.222082
1390,2024-02-23,Sociedad,Villarreal,1,3,A,1.73,3.6,5.0,1.72,3.84,5.25,0.578,0.2778,0.2,1.0558,0,2023/2024,2,2024,football-data.co.uk,2026-05-22 12:09:26.222082
1391,2024-02-24,Alaves,Mallorca,1,1,D,1.91,3.0,5.0,1.96,3.09,4.98,0.5236,0.3333,0.2,1.0569,0,2023/2024,2,2024,football-data.co.uk,2026-05-22 12:09:26.222082
1392,2024-02-24,Almeria,Ath Madrid,2,2,D,4.75,4.0,1.7,4.55,4.02,1.76,0.2105,0.25,0.5882,1.0488,0,2023/2024,2,2024,football-data.co.uk,2026-05-22 12:09:26.222082
1393,2024-02-24,Barcelona,Getafe,4,0,H,1.4,5.0,7.0,1.42,5.11,7.29,0.7143,0.2,0.1429,1.0571,0,2023/2024,2,2024,football-data.co.uk,2026-05-22 12:09:26.222082
1394,2024-02-25,Betis,Ath Bilbao,3,1,H,3.6,3.1,2.2,3.63,3.27,2.21,0.2778,0.3226,0.4545,1.0549,0,2023/2024,2,2024,football-data.co.uk,2026-05-22 12:09:26.222082
1395,2024-02-25,Cadiz,Celta,2,2,D,3.1,3.0,2.5,3.15,3.04,2.58,0.3226,0.3333,0.4,1.0559,0,2023/2024,2,2024,football-data.co.uk,2026-05-22 12:09:26.222082
1396,2024-02-25,Las Palmas,Osasuna,1,1,D,2.38,2.9,3.5,2.44,3.03,3.42,0.4202,0.3448,0.2857,1.0507,0,2023/2024,2,2024,football-data.co.uk,2026-05-22 12:09:26.222082
1397,2024-02-25,Real Madrid,Sevilla,1,0,H,1.29,6.0,9.0,1.32,6.02,8.92,0.7752,0.1667,0.1111,1.053,0,2023/2024,2,2024,football-data.co.uk,2026-05-22 12:09:26.222082
1398,2024-02-26,Girona,Vallecano,3,0,H,1.65,4.2,4.75,1.68,4.15,5.01,0.6061,0.2381,0.2105,1.0547,0,2023/2024,2,2024,football-data.co.uk,2026-05-22 12:09:26.222082
1399,2024-03-01,Celta,Almeria,1,0,H,1.85,3.6,4.2,1.88,3.78,4.29,0.5405,0.2778,0.2381,1.0564,0,2023/2024,3,2024,football-data.co.uk,2026-05-22 12:09:26.222082
1400,2024-03-02,Getafe,Las Palmas,3,3,D,2.0,3.1,4.33,2.05,3.2,4.27,0.5,0.3226,0.2309,1.0535,0,2023/2024,3,2024,football-data.co.uk,2026-05-22 12:09:26.222082
1401,2024-03-02,Sevilla,Sociedad,3,2,H,2.6,3.0,3.0,2.64,3.02,3.09,0.3846,0.3333,0.3333,1.0513,0,2023/2024,3,2024,football-data.co.uk,2026-05-22 12:09:26.222082
1402,2024-03-02,Valencia,Real Madrid,2,2,D,5.25,3.8,1.67,5.48,3.96,1.66,0.1905,0.2632,0.5988,1.0524,0,2023/2024,3,2024,football-data.co.uk,2026-05-22 12:09:26.222082
1403,2024-03-02,Vallecano,Cadiz,1,1,D,1.8,3.3,5.25,1.84,3.32,5.25,0.5556,0.303,0.1905,1.0491,0,2023/2024,3,2024,football-data.co.uk,2026-05-22 12:09:26.222082
1404,2024-03-03,Ath Bilbao,Barcelona,0,0,D,2.88,3.5,2.4,2.94,3.54,2.43,0.3472,0.2857,0.4167,1.0496,0,2023/2024,3,2024,football-data.co.uk,2026-05-22 12:09:26.222082
1405,2024-03-03,Ath Madrid,Betis,2,1,H,1.57,4.2,5.75,1.58,4.36,5.73,0.6369,0.2381,0.1739,1.049,0,2023/2024,3,2024,football-data.co.uk,2026-05-22 12:09:26.222082
1406,2024-03-03,Mallorca,Girona,1,0,H,3.25,3.2,2.3,3.27,3.3,2.35,0.3077,0.3125,0.4348,1.055,0,2023/2024,3,2024,football-data.co.uk,2026-05-22 12:09:26.222082
1407,2024-03-03,Villarreal,Granada,5,1,H,1.65,4.0,5.0,1.65,4.33,5.04,0.6061,0.25,0.2,1.0561,0,2023/2024,3,2024,football-data.co.uk,2026-05-22 12:09:26.222082
1408,2024-03-04,Osasuna,Alaves,1,0,H,2.38,3.1,3.25,2.44,3.05,3.38,0.4202,0.3226,0.3077,1.0504,0,2023/2024,3,2024,football-data.co.uk,2026-05-22 12:09:26.222082
1409,2024-03-08,Barcelona,Mallorca,1,0,H,1.44,4.75,6.5,1.47,4.68,7.38,0.6944,0.2105,0.1538,1.0588,0,2023/2024,3,2024,football-data.co.uk,2026-05-22 12:09:26.222082
1410,2024-03-09,Cadiz,Ath Madrid,2,0,H,4.75,3.6,1.73,4.96,3.76,1.76,0.2105,0.2778,0.578,1.0663,0,2023/2024,3,2024,football-data.co.uk,2026-05-22 12:09:26.222082
1411,2024-03-09,Girona,Osasuna,2,0,H,1.62,4.2,5.25,1.62,4.2,5.54,0.6173,0.2381,0.1905,1.0459,0,2023/2024,3,2024,football-data.co.uk,2026-05-22 12:09:26.222082
1412,2024-03-09,Granada,Sociedad,2,3,A,4.5,3.3,1.85,4.45,3.5,1.91,0.2222,0.303,0.5405,1.0658,0,2023/2024,3,2024,football-data.co.uk,2026-05-22 12:09:26.222082
1413,2024-03-09,Valencia,Getafe,1,0,H,2.0,3.2,4.2,2.0,3.15,4.62,0.5,0.3125,0.2381,1.0506,0,2023/2024,3,2024,football-data.co.uk,2026-05-22 12:09:26.222082
1414,2024-03-10,Alaves,Vallecano,1,0,H,2.15,3.1,3.75,2.2,3.1,3.89,0.4651,0.3226,0.2667,1.0544,0,2023/2024,3,2024,football-data.co.uk,2026-05-22 12:09:26.222082
1415,2024-03-10,Betis,Villarreal,2,3,A,2.05,3.5,3.4,2.08,3.66,3.59,0.4878,0.2857,0.2941,1.0676,0,2023/2024,3,2024,football-data.co.uk,2026-05-22 12:09:26.222082
1416,2024-03-10,Las Palmas,Ath Bilbao,0,2,A,4.0,3.3,2.0,4.14,3.38,2.01,0.25,0.303,0.5,1.053,0,2023/2024,3,2024,football-data.co.uk,2026-05-22 12:09:26.222082
1417,2024-03-10,Real Madrid,Celta,4,0,H,1.3,6.0,8.0,1.29,6.13,10.04,0.7692,0.1667,0.125,1.0609,0,2023/2024,3,2024,football-data.co.uk,2026-05-22 12:09:26.222082
1418,2024-03-11,Almeria,Sevilla,2,2,D,3.1,3.3,2.38,3.11,3.36,2.42,0.3226,0.303,0.4202,1.0458,0,2023/2024,3,2024,football-data.co.uk,2026-05-22 12:09:26.222082
1419,2024-03-15,Sociedad,Cadiz,2,0,H,1.5,4.0,8.5,1.48,4.15,8.55,0.6667,0.25,0.1176,1.0343,0,2023/2024,3,2024,football-data.co.uk,2026-05-22 12:09:26.222082
1420,2024-03-16,Ath Bilbao,Alaves,2,0,H,1.55,3.75,7.0,1.55,4.08,6.75,0.6452,0.2667,0.1429,1.0547,0,2023/2024,3,2024,football-data.co.uk,2026-05-22 12:09:26.222082
1421,2024-03-16,Getafe,Girona,1,0,H,3.1,3.5,2.25,3.13,3.56,2.31,0.3226,0.2857,0.4444,1.0527,0,2023/2024,3,2024,football-data.co.uk,2026-05-22 12:09:26.222082
1422,2024-03-16,Mallorca,Granada,1,0,H,1.83,3.3,5.0,1.84,3.43,5.0,0.5464,0.303,0.2,1.0495,0,2023/2024,3,2024,football-data.co.uk,2026-05-22 12:09:26.222082
1423,2024-03-16,Osasuna,Real Madrid,2,4,A,5.75,4.2,1.55,6.12,4.36,1.55,0.1739,0.2381,0.6452,1.0572,0,2023/2024,3,2024,football-data.co.uk,2026-05-22 12:09:26.222082
1424,2024-03-17,Ath Madrid,Barcelona,0,3,A,2.38,3.6,2.8,2.42,3.66,2.89,0.4202,0.2778,0.3571,1.0551,0,2023/2024,3,2024,football-data.co.uk,2026-05-22 12:09:26.222082
1425,2024-03-17,Las Palmas,Almeria,0,1,A,1.95,3.5,4.0,1.92,3.65,4.18,0.5128,0.2857,0.25,1.0485,0,2023/2024,3,2024,football-data.co.uk,2026-05-22 12:09:26.222082
1426,2024-03-17,Sevilla,Celta,1,2,A,2.0,3.4,3.75,2.03,3.45,4.05,0.5,0.2941,0.2667,1.0608,0,2023/2024,3,2024,football-data.co.uk,2026-05-22 12:09:26.222082
1427,2024-03-17,Vallecano,Betis,2,0,H,2.5,3.25,3.0,2.51,3.31,3.0,0.4,0.3077,0.3333,1.041,0,2023/2024,3,2024,football-data.co.uk,2026-05-22 12:09:26.222082
1428,2024-03-17,Villarreal,Valencia,1,0,H,2.05,3.5,3.6,2.13,3.49,3.61,0.4878,0.2857,0.2778,1.0513,0,2023/2024,3,2024,football-data.co.uk,2026-05-22 12:09:26.222082
1429,2024-03-29,Cadiz,Granada,1,0,H,2.0,3.3,4.2,2.02,3.37,4.23,0.5,0.303,0.2381,1.0411,0,2023/2024,3,2024,football-data.co.uk,2026-05-22 12:09:26.222082
1430,2024-03-30,Almeria,Osasuna,0,3,A,2.63,3.2,2.8,2.63,3.25,2.89,0.3802,0.3125,0.3571,1.0499,0,2023/2024,3,2024,football-data.co.uk,2026-05-22 12:09:26.222082
1431,2024-03-30,Barcelona,Las Palmas,1,0,H,1.25,6.5,10.0,1.27,6.49,10.02,0.8,0.1538,0.1,1.0538,0,2023/2024,3,2024,football-data.co.uk,2026-05-22 12:09:26.222082
1432,2024-03-30,Getafe,Sevilla,0,1,A,2.55,3.1,3.0,2.54,3.19,3.07,0.3922,0.3226,0.3333,1.0481,0,2023/2024,3,2024,football-data.co.uk,2026-05-22 12:09:26.222082
1433,2024-03-30,Valencia,Mallorca,0,0,D,2.05,3.0,4.2,2.09,2.99,4.52,0.4878,0.3333,0.2381,1.0592,0,2023/2024,3,2024,football-data.co.uk,2026-05-22 12:09:26.222082
1434,2024-03-31,Alaves,Sociedad,0,1,A,3.5,2.9,2.38,3.48,2.98,2.44,0.2857,0.3448,0.4202,1.0507,0,2023/2024,3,2024,football-data.co.uk,2026-05-22 12:09:26.222082
1435,2024-03-31,Celta,Vallecano,0,0,D,1.95,3.3,4.0,1.97,3.4,4.29,0.5128,0.303,0.25,1.0659,0,2023/2024,3,2024,football-data.co.uk,2026-05-22 12:09:26.222082
1436,2024-03-31,Girona,Betis,3,2,H,1.75,3.8,4.75,1.79,3.98,4.4,0.5714,0.2632,0.2105,1.0451,0,2023/2024,3,2024,football-data.co.uk,2026-05-22 12:09:26.222082
1437,2024-03-31,Real Madrid,Ath Bilbao,2,0,H,1.53,4.33,6.0,1.57,4.36,5.87,0.6536,0.2309,0.1667,1.0512,0,2023/2024,3,2024,football-data.co.uk,2026-05-22 12:09:26.222082
1438,2024-04-01,Villarreal,Ath Madrid,1,2,A,2.9,3.75,2.25,2.99,3.72,2.32,0.3448,0.2667,0.4444,1.0559,0,2023/2024,4,2024,football-data.co.uk,2026-05-22 12:09:26.222082
1439,2024-04-04,Granada,Valencia,0,1,A,3.4,3.1,2.3,3.37,3.23,2.34,0.2941,0.3226,0.4348,1.0515,0,2023/2024,4,2024,football-data.co.uk,2026-05-22 12:09:26.222082
1440,2024-04-12,Betis,Celta,2,1,H,2.1,3.4,3.5,2.12,3.5,3.7,0.4762,0.2941,0.2857,1.056,0,2023/2024,4,2024,football-data.co.uk,2026-05-22 12:09:26.222082
1441,2024-04-13,Ath Madrid,Girona,3,1,H,1.91,3.6,3.8,1.97,3.88,3.71,0.5236,0.2778,0.2632,1.0645,0,2023/2024,4,2024,football-data.co.uk,2026-05-22 12:09:26.222082
1442,2024-04-13,Cadiz,Barcelona,0,1,A,4.33,3.6,1.83,4.43,3.5,1.91,0.2309,0.2778,0.5464,1.0552,0,2023/2024,4,2024,football-data.co.uk,2026-05-22 12:09:26.222082
1443,2024-04-13,Mallorca,Real Madrid,0,1,A,5.0,3.6,1.75,5.09,3.68,1.76,0.2,0.2778,0.5714,1.0492,0,2023/2024,4,2024,football-data.co.uk,2026-05-22 12:09:26.222082
1444,2024-04-13,Vallecano,Getafe,0,0,D,2.2,3.0,3.7,2.26,3.07,3.77,0.4545,0.3333,0.2703,1.0581,0,2023/2024,4,2024,football-data.co.uk,2026-05-22 12:09:26.222082
1445,2024-04-14,Ath Bilbao,Villarreal,1,1,D,1.75,4.0,4.33,1.78,4.02,4.47,0.5714,0.25,0.2309,1.0524,0,2023/2024,4,2024,football-data.co.uk,2026-05-22 12:09:26.222082
1446,2024-04-14,Granada,Alaves,2,0,H,3.0,3.0,2.55,3.12,3.14,2.54,0.3333,0.3333,0.3922,1.0588,0,2023/2024,4,2024,football-data.co.uk,2026-05-22 12:09:26.222082
1447,2024-04-14,Las Palmas,Sevilla,0,2,A,2.7,3.2,2.7,2.8,3.11,2.83,0.3704,0.3125,0.3704,1.0532,0,2023/2024,4,2024,football-data.co.uk,2026-05-22 12:09:26.222082
1448,2024-04-14,Sociedad,Almeria,2,2,D,1.33,5.0,10.0,1.34,5.32,9.55,0.7519,0.2,0.1,1.0519,0,2023/2024,4,2024,football-data.co.uk,2026-05-22 12:09:26.222082
1449,2024-04-15,Osasuna,Valencia,0,1,A,2.2,3.1,3.75,2.2,3.14,3.68,0.4545,0.3226,0.2667,1.0438,0,2023/2024,4,2024,football-data.co.uk,2026-05-22 12:09:26.222082
1450,2024-04-19,Ath Bilbao,Granada,1,1,D,1.25,6.0,11.0,1.28,6.09,12.01,0.8,0.1667,0.0909,1.0576,0,2023/2024,4,2024,football-data.co.uk,2026-05-22 12:09:26.222082
1451,2024-04-20,Celta,Las Palmas,4,1,H,1.73,3.75,5.0,1.76,3.72,4.99,0.578,0.2667,0.2,1.0447,0,2023/2024,4,2024,football-data.co.uk,2026-05-22 12:09:26.222082
1452,2024-04-20,Girona,Cadiz,4,1,H,1.4,4.75,8.0,1.43,4.89,7.51,0.7143,0.2105,0.125,1.0498,0,2023/2024,4,2024,football-data.co.uk,2026-05-22 12:09:26.222082
1453,2024-04-20,Valencia,Betis,1,2,A,2.2,3.2,3.5,2.25,3.28,3.52,0.4545,0.3125,0.2857,1.0528,0,2023/2024,4,2024,football-data.co.uk,2026-05-22 12:09:26.222082
1454,2024-04-20,Vallecano,Osasuna,2,1,H,2.2,3.1,3.6,2.24,3.12,3.73,0.4545,0.3226,0.2778,1.0549,0,2023/2024,4,2024,football-data.co.uk,2026-05-22 12:09:26.222082
1455,2024-04-21,Alaves,Ath Madrid,2,0,H,4.0,3.5,1.95,4.21,3.4,1.99,0.25,0.2857,0.5128,1.0485,0,2023/2024,4,2024,football-data.co.uk,2026-05-22 12:09:26.222082
1456,2024-04-21,Almeria,Villarreal,1,2,A,3.4,3.8,2.05,3.32,3.81,2.05,0.2941,0.2632,0.4878,1.0451,0,2023/2024,4,2024,football-data.co.uk,2026-05-22 12:09:26.222082
1457,2024-04-21,Getafe,Sociedad,1,1,D,3.8,3.1,2.15,3.88,3.07,2.22,0.2632,0.3226,0.4651,1.0509,0,2023/2024,4,2024,football-data.co.uk,2026-05-22 12:09:26.222082
1458,2024-04-21,Real Madrid,Barcelona,3,2,H,1.85,3.8,4.0,1.88,3.96,3.99,0.5405,0.2632,0.25,1.0537,0,2023/2024,4,2024,football-data.co.uk,2026-05-22 12:09:26.222082
1459,2024-04-22,Sevilla,Mallorca,2,1,H,1.95,3.1,4.5,2.02,3.02,4.81,0.5128,0.3226,0.2222,1.0576,0,2023/2024,4,2024,football-data.co.uk,2026-05-22 12:09:26.222082
1460,2024-04-26,Sociedad,Real Madrid,0,1,A,2.45,3.25,2.9,2.51,3.23,3.14,0.4082,0.3077,0.3448,1.0607,0,2023/2024,4,2024,football-data.co.uk,2026-05-22 12:09:26.222082
1461,2024-04-27,Alaves,Celta,3,0,H,2.75,3.1,2.7,2.7,3.09,2.95,0.3636,0.3226,0.3704,1.0566,0,2023/2024,4,2024,football-data.co.uk,2026-05-22 12:09:26.222082
1462,2024-04-27,Almeria,Getafe,1,3,A,2.7,3.4,2.63,2.69,3.3,2.67,0.3704,0.2941,0.3802,1.0447,0,2023/2024,4,2024,football-data.co.uk,2026-05-22 12:09:26.222082
1463,2024-04-27,Ath Madrid,Ath Bilbao,3,1,H,1.95,3.5,4.0,1.97,3.57,4.05,0.5128,0.2857,0.25,1.0485,0,2023/2024,4,2024,football-data.co.uk,2026-05-22 12:09:26.222082
1464,2024-04-27,Las Palmas,Girona,0,2,A,4.5,3.8,1.75,4.49,4.04,1.77,0.2222,0.2632,0.5714,1.0568,0,2023/2024,4,2024,football-data.co.uk,2026-05-22 12:09:26.222082
1465,2024-04-28,Betis,Sevilla,1,1,D,2.05,3.4,3.6,2.08,3.42,3.84,0.4878,0.2941,0.2778,1.0597,0,2023/2024,4,2024,football-data.co.uk,2026-05-22 12:09:26.222082
1466,2024-04-28,Cadiz,Mallorca,1,1,D,2.5,2.9,3.2,2.69,2.85,3.23,0.4,0.3448,0.3125,1.0573,0,2023/2024,4,2024,football-data.co.uk,2026-05-22 12:09:26.222082
1467,2024-04-28,Granada,Osasuna,3,0,H,2.55,3.1,3.0,2.64,3.15,2.97,0.3922,0.3226,0.3333,1.0481,0,2023/2024,4,2024,football-data.co.uk,2026-05-22 12:09:26.222082
1468,2024-04-28,Villarreal,Vallecano,3,0,H,1.65,4.0,5.0,1.74,3.93,4.84,0.6061,0.25,0.2,1.0561,0,2023/2024,4,2024,football-data.co.uk,2026-05-22 12:09:26.222082
1469,2024-04-29,Barcelona,Valencia,4,2,H,1.36,5.0,7.5,1.36,5.49,8.18,0.7353,0.2,0.1333,1.0686,0,2023/2024,4,2024,football-data.co.uk,2026-05-22 12:09:26.222082
1470,2024-05-03,Getafe,Ath Bilbao,0,2,A,4.0,3.2,2.05,4.08,3.3,2.08,0.25,0.3125,0.4878,1.0503,0,2023/2024,5,2024,football-data.co.uk,2026-05-22 12:09:26.222082
1471,2024-05-04,Girona,Barcelona,4,2,H,2.7,3.75,2.4,2.75,3.87,2.43,0.3704,0.2667,0.4167,1.0537,0,2023/2024,5,2024,football-data.co.uk,2026-05-22 12:09:26.222082
1472,2024-05-04,Mallorca,Ath Madrid,0,1,A,3.75,3.2,2.15,3.82,3.16,2.19,0.2667,0.3125,0.4651,1.0443,0,2023/2024,5,2024,football-data.co.uk,2026-05-22 12:09:26.222082
1473,2024-05-04,Real Madrid,Cadiz,3,0,H,1.33,5.25,8.5,1.35,5.53,8.54,0.7519,0.1905,0.1176,1.06,0,2023/2024,5,2024,football-data.co.uk,2026-05-22 12:09:26.222082
1474,2024-05-04,Sociedad,Las Palmas,2,0,H,1.33,5.0,10.0,1.36,5.08,9.57,0.7519,0.2,0.1,1.0519,0,2023/2024,5,2024,football-data.co.uk,2026-05-22 12:09:26.222082
1475,2024-05-05,Celta,Villarreal,3,2,H,2.3,3.6,2.88,2.44,3.69,2.84,0.4348,0.2778,0.3472,1.0598,0,2023/2024,5,2024,football-data.co.uk,2026-05-22 12:09:26.222082
1476,2024-05-05,Osasuna,Betis,0,2,A,3.2,3.25,2.38,3.22,3.29,2.39,0.3125,0.3077,0.4202,1.0404,0,2023/2024,5,2024,football-data.co.uk,2026-05-22 12:09:26.222082
1477,2024-05-05,Sevilla,Granada,3,0,H,1.65,4.0,5.25,1.67,4.08,5.18,0.6061,0.25,0.1905,1.0465,0,2023/2024,5,2024,football-data.co.uk,2026-05-22 12:09:26.222082
1478,2024-05-05,Valencia,Alaves,0,1,A,2.1,3.0,4.0,2.15,2.93,4.37,0.4762,0.3333,0.25,1.0595,0,2023/2024,5,2024,football-data.co.uk,2026-05-22 12:09:26.222082
1479,2024-05-05,Vallecano,Almeria,0,1,A,1.57,4.0,5.75,1.6,4.2,5.76,0.6369,0.25,0.1739,1.0609,0,2023/2024,5,2024,football-data.co.uk,2026-05-22 12:09:26.222082
1480,2024-05-10,Alaves,Girona,2,2,D,3.5,3.6,2.05,3.57,3.63,2.12,0.2857,0.2778,0.4878,1.0513,0,2023/2024,5,2024,football-data.co.uk,2026-05-22 12:09:26.222082
1481,2024-05-11,Ath Bilbao,Osasuna,2,2,D,1.44,4.33,7.5,1.45,4.29,7.49,0.6944,0.2309,0.1333,1.0587,0,2023/2024,5,2024,football-data.co.uk,2026-05-22 12:09:26.222082
1482,2024-05-11,Granada,Real Madrid,0,4,A,5.5,4.6,1.53,5.32,4.58,1.54,0.1818,0.2174,0.6536,1.0528,0,2023/2024,5,2024,football-data.co.uk,2026-05-22 12:09:26.222082
1483,2024-05-11,Mallorca,Las Palmas,1,0,H,1.65,3.5,6.5,1.62,3.32,7.34,0.6061,0.2857,0.1538,1.0456,0,2023/2024,5,2024,football-data.co.uk,2026-05-22 12:09:26.222082
1484,2024-05-11,Villarreal,Sevilla,3,2,H,1.83,4.0,3.8,1.84,3.94,3.91,0.5464,0.25,0.2632,1.0596,0,2023/2024,5,2024,football-data.co.uk,2026-05-22 12:09:26.222082
1485,2024-05-12,Ath Madrid,Celta,1,0,H,1.42,4.75,7.0,1.43,4.22,8.29,0.7042,0.2105,0.1429,1.0576,0,2023/2024,5,2024,football-data.co.uk,2026-05-22 12:09:26.222082
1486,2024-05-12,Betis,Almeria,3,2,H,1.33,5.5,8.5,1.35,5.27,8.02,0.7519,0.1818,0.1176,1.0513,0,2023/2024,5,2024,football-data.co.uk,2026-05-22 12:09:26.222082
1487,2024-05-12,Cadiz,Getafe,1,0,H,2.1,3.2,3.8,2.1,3.28,3.71,0.4762,0.3125,0.2632,1.0518,0,2023/2024,5,2024,football-data.co.uk,2026-05-22 12:09:26.222082
1488,2024-05-12,Valencia,Vallecano,0,0,D,2.25,3.1,3.5,2.27,3.0,3.63,0.4444,0.3226,0.2857,1.0527,0,2023/2024,5,2024,football-data.co.uk,2026-05-22 12:09:26.222082
1489,2024-05-13,Barcelona,Sociedad,2,0,H,1.8,3.6,4.5,1.79,3.74,4.39,0.5556,0.2778,0.2222,1.0556,0,2023/2024,5,2024,football-data.co.uk,2026-05-22 12:09:26.222082
1490,2024-05-14,Girona,Villarreal,0,1,A,1.7,4.5,4.2,1.72,4.58,4.36,0.5882,0.2222,0.2381,1.0486,0,2023/2024,5,2024,football-data.co.uk,2026-05-22 12:09:26.222082
1491,2024-05-14,Osasuna,Mallorca,1,1,D,2.8,2.9,2.88,2.88,2.92,2.96,0.3571,0.3448,0.3472,1.0492,0,2023/2024,5,2024,football-data.co.uk,2026-05-22 12:09:26.222082
1492,2024-05-14,Real Madrid,Alaves,5,0,H,1.22,7.5,11.0,1.21,7.35,14.08,0.8197,0.1333,0.0909,1.0439,0,2023/2024,5,2024,football-data.co.uk,2026-05-22 12:09:26.222082
1493,2024-05-15,Celta,Ath Bilbao,2,1,H,2.63,3.3,2.7,2.6,3.35,2.73,0.3802,0.303,0.3704,1.0536,0,2023/2024,5,2024,football-data.co.uk,2026-05-22 12:09:26.222082
1494,2024-05-15,Getafe,Ath Madrid,0,3,A,4.75,3.4,1.83,4.78,3.53,1.78,0.2105,0.2941,0.5464,1.0511,0,2023/2024,5,2024,football-data.co.uk,2026-05-22 12:09:26.222082
1495,2024-05-15,Sevilla,Cadiz,0,1,A,1.9,3.6,4.0,1.92,3.69,4.13,0.5263,0.2778,0.25,1.0541,0,2023/2024,5,2024,football-data.co.uk,2026-05-22 12:09:26.222082
1496,2024-05-15,Vallecano,Granada,2,1,H,1.65,3.8,5.5,1.68,3.79,5.66,0.6061,0.2632,0.1818,1.051,0,2023/2024,5,2024,football-data.co.uk,2026-05-22 12:09:26.222082
1497,2024-05-16,Almeria,Barcelona,0,2,A,6.5,5.0,1.44,6.79,5.43,1.41,0.1538,0.2,0.6944,1.0483,0,2023/2024,5,2024,football-data.co.uk,2026-05-22 12:09:26.222082
1498,2024-05-16,Las Palmas,Betis,2,2,D,4.0,3.5,1.91,4.14,3.67,1.92,0.25,0.2857,0.5236,1.0593,0,2023/2024,5,2024,football-data.co.uk,2026-05-22 12:09:26.222082
1499,2024-05-16,Sociedad,Valencia,1,0,H,1.6,3.9,5.75,1.66,3.75,6.0,0.625,0.2564,0.1739,1.0553,0,2023/2024,5,2024,football-data.co.uk,2026-05-22 12:09:26.222082
1500,2024-05-18,Alaves,Getafe,1,0,H,2.0,3.2,4.1,2.07,3.18,4.21,0.5,0.3125,0.2439,1.0564,0,2023/2024,5,2024,football-data.co.uk,2026-05-22 12:09:26.222082
1501,2024-05-19,Ath Bilbao,Sevilla,2,0,H,1.7,3.9,4.75,1.7,3.79,4.92,0.5882,0.2564,0.2105,1.0552,0,2023/2024,5,2024,football-data.co.uk,2026-05-22 12:09:26.222082
1502,2024-05-19,Ath Madrid,Osasuna,1,4,A,1.4,4.5,8.0,1.39,4.87,7.58,0.7143,0.2222,0.125,1.0615,0,2023/2024,5,2024,football-data.co.uk,2026-05-22 12:09:26.222082
1503,2024-05-19,Barcelona,Vallecano,3,0,H,1.25,6.0,12.0,1.26,5.94,9.7,0.8,0.1667,0.0833,1.05,0,2023/2024,5,2024,football-data.co.uk,2026-05-22 12:09:26.222082
1504,2024-05-19,Betis,Sociedad,0,2,A,2.55,3.2,2.88,2.66,3.06,2.89,0.3922,0.3125,0.3472,1.0519,0,2023/2024,5,2024,football-data.co.uk,2026-05-22 12:09:26.222082
1505,2024-05-19,Cadiz,Las Palmas,0,0,D,1.8,3.5,4.75,1.85,3.43,4.55,0.5556,0.2857,0.2105,1.0518,0,2023/2024,5,2024,football-data.co.uk,2026-05-22 12:09:26.222082
1506,2024-05-19,Granada,Celta,1,2,A,3.7,3.6,2.0,3.81,3.53,1.98,0.2703,0.2778,0.5,1.048,0,2023/2024,5,2024,football-data.co.uk,2026-05-22 12:09:26.222082
1507,2024-05-19,Mallorca,Almeria,2,2,D,1.5,4.1,7.0,1.48,4.23,6.88,0.6667,0.2439,0.1429,1.0534,0,2023/2024,5,2024,football-data.co.uk,2026-05-22 12:09:26.222082
1508,2024-05-19,Valencia,Girona,1,3,A,3.0,3.5,2.3,3.05,3.58,2.25,0.3333,0.2857,0.4348,1.0538,0,2023/2024,5,2024,football-data.co.uk,2026-05-22 12:09:26.222082
1509,2024-05-19,Villarreal,Real Madrid,4,4,D,3.2,3.75,2.05,3.2,3.85,2.09,0.3125,0.2667,0.4878,1.067,0,2023/2024,5,2024,football-data.co.uk,2026-05-22 12:09:26.222082
1510,2024-05-24,Girona,Granada,7,0,H,1.22,6.5,12.0,1.22,7.22,10.68,0.8197,0.1538,0.0833,1.0569,0,2023/2024,5,2024,football-data.co.uk,2026-05-22 12:09:26.222082
1511,2024-05-25,Almeria,Cadiz,6,1,H,2.05,3.6,3.5,2.08,3.63,3.52,0.4878,0.2778,0.2857,1.0513,0,2023/2024,5,2024,football-data.co.uk,2026-05-22 12:09:26.222082
1512,2024-05-25,Osasuna,Villarreal,1,1,D,2.9,3.6,2.3,2.9,3.78,2.33,0.3448,0.2778,0.4348,1.0574,0,2023/2024,5,2024,football-data.co.uk,2026-05-22 12:09:26.222082
1513,2024-05-25,Real Madrid,Betis,0,0,D,1.33,6.0,7.5,1.35,5.67,7.79,0.7519,0.1667,0.1333,1.0519,0,2023/2024,5,2024,football-data.co.uk,2026-05-22 12:09:26.222082
1514,2024-05-25,Sociedad,Ath Madrid,0,2,A,2.4,3.3,3.0,2.42,3.49,2.96,0.4167,0.303,0.3333,1.053,0,2023/2024,5,2024,football-data.co.uk,2026-05-22 12:09:26.222082
1515,2024-05-25,Vallecano,Ath Bilbao,0,1,A,2.88,3.5,2.38,2.87,3.54,2.45,0.3472,0.2857,0.4202,1.0531,0,2023/2024,5,2024,football-data.co.uk,2026-05-22 12:09:26.222082
1516,2024-05-26,Celta,Valencia,2,2,D,1.95,3.5,3.8,1.96,3.57,3.99,0.5128,0.2857,0.2632,1.0617,0,2023/2024,5,2024,football-data.co.uk,2026-05-22 12:09:26.222082
1517,2024-05-26,Getafe,Mallorca,1,2,A,2.3,3.25,3.2,2.35,3.21,3.31,0.4348,0.3077,0.3125,1.055,0,2023/2024,5,2024,football-data.co.uk,2026-05-22 12:09:26.222082
1518,2024-05-26,Las Palmas,Alaves,1,1,D,2.4,3.3,3.0,2.53,3.34,2.91,0.4167,0.303,0.3333,1.053,0,2023/2024,5,2024,football-data.co.uk,2026-05-22 12:09:26.222082
1519,2024-05-26,Sevilla,Barcelona,1,2,A,4.0,4.0,1.8,3.98,4.11,1.83,0.25,0.25,0.5556,1.0556,0,2023/2024,5,2024,football-data.co.uk,2026-05-22 12:09:26.222082
1520,2024-08-15,Ath Bilbao,Getafe,1,1,D,1.48,4.0,8.0,1.48,4.12,8.24,0.6757,0.25,0.125,1.0507,0,2024/2025,8,2024,football-data.co.uk,2026-05-22 12:09:26.222082
1521,2024-08-15,Betis,Girona,1,1,D,2.35,3.4,3.0,2.41,3.42,3.07,0.4255,0.2941,0.3333,1.053,0,2024/2025,8,2024,football-data.co.uk,2026-05-22 12:09:26.222082
1522,2024-08-16,Celta,Alaves,2,1,H,2.0,3.2,4.1,2.05,3.37,4.12,0.5,0.3125,0.2439,1.0564,0,2024/2025,8,2024,football-data.co.uk,2026-05-22 12:09:26.222082
1523,2024-08-16,Las Palmas,Sevilla,2,2,D,2.8,3.25,2.63,2.87,3.23,2.71,0.3571,0.3077,0.3802,1.0451,0,2024/2025,8,2024,football-data.co.uk,2026-05-22 12:09:26.222082
1524,2024-08-17,Osasuna,Leganes,1,1,D,1.85,3.3,4.5,1.89,3.47,4.57,0.5405,0.303,0.2222,1.0658,0,2024/2025,8,2024,football-data.co.uk,2026-05-22 12:09:26.222082
1525,2024-08-17,Valencia,Barcelona,1,2,A,4.75,3.8,1.73,4.89,3.85,1.75,0.2105,0.2632,0.578,1.0517,0,2024/2025,8,2024,football-data.co.uk,2026-05-22 12:09:26.222082
1526,2024-08-18,Mallorca,Real Madrid,1,1,D,8.0,4.2,1.45,7.77,4.43,1.46,0.125,0.2381,0.6897,1.0528,0,2024/2025,8,2024,football-data.co.uk,2026-05-22 12:09:26.222082
1527,2024-08-18,Sociedad,Vallecano,1,2,A,1.57,3.75,7.0,1.61,3.72,6.8,0.6369,0.2667,0.1429,1.0465,0,2024/2025,8,2024,football-data.co.uk,2026-05-22 12:09:26.222082
1528,2024-08-19,Valladolid,Espanol,1,0,H,2.38,3.0,3.4,2.39,3.07,3.47,0.4202,0.3333,0.2941,1.0476,0,2024/2025,8,2024,football-data.co.uk,2026-05-22 12:09:26.222082
1529,2024-08-19,Villarreal,Ath Madrid,2,2,D,3.3,3.7,2.1,3.43,3.68,2.12,0.303,0.2703,0.4762,1.0495,0,2024/2025,8,2024,football-data.co.uk,2026-05-22 12:09:26.222082
1530,2024-08-23,Celta,Valencia,3,1,H,2.1,3.4,3.6,2.17,3.37,3.71,0.4762,0.2941,0.2778,1.0481,0,2024/2025,8,2024,football-data.co.uk,2026-05-22 12:09:26.222082
1531,2024-08-23,Sevilla,Villarreal,1,2,A,2.4,3.6,2.8,2.45,3.59,2.93,0.4167,0.2778,0.3571,1.0516,0,2024/2025,8,2024,football-data.co.uk,2026-05-22 12:09:26.222082
1532,2024-08-24,Barcelona,Ath Bilbao,2,1,H,1.62,4.2,5.0,1.63,4.22,5.34,0.6173,0.2381,0.2,1.0554,0,2024/2025,8,2024,football-data.co.uk,2026-05-22 12:09:26.222082
1533,2024-08-24,Espanol,Sociedad,0,1,A,3.9,3.2,2.05,4.18,3.12,2.11,0.2564,0.3125,0.4878,1.0567,0,2024/2025,8,2024,football-data.co.uk,2026-05-22 12:09:26.222082
1534,2024-08-24,Getafe,Vallecano,0,0,D,2.45,3.0,3.2,2.53,2.93,3.38,0.4082,0.3333,0.3125,1.054,0,2024/2025,8,2024,football-data.co.uk,2026-05-22 12:09:26.222082
1535,2024-08-24,Osasuna,Mallorca,1,0,H,2.45,3.1,3.1,2.52,3.02,3.28,0.4082,0.3226,0.3226,1.0533,0,2024/2025,8,2024,football-data.co.uk,2026-05-22 12:09:26.222082
1536,2024-08-25,Alaves,Betis,0,0,D,2.38,3.1,3.25,2.44,3.14,3.28,0.4202,0.3226,0.3077,1.0504,0,2024/2025,8,2024,football-data.co.uk,2026-05-22 12:09:26.222082
1537,2024-08-25,Ath Madrid,Girona,3,0,H,1.6,4.1,5.5,1.6,4.35,5.47,0.625,0.2439,0.1818,1.0507,0,2024/2025,8,2024,football-data.co.uk,2026-05-22 12:09:26.222082
1538,2024-08-25,Leganes,Las Palmas,2,1,H,2.25,3.0,3.6,2.33,3.0,3.78,0.4444,0.3333,0.2778,1.0556,0,2024/2025,8,2024,football-data.co.uk,2026-05-22 12:09:26.222082
1539,2024-08-25,Real Madrid,Valladolid,3,0,H,1.18,7.5,15.0,1.17,8.51,16.25,0.8475,0.1333,0.0667,1.0475,0,2024/2025,8,2024,football-data.co.uk,2026-05-22 12:09:26.222082
1540,2024-08-26,Villarreal,Celta,4,3,H,1.91,3.4,3.8,1.94,3.46,3.76,0.5236,0.2941,0.2632,1.0808,0,2024/2025,8,2024,football-data.co.uk,2026-05-22 12:09:26.222082
1541,2024-08-27,Mallorca,Sevilla,0,0,D,2.38,3.1,3.25,2.47,3.11,3.33,0.4202,0.3226,0.3077,1.0504,0,2024/2025,8,2024,football-data.co.uk,2026-05-22 12:09:26.222082
1542,2024-08-27,Vallecano,Barcelona,1,2,A,5.25,3.8,1.62,5.7,4.07,1.64,0.1905,0.2632,0.6173,1.0709,0,2024/2025,8,2024,football-data.co.uk,2026-05-22 12:09:26.222082
1543,2024-08-28,Ath Bilbao,Valencia,1,0,H,1.62,3.9,5.75,1.63,3.91,5.96,0.6173,0.2564,0.1739,1.0476,0,2024/2025,8,2024,football-data.co.uk,2026-05-22 12:09:26.222082
1544,2024-08-28,Ath Madrid,Espanol,0,0,D,1.3,5.25,11.0,1.29,5.48,12.02,0.7692,0.1905,0.0909,1.0506,0,2024/2025,8,2024,football-data.co.uk,2026-05-22 12:09:26.222082
1545,2024-08-28,Sociedad,Alaves,1,2,A,1.7,3.5,5.75,1.71,3.58,5.78,0.5882,0.2857,0.1739,1.0479,0,2024/2025,8,2024,football-data.co.uk,2026-05-22 12:09:26.222082
1546,2024-08-28,Valladolid,Leganes,0,0,D,2.3,3.0,3.6,2.34,3.02,3.64,0.4348,0.3333,0.2778,1.0459,0,2024/2025,8,2024,football-data.co.uk,2026-05-22 12:09:26.222082
1547,2024-08-29,Girona,Osasuna,4,0,H,1.7,4.0,4.33,1.76,4.0,4.57,0.5882,0.25,0.2309,1.0692,0,2024/2025,8,2024,football-data.co.uk,2026-05-22 12:09:26.222082
1548,2024-08-29,Las Palmas,Real Madrid,1,1,D,8.0,5.0,1.38,8.1,5.27,1.38,0.125,0.2,0.7246,1.0496,0,2024/2025,8,2024,football-data.co.uk,2026-05-22 12:09:26.222082
1549,2024-08-31,Ath Bilbao,Ath Madrid,0,1,A,3.0,3.3,2.38,3.05,3.35,2.46,0.3333,0.303,0.4202,1.0565,0,2024/2025,8,2024,football-data.co.uk,2026-05-22 12:09:26.222082
1550,2024-08-31,Barcelona,Valladolid,7,0,H,1.25,6.25,10.0,1.25,6.39,11.82,0.8,0.16,0.1,1.06,0,2024/2025,8,2024,football-data.co.uk,2026-05-22 12:09:26.222082
1551,2024-08-31,Espanol,Vallecano,2,1,H,2.8,3.0,2.8,2.8,3.01,2.92,0.3571,0.3333,0.3571,1.0476,0,2024/2025,8,2024,football-data.co.uk,2026-05-22 12:09:26.222082
1552,2024-08-31,Leganes,Mallorca,0,1,A,2.5,3.0,3.2,2.6,2.89,3.32,0.4,0.3333,0.3125,1.0458,0,2024/2025,8,2024,football-data.co.uk,2026-05-22 12:09:26.222082
1553,2024-08-31,Valencia,Villarreal,1,1,D,2.8,3.4,2.45,2.81,3.41,2.61,0.3571,0.2941,0.4082,1.0594,0,2024/2025,8,2024,football-data.co.uk,2026-05-22 12:09:26.222082
1554,2024-09-01,Alaves,Las Palmas,2,0,H,1.95,3.4,4.0,1.94,3.38,4.45,0.5128,0.2941,0.25,1.0569,0,2024/2025,9,2024,football-data.co.uk,2026-05-22 12:09:26.222082
1555,2024-09-01,Getafe,Sociedad,0,0,D,3.5,2.9,2.38,3.59,2.87,2.46,0.2857,0.3448,0.4202,1.0507,0,2024/2025,9,2024,football-data.co.uk,2026-05-22 12:09:26.222082
1556,2024-09-01,Osasuna,Celta,3,2,H,2.45,3.25,3.0,2.51,3.31,3.0,0.4082,0.3077,0.3333,1.0492,0,2024/2025,9,2024,football-data.co.uk,2026-05-22 12:09:26.222082
1557,2024-09-01,Real Madrid,Betis,2,0,H,1.29,5.75,9.5,1.29,5.97,9.9,0.7752,0.1739,0.1053,1.0544,0,2024/2025,9,2024,football-data.co.uk,2026-05-22 12:09:26.222082
1558,2024-09-01,Sevilla,Girona,0,2,A,2.35,3.8,2.75,2.42,3.8,2.8,0.4255,0.2632,0.3636,1.0523,0,2024/2025,9,2024,football-data.co.uk,2026-05-22 12:09:26.222082
1559,2024-09-13,Betis,Leganes,2,0,H,1.62,3.7,6.25,1.63,3.76,6.37,0.6173,0.2703,0.16,1.0476,0,2024/2025,9,2024,football-data.co.uk,2026-05-22 12:09:26.222082
1560,2024-09-14,Espanol,Alaves,3,2,H,2.63,3.2,2.8,2.75,3.04,2.91,0.3802,0.3125,0.3571,1.0499,0,2024/2025,9,2024,football-data.co.uk,2026-05-22 12:09:26.222082
1561,2024-09-14,Mallorca,Villarreal,1,2,A,2.45,3.4,2.88,2.5,3.21,3.07,0.4082,0.2941,0.3472,1.0495,0,2024/2025,9,2024,football-data.co.uk,2026-05-22 12:09:26.222082
1562,2024-09-14,Sevilla,Getafe,1,0,H,2.2,3.0,3.7,2.24,3.1,3.72,0.4545,0.3333,0.2703,1.0581,0,2024/2025,9,2024,football-data.co.uk,2026-05-22 12:09:26.222082
1563,2024-09-14,Sociedad,Real Madrid,0,2,A,4.75,3.9,1.67,5.32,3.82,1.69,0.2105,0.2564,0.5988,1.0657,0,2024/2025,9,2024,football-data.co.uk,2026-05-22 12:09:26.222082
1564,2024-09-15,Ath Madrid,Valencia,3,0,H,1.33,4.5,11.0,1.34,5.1,9.9,0.7519,0.2222,0.0909,1.065,0,2024/2025,9,2024,football-data.co.uk,2026-05-22 12:09:26.222082
1565,2024-09-15,Celta,Valladolid,3,1,H,1.67,3.75,5.5,1.68,4.03,5.11,0.5988,0.2667,0.1818,1.0473,0,2024/2025,9,2024,football-data.co.uk,2026-05-22 12:09:26.222082
1566,2024-09-15,Girona,Barcelona,1,4,A,4.2,3.8,1.8,4.2,3.93,1.83,0.2381,0.2632,0.5556,1.0568,0,2024/2025,9,2024,football-data.co.uk,2026-05-22 12:09:26.222082
1567,2024-09-15,Las Palmas,Ath Bilbao,2,3,A,3.8,3.4,2.0,3.9,3.39,2.05,0.2632,0.2941,0.5,1.0573,0,2024/2025,9,2024,football-data.co.uk,2026-05-22 12:09:26.222082
1568,2024-09-16,Vallecano,Osasuna,3,1,H,2.05,3.1,4.0,2.08,3.18,4.13,0.4878,0.3226,0.25,1.0604,0,2024/2025,9,2024,football-data.co.uk,2026-05-22 12:09:26.222082
1569,2024-09-17,Mallorca,Sociedad,1,0,H,2.9,2.75,3.0,2.94,2.81,3.02,0.3448,0.3636,0.3333,1.0418,0,2024/2025,9,2024,football-data.co.uk,2026-05-22 12:09:26.222082
1570,2024-09-18,Betis,Getafe,2,1,H,1.91,3.0,5.0,1.96,3.15,4.84,0.5236,0.3333,0.2,1.0569,0,2024/2025,9,2024,football-data.co.uk,2026-05-22 12:09:26.222082
1571,2024-09-19,Leganes,Ath Bilbao,0,2,A,3.75,3.2,2.05,4.26,3.16,2.07,0.2667,0.3125,0.4878,1.067,0,2024/2025,9,2024,football-data.co.uk,2026-05-22 12:09:26.222082
1572,2024-09-20,Alaves,Sevilla,2,1,H,2.15,3.1,3.7,2.2,3.3,3.7,0.4651,0.3226,0.2703,1.058,0,2024/2025,9,2024,football-data.co.uk,2026-05-22 12:09:26.222082
1573,2024-09-21,Osasuna,Las Palmas,2,1,H,1.9,3.4,4.2,1.92,3.43,4.51,0.5263,0.2941,0.2381,1.0585,0,2024/2025,9,2024,football-data.co.uk,2026-05-22 12:09:26.222082
1574,2024-09-21,Real Madrid,Espanol,4,1,H,1.17,7.0,19.0,1.17,8.33,15.46,0.8547,0.1429,0.0526,1.0502,0,2024/2025,9,2024,football-data.co.uk,2026-05-22 12:09:26.222082
1575,2024-09-21,Valencia,Girona,2,0,H,2.88,3.3,2.5,2.96,3.33,2.53,0.3472,0.303,0.4,1.0503,0,2024/2025,9,2024,football-data.co.uk,2026-05-22 12:09:26.222082
1576,2024-09-21,Valladolid,Sociedad,0,0,D,3.9,3.0,2.2,3.87,3.03,2.24,0.2564,0.3333,0.4545,1.0443,0,2024/2025,9,2024,football-data.co.uk,2026-05-22 12:09:26.222082
1577,2024-09-22,Ath Bilbao,Celta,3,1,H,1.7,3.7,5.25,1.72,3.99,4.85,0.5882,0.2703,0.1905,1.049,0,2024/2025,9,2024,football-data.co.uk,2026-05-22 12:09:26.222082
1578,2024-09-22,Getafe,Leganes,1,1,D,2.05,2.8,4.75,2.07,2.81,5.06,0.4878,0.3571,0.2105,1.0555,0,2024/2025,9,2024,football-data.co.uk,2026-05-22 12:09:26.222082
1579,2024-09-22,Vallecano,Ath Madrid,1,1,D,5.0,3.4,1.8,4.96,3.53,1.81,0.2,0.2941,0.5556,1.0497,0,2024/2025,9,2024,football-data.co.uk,2026-05-22 12:09:26.222082
1580,2024-09-22,Villarreal,Barcelona,1,5,A,3.9,3.9,1.85,3.9,4.05,1.88,0.2564,0.2564,0.5405,1.0534,0,2024/2025,9,2024,football-data.co.uk,2026-05-22 12:09:26.222082
1581,2024-09-23,Betis,Mallorca,1,2,A,1.85,3.3,4.75,1.88,3.3,4.98,0.5405,0.303,0.2105,1.0541,0,2024/2025,9,2024,football-data.co.uk,2026-05-22 12:09:26.222082
1582,2024-09-24,Real Madrid,Alaves,3,2,H,1.2,6.5,13.0,1.18,7.39,16.8,0.8333,0.1538,0.0769,1.0641,0,2024/2025,9,2024,football-data.co.uk,2026-05-22 12:09:26.222082
1583,2024-09-24,Sevilla,Valladolid,2,1,H,1.65,3.8,5.5,1.67,3.9,5.49,0.6061,0.2632,0.1818,1.051,0,2024/2025,9,2024,football-data.co.uk,2026-05-22 12:09:26.222082
1584,2024-09-24,Valencia,Osasuna,0,0,D,2.0,3.1,4.0,2.09,3.15,4.2,0.5,0.3226,0.25,1.0726,0,2024/2025,9,2024,football-data.co.uk,2026-05-22 12:09:26.222082
1585,2024-09-25,Barcelona,Getafe,1,0,H,1.25,6.25,10.0,1.23,6.57,13.27,0.8,0.16,0.1,1.06,0,2024/2025,9,2024,football-data.co.uk,2026-05-22 12:09:26.222082
1586,2024-09-25,Girona,Vallecano,0,0,D,1.73,3.7,4.5,1.76,3.91,4.71,0.578,0.2703,0.2222,1.0705,0,2024/2025,9,2024,football-data.co.uk,2026-05-22 12:09:26.222082
1587,2024-09-26,Celta,Ath Madrid,0,1,A,3.8,3.7,1.91,4.01,3.76,1.93,0.2632,0.2703,0.5236,1.057,0,2024/2025,9,2024,football-data.co.uk,2026-05-22 12:09:26.222082
1588,2024-09-26,Espanol,Villarreal,1,2,A,3.25,3.5,2.15,3.45,3.41,2.22,0.3077,0.2857,0.4651,1.0585,0,2024/2025,9,2024,football-data.co.uk,2026-05-22 12:09:26.222082
1589,2024-09-26,Las Palmas,Betis,1,1,D,3.1,3.1,2.38,3.18,3.3,2.41,0.3226,0.3226,0.4202,1.0653,0,2024/2025,9,2024,football-data.co.uk,2026-05-22 12:09:26.222082
1590,2024-09-27,Valladolid,Mallorca,1,2,A,3.0,2.9,2.63,3.11,2.9,2.77,0.3333,0.3448,0.3802,1.0584,0,2024/2025,9,2024,football-data.co.uk,2026-05-22 12:09:26.222082
1591,2024-09-28,Getafe,Alaves,2,0,H,2.55,2.88,3.1,2.66,2.78,3.36,0.3922,0.3472,0.3226,1.062,0,2024/2025,9,2024,football-data.co.uk,2026-05-22 12:09:26.222082
1592,2024-09-28,Osasuna,Barcelona,4,2,H,7.0,4.5,1.45,6.42,4.78,1.49,0.1429,0.2222,0.6897,1.0547,0,2024/2025,9,2024,football-data.co.uk,2026-05-22 12:09:26.222082
1593,2024-09-28,Sociedad,Valencia,3,0,H,1.85,3.25,4.75,1.92,3.33,4.69,0.5405,0.3077,0.2105,1.0588,0,2024/2025,9,2024,football-data.co.uk,2026-05-22 12:09:26.222082
1594,2024-09-28,Vallecano,Leganes,1,1,D,1.9,3.0,5.0,1.93,3.18,4.94,0.5263,0.3333,0.2,1.0596,0,2024/2025,9,2024,football-data.co.uk,2026-05-22 12:09:26.222082
1595,2024-09-29,Ath Bilbao,Sevilla,1,1,D,1.7,3.7,5.0,1.75,3.86,4.91,0.5882,0.2703,0.2,1.0585,0,2024/2025,9,2024,football-data.co.uk,2026-05-22 12:09:26.222082
1596,2024-09-29,Ath Madrid,Real Madrid,1,1,D,2.8,3.3,2.5,2.81,3.47,2.57,0.3571,0.303,0.4,1.0602,0,2024/2025,9,2024,football-data.co.uk,2026-05-22 12:09:26.222082
1597,2024-09-29,Betis,Espanol,1,0,H,1.65,3.4,5.75,1.64,3.87,5.91,0.6061,0.2941,0.1739,1.0741,0,2024/2025,9,2024,football-data.co.uk,2026-05-22 12:09:26.222082
1598,2024-09-29,Celta,Girona,1,1,D,2.1,3.6,3.25,2.2,3.66,3.26,0.4762,0.2778,0.3077,1.0617,0,2024/2025,9,2024,football-data.co.uk,2026-05-22 12:09:26.222082
1599,2024-09-30,Villarreal,Las Palmas,3,1,H,1.45,4.33,6.5,1.47,4.92,6.53,0.6897,0.2309,0.1538,1.0744,0,2024/2025,9,2024,football-data.co.uk,2026-05-22 12:09:26.222082
1600,2024-10-04,Leganes,Valencia,0,0,D,2.9,2.88,2.8,3.08,2.81,2.88,0.3448,0.3472,0.3571,1.0492,0,2024/2025,10,2024,football-data.co.uk,2026-05-22 12:09:26.222082
1601,2024-10-05,Espanol,Mallorca,2,1,H,3.1,3.0,2.55,3.28,2.91,2.6,0.3226,0.3333,0.3922,1.0481,0,2024/2025,10,2024,football-data.co.uk,2026-05-22 12:09:26.222082
1602,2024-10-05,Getafe,Osasuna,1,1,D,2.2,2.9,3.9,2.26,2.95,3.96,0.4545,0.3448,0.2564,1.0558,0,2024/2025,10,2024,football-data.co.uk,2026-05-22 12:09:26.222082
1603,2024-10-05,Las Palmas,Celta,0,1,A,3.1,3.5,2.25,3.14,3.6,2.29,0.3226,0.2857,0.4444,1.0527,0,2024/2025,10,2024,football-data.co.uk,2026-05-22 12:09:26.222082
1604,2024-10-05,Real Madrid,Villarreal,2,0,H,1.27,6.25,8.5,1.27,6.65,9.54,0.7874,0.16,0.1176,1.065,0,2024/2025,10,2024,football-data.co.uk,2026-05-22 12:09:26.222082
1605,2024-10-05,Valladolid,Vallecano,1,2,A,3.1,3.0,2.5,3.19,3.01,2.58,0.3226,0.3333,0.4,1.0559,0,2024/2025,10,2024,football-data.co.uk,2026-05-22 12:09:26.222082
1606,2024-10-06,Alaves,Barcelona,0,3,A,5.25,4.5,1.57,5.69,4.39,1.58,0.1905,0.2222,0.6369,1.0496,0,2024/2025,10,2024,football-data.co.uk,2026-05-22 12:09:26.222082
1607,2024-10-06,Girona,Ath Bilbao,2,1,H,2.35,3.3,3.1,2.44,3.28,3.14,0.4255,0.303,0.3226,1.0511,0,2024/2025,10,2024,football-data.co.uk,2026-05-22 12:09:26.222082
1608,2024-10-06,Sevilla,Betis,1,0,H,2.45,3.2,3.0,2.57,3.17,3.05,0.4082,0.3125,0.3333,1.054,0,2024/2025,10,2024,football-data.co.uk,2026-05-22 12:09:26.222082
1609,2024-10-06,Sociedad,Ath Madrid,1,1,D,3.3,3.2,2.3,3.35,3.16,2.39,0.303,0.3125,0.4348,1.0503,0,2024/2025,10,2024,football-data.co.uk,2026-05-22 12:09:26.222082
1610,2024-10-18,Alaves,Valladolid,2,3,A,1.62,3.9,5.75,1.65,3.91,5.96,0.6173,0.2564,0.1739,1.0476,0,2024/2025,10,2024,football-data.co.uk,2026-05-22 12:09:26.222082
1611,2024-10-19,Ath Bilbao,Espanol,4,1,H,1.45,4.2,7.5,1.44,4.3,8.97,0.6897,0.2381,0.1333,1.0611,0,2024/2025,10,2024,football-data.co.uk,2026-05-22 12:09:26.222082
1612,2024-10-19,Celta,Real Madrid,1,2,A,4.75,4.5,1.6,5.62,4.38,1.58,0.2105,0.2222,0.625,1.0577,0,2024/2025,10,2024,football-data.co.uk,2026-05-22 12:09:26.222082
1613,2024-10-19,Girona,Sociedad,0,1,A,2.4,3.4,2.88,2.57,3.29,2.94,0.4167,0.2941,0.3472,1.058,0,2024/2025,10,2024,football-data.co.uk,2026-05-22 12:09:26.222082
1614,2024-10-19,Osasuna,Betis,1,2,A,2.5,3.4,2.7,2.6,3.28,2.91,0.4,0.2941,0.3704,1.0645,0,2024/2025,10,2024,football-data.co.uk,2026-05-22 12:09:26.222082
1615,2024-10-20,Ath Madrid,Leganes,3,1,H,1.33,4.75,10.0,1.33,5.17,11.01,0.7519,0.2105,0.1,1.0624,0,2024/2025,10,2024,football-data.co.uk,2026-05-22 12:09:26.222082
1616,2024-10-20,Barcelona,Sevilla,5,1,H,1.3,5.75,8.0,1.32,5.87,9.2,0.7692,0.1739,0.125,1.0681,0,2024/2025,10,2024,football-data.co.uk,2026-05-22 12:09:26.222082
1617,2024-10-20,Mallorca,Vallecano,1,0,H,2.05,3.1,4.0,2.13,3.06,4.2,0.4878,0.3226,0.25,1.0604,0,2024/2025,10,2024,football-data.co.uk,2026-05-22 12:09:26.222082
1618,2024-10-20,Villarreal,Getafe,1,1,D,1.67,3.8,5.0,1.71,3.88,5.1,0.5988,0.2632,0.2,1.062,0,2024/2025,10,2024,football-data.co.uk,2026-05-22 12:09:26.222082
1619,2024-10-21,Valencia,Las Palmas,2,3,A,1.62,3.8,5.5,1.63,3.79,6.22,0.6173,0.2632,0.1818,1.0623,0,2024/2025,10,2024,football-data.co.uk,2026-05-22 12:09:26.222082
1620,2024-10-25,Espanol,Sevilla,0,2,A,3.0,3.25,2.4,3.23,3.2,2.47,0.3333,0.3077,0.4167,1.0577,0,2024/2025,10,2024,football-data.co.uk,2026-05-22 12:09:26.222082
1621,2024-10-26,Las Palmas,Girona,1,0,H,2.88,3.4,2.45,2.95,3.45,2.48,0.3472,0.2941,0.4082,1.0495,0,2024/2025,10,2024,football-data.co.uk,2026-05-22 12:09:26.222082
1622,2024-10-26,Real Madrid,Barcelona,0,4,A,2.0,4.1,3.25,2.04,4.09,3.35,0.5,0.2439,0.3077,1.0516,0,2024/2025,10,2024,football-data.co.uk,2026-05-22 12:09:26.222082
1623,2024-10-26,Valladolid,Villarreal,1,2,A,3.5,3.75,2.0,3.69,3.67,2.04,0.2857,0.2667,0.5,1.0524,0,2024/2025,10,2024,football-data.co.uk,2026-05-22 12:09:26.222082
1624,2024-10-26,Vallecano,Alaves,1,0,H,2.25,3.1,3.5,2.26,3.1,3.74,0.4444,0.3226,0.2857,1.0527,0,2024/2025,10,2024,football-data.co.uk,2026-05-22 12:09:26.222082
1625,2024-10-27,Betis,Ath Madrid,1,0,H,3.1,3.4,2.3,3.26,3.25,2.39,0.3226,0.2941,0.4348,1.0515,0,2024/2025,10,2024,football-data.co.uk,2026-05-22 12:09:26.222082
1626,2024-10-27,Getafe,Valencia,1,1,D,2.1,3.1,3.8,2.19,2.91,4.28,0.4762,0.3226,0.2632,1.0619,0,2024/2025,10,2024,football-data.co.uk,2026-05-22 12:09:26.222082
1627,2024-10-27,Leganes,Celta,3,0,H,3.25,3.25,2.3,3.35,3.19,2.37,0.3077,0.3077,0.4348,1.0502,0,2024/2025,10,2024,football-data.co.uk,2026-05-22 12:09:26.222082
1628,2024-10-27,Sociedad,Osasuna,0,2,A,1.75,3.6,5.0,1.79,3.7,4.79,0.5714,0.2778,0.2,1.0492,0,2024/2025,10,2024,football-data.co.uk,2026-05-22 12:09:26.222082
1629,2024-10-28,Mallorca,Ath Bilbao,0,0,D,2.9,3.1,2.55,3.04,2.93,2.76,0.3448,0.3226,0.3922,1.0596,0,2024/2025,10,2024,football-data.co.uk,2026-05-22 12:09:26.222082
1630,2024-11-01,Alaves,Mallorca,1,0,H,2.25,3.0,3.4,2.41,2.97,3.62,0.4444,0.3333,0.2941,1.0719,0,2024/2025,11,2024,football-data.co.uk,2026-05-22 12:09:26.222082
1631,2024-11-02,Girona,Leganes,4,3,H,1.7,3.5,5.5,1.71,3.66,5.56,0.5882,0.2857,0.1818,1.0558,0,2024/2025,11,2024,football-data.co.uk,2026-05-22 12:09:26.222082
1632,2024-11-02,Osasuna,Valladolid,1,0,H,1.6,3.7,6.25,1.63,3.8,6.23,0.625,0.2703,0.16,1.0553,0,2024/2025,11,2024,football-data.co.uk,2026-05-22 12:09:26.222082
1633,2024-11-03,Ath Bilbao,Betis,1,1,D,1.91,3.5,4.0,1.93,3.56,4.26,0.5236,0.2857,0.25,1.0593,0,2024/2025,11,2024,football-data.co.uk,2026-05-22 12:09:26.222082
1634,2024-11-03,Ath Madrid,Las Palmas,2,0,H,1.27,6.0,9.5,1.27,6.17,11.24,0.7874,0.1667,0.1053,1.0593,0,2024/2025,11,2024,football-data.co.uk,2026-05-22 12:09:26.222082
1635,2024-11-03,Barcelona,Espanol,3,1,H,1.13,9.0,19.0,1.11,11.88,18.23,0.885,0.1111,0.0526,1.0487,0,2024/2025,11,2024,football-data.co.uk,2026-05-22 12:09:26.222082
1636,2024-11-03,Sevilla,Sociedad,0,2,A,2.9,3.0,2.63,3.01,3.02,2.7,0.3448,0.3333,0.3802,1.0584,0,2024/2025,11,2024,football-data.co.uk,2026-05-22 12:09:26.222082
1637,2024-11-04,Celta,Getafe,1,0,H,1.95,3.2,4.5,1.98,3.27,4.45,0.5128,0.3125,0.2222,1.0475,0,2024/2025,11,2024,football-data.co.uk,2026-05-22 12:09:26.222082
1638,2024-11-08,Vallecano,Las Palmas,1,3,A,1.83,3.4,4.5,1.88,3.44,4.83,0.5464,0.2941,0.2222,1.0628,0,2024/2025,11,2024,football-data.co.uk,2026-05-22 12:09:26.222082
1639,2024-11-09,Leganes,Sevilla,1,0,H,2.88,3.2,2.55,2.97,3.03,2.73,0.3472,0.3125,0.3922,1.0519,0,2024/2025,11,2024,football-data.co.uk,2026-05-22 12:09:26.222082
1640,2024-11-09,Real Madrid,Osasuna,4,0,H,1.2,7.0,13.0,1.19,7.58,13.77,0.8333,0.1429,0.0769,1.0531,0,2024/2025,11,2024,football-data.co.uk,2026-05-22 12:09:26.222082
1641,2024-11-09,Villarreal,Alaves,3,0,H,1.62,4.0,5.5,1.64,4.16,5.34,0.6173,0.25,0.1818,1.0491,0,2024/2025,11,2024,football-data.co.uk,2026-05-22 12:09:26.222082
1642,2024-11-10,Betis,Celta,2,2,D,1.95,3.4,4.0,2.01,3.6,3.85,0.5128,0.2941,0.25,1.0569,0,2024/2025,11,2024,football-data.co.uk,2026-05-22 12:09:26.222082
1643,2024-11-10,Getafe,Girona,0,1,A,2.45,3.2,3.0,2.49,3.12,3.22,0.4082,0.3125,0.3333,1.054,0,2024/2025,11,2024,football-data.co.uk,2026-05-22 12:09:26.222082
1644,2024-11-10,Mallorca,Ath Madrid,0,1,A,3.6,3.1,2.2,3.88,2.95,2.29,0.2778,0.3226,0.4545,1.0549,0,2024/2025,11,2024,football-data.co.uk,2026-05-22 12:09:26.222082
1645,2024-11-10,Sociedad,Barcelona,1,0,H,4.75,4.1,1.65,4.9,4.1,1.7,0.2105,0.2439,0.6061,1.0605,0,2024/2025,11,2024,football-data.co.uk,2026-05-22 12:09:26.222082
1646,2024-11-10,Valladolid,Ath Bilbao,1,1,D,4.5,3.4,1.85,4.84,3.4,1.87,0.2222,0.2941,0.5405,1.0569,0,2024/2025,11,2024,football-data.co.uk,2026-05-22 12:09:26.222082
1647,2024-11-22,Getafe,Valladolid,2,0,H,1.65,3.4,6.5,1.68,3.47,6.79,0.6061,0.2941,0.1538,1.054,0,2024/2025,11,2024,football-data.co.uk,2026-05-22 12:09:26.222082
1648,2024-11-23,Ath Madrid,Alaves,2,1,H,1.36,4.75,9.0,1.36,4.92,10.26,0.7353,0.2105,0.1111,1.0569,0,2024/2025,11,2024,football-data.co.uk,2026-05-22 12:09:26.222082
1649,2024-11-23,Celta,Barcelona,2,2,D,4.75,4.33,1.65,4.57,4.51,1.68,0.2105,0.2309,0.6061,1.0475,0,2024/2025,11,2024,football-data.co.uk,2026-05-22 12:09:26.222082
1650,2024-11-23,Girona,Espanol,4,1,H,1.67,3.9,5.25,1.66,4.01,5.39,0.5988,0.2564,0.1905,1.0457,0,2024/2025,11,2024,football-data.co.uk,2026-05-22 12:09:26.222082
1651,2024-11-23,Las Palmas,Mallorca,2,3,A,2.8,3.0,2.7,2.96,2.95,2.81,0.3571,0.3333,0.3704,1.0608,0,2024/2025,11,2024,football-data.co.uk,2026-05-22 12:09:26.222082
1652,2024-11-23,Valencia,Betis,4,2,H,3.0,3.0,2.6,2.98,3.09,2.67,0.3333,0.3333,0.3846,1.0513,0,2024/2025,11,2024,football-data.co.uk,2026-05-22 12:09:26.222082
1653,2024-11-24,Ath Bilbao,Sociedad,1,0,H,2.25,3.0,3.6,2.27,3.06,3.75,0.4444,0.3333,0.2778,1.0556,0,2024/2025,11,2024,football-data.co.uk,2026-05-22 12:09:26.222082
1654,2024-11-24,Leganes,Real Madrid,0,3,A,7.5,4.5,1.42,9.26,4.8,1.38,0.1333,0.2222,0.7042,1.0598,0,2024/2025,11,2024,football-data.co.uk,2026-05-22 12:09:26.222082
1655,2024-11-24,Osasuna,Villarreal,2,2,D,2.55,3.4,2.75,2.62,3.5,2.74,0.3922,0.2941,0.3636,1.0499,0,2024/2025,11,2024,football-data.co.uk,2026-05-22 12:09:26.222082
1656,2024-11-24,Sevilla,Vallecano,1,0,H,2.3,3.2,3.3,2.32,3.32,3.32,0.4348,0.3125,0.303,1.0503,0,2024/2025,11,2024,football-data.co.uk,2026-05-22 12:09:26.222082
1657,2024-11-29,Mallorca,Valencia,2,1,H,2.0,3.0,4.5,2.04,2.95,4.86,0.5,0.3333,0.2222,1.0556,0,2024/2025,11,2024,football-data.co.uk,2026-05-22 12:09:26.222082
1658,2024-11-30,Alaves,Leganes,1,1,D,1.8,3.4,5.0,1.82,3.3,5.44,0.5556,0.2941,0.2,1.0497,0,2024/2025,11,2024,football-data.co.uk,2026-05-22 12:09:26.222082
1659,2024-11-30,Barcelona,Las Palmas,1,2,A,1.17,8.5,13.0,1.16,9.29,14.11,0.8547,0.1176,0.0769,1.0493,0,2024/2025,11,2024,football-data.co.uk,2026-05-22 12:09:26.222082
1660,2024-11-30,Espanol,Celta,3,1,H,3.3,3.4,2.2,3.36,3.35,2.28,0.303,0.2941,0.4545,1.0517,0,2024/2025,11,2024,football-data.co.uk,2026-05-22 12:09:26.222082
1661,2024-11-30,Valladolid,Ath Madrid,0,5,A,6.0,4.2,1.53,6.47,4.14,1.56,0.1667,0.2381,0.6536,1.0584,0,2024/2025,11,2024,football-data.co.uk,2026-05-22 12:09:26.222082
1662,2024-12-01,Real Madrid,Getafe,2,0,H,1.36,4.5,10.0,1.37,4.87,9.55,0.7353,0.2222,0.1,1.0575,0,2024/2025,12,2024,football-data.co.uk,2026-05-22 12:09:26.222082
1663,2024-12-01,Sociedad,Betis,2,0,H,1.8,3.6,4.5,1.81,3.59,4.93,0.5556,0.2778,0.2222,1.0556,0,2024/2025,12,2024,football-data.co.uk,2026-05-22 12:09:26.222082
1664,2024-12-01,Vallecano,Ath Bilbao,1,2,A,2.8,3.1,2.7,2.91,3.16,2.68,0.3571,0.3226,0.3704,1.0501,0,2024/2025,12,2024,football-data.co.uk,2026-05-22 12:09:26.222082
1665,2024-12-01,Villarreal,Girona,2,2,D,1.83,3.7,4.2,1.88,3.88,4.05,0.5464,0.2703,0.2381,1.0548,0,2024/2025,12,2024,football-data.co.uk,2026-05-22 12:09:26.222082
1666,2024-12-02,Sevilla,Osasuna,1,1,D,2.1,3.4,3.5,2.16,3.36,3.66,0.4762,0.2941,0.2857,1.056,0,2024/2025,12,2024,football-data.co.uk,2026-05-22 12:09:26.222082
1667,2024-12-03,Mallorca,Barcelona,1,5,A,5.75,4.33,1.53,6.27,4.41,1.55,0.1739,0.2309,0.6536,1.0585,0,2024/2025,12,2024,football-data.co.uk,2026-05-22 12:09:26.222082
1668,2024-12-04,Ath Bilbao,Real Madrid,2,1,H,3.2,3.3,2.25,3.15,3.54,2.31,0.3125,0.303,0.4444,1.06,0,2024/2025,12,2024,football-data.co.uk,2026-05-22 12:09:26.222082
1669,2024-12-06,Celta,Mallorca,2,0,H,1.85,3.4,4.5,1.91,3.41,4.73,0.5405,0.2941,0.2222,1.0569,0,2024/2025,12,2024,football-data.co.uk,2026-05-22 12:09:26.222082
1670,2024-12-07,Betis,Barcelona,2,2,D,5.0,4.5,1.57,5.16,4.53,1.61,0.2,0.2222,0.6369,1.0592,0,2024/2025,12,2024,football-data.co.uk,2026-05-22 12:09:26.222082
1671,2024-12-07,Girona,Real Madrid,0,3,A,4.5,3.9,1.73,4.7,4.07,1.73,0.2222,0.2564,0.578,1.0567,0,2024/2025,12,2024,football-data.co.uk,2026-05-22 12:09:26.222082
1672,2024-12-07,Las Palmas,Valladolid,2,1,H,1.8,3.6,4.5,1.8,3.67,4.79,0.5556,0.2778,0.2222,1.0556,0,2024/2025,12,2024,football-data.co.uk,2026-05-22 12:09:26.222082
1673,2024-12-07,Valencia,Vallecano,0,1,A,2.25,2.9,3.75,2.25,2.99,3.94,0.4444,0.3448,0.2667,1.0559,0,2024/2025,12,2024,football-data.co.uk,2026-05-22 12:09:26.222082
1674,2024-12-08,Ath Bilbao,Villarreal,2,0,H,1.95,3.6,3.8,1.99,3.78,3.76,0.5128,0.2778,0.2632,1.0538,0,2024/2025,12,2024,football-data.co.uk,2026-05-22 12:09:26.222082
1675,2024-12-08,Ath Madrid,Sevilla,4,3,H,1.38,4.75,8.5,1.37,5.02,9.1,0.7246,0.2105,0.1176,1.0528,0,2024/2025,12,2024,football-data.co.uk,2026-05-22 12:09:26.222082
1676,2024-12-08,Leganes,Sociedad,0,3,A,4.75,3.1,1.91,4.74,3.2,1.95,0.2105,0.3226,0.5236,1.0567,0,2024/2025,12,2024,football-data.co.uk,2026-05-22 12:09:26.222082
1677,2024-12-08,Osasuna,Alaves,2,2,D,2.05,3.3,3.75,2.09,3.43,3.78,0.4878,0.303,0.2667,1.0575,0,2024/2025,12,2024,football-data.co.uk,2026-05-22 12:09:26.222082
1678,2024-12-09,Getafe,Espanol,1,0,H,1.8,3.1,5.75,1.8,3.23,5.85,0.5556,0.3226,0.1739,1.052,0,2024/2025,12,2024,football-data.co.uk,2026-05-22 12:09:26.222082
1679,2024-12-13,Valladolid,Valencia,1,0,H,3.1,3.1,2.38,3.3,3.09,2.5,0.3226,0.3226,0.4202,1.0653,0,2024/2025,12,2024,football-data.co.uk,2026-05-22 12:09:26.222082
1680,2024-12-14,Espanol,Osasuna,0,0,D,2.75,3.2,2.6,2.88,3.15,2.72,0.3636,0.3125,0.3846,1.0608,0,2024/2025,12,2024,football-data.co.uk,2026-05-22 12:09:26.222082
1681,2024-12-14,Mallorca,Girona,2,1,H,2.3,3.1,3.25,2.38,3.08,3.48,0.4348,0.3226,0.3077,1.0651,0,2024/2025,12,2024,football-data.co.uk,2026-05-22 12:09:26.222082
1682,2024-12-14,Sevilla,Celta,1,0,H,2.2,3.25,3.3,2.26,3.34,3.42,0.4545,0.3077,0.303,1.0653,0,2024/2025,12,2024,football-data.co.uk,2026-05-22 12:09:26.222082
1683,2024-12-14,Vallecano,Real Madrid,3,3,D,6.0,3.8,1.57,6.07,3.97,1.61,0.1667,0.2632,0.6369,1.0668,0,2024/2025,12,2024,football-data.co.uk,2026-05-22 12:09:26.222082
1684,2024-12-15,Alaves,Ath Bilbao,1,1,D,3.6,3.1,2.15,3.82,3.17,2.19,0.2778,0.3226,0.4651,1.0655,0,2024/2025,12,2024,football-data.co.uk,2026-05-22 12:09:26.222082
1685,2024-12-15,Ath Madrid,Getafe,1,0,H,1.4,4.33,9.0,1.41,4.4,10.04,0.7143,0.2309,0.1111,1.0563,0,2024/2025,12,2024,football-data.co.uk,2026-05-22 12:09:26.222082
1686,2024-12-15,Barcelona,Leganes,0,1,A,1.13,8.0,19.0,1.14,9.14,18.44,0.885,0.125,0.0526,1.0626,0,2024/2025,12,2024,football-data.co.uk,2026-05-22 12:09:26.222082
1687,2024-12-15,Sociedad,Las Palmas,0,0,D,1.4,4.33,8.0,1.43,4.37,9.13,0.7143,0.2309,0.125,1.0702,0,2024/2025,12,2024,football-data.co.uk,2026-05-22 12:09:26.222082
1688,2024-12-15,Villarreal,Betis,1,2,A,1.75,3.8,4.33,1.8,3.98,4.38,0.5714,0.2632,0.2309,1.0655,0,2024/2025,12,2024,football-data.co.uk,2026-05-22 12:09:26.222082
1689,2024-12-18,Espanol,Valencia,1,1,D,2.6,3.0,3.0,2.72,2.93,3.09,0.3846,0.3333,0.3333,1.0513,0,2024/2025,12,2024,football-data.co.uk,2026-05-22 12:09:26.222082
1690,2024-12-18,Villarreal,Vallecano,1,1,D,1.8,3.6,4.5,1.85,3.66,4.49,0.5556,0.2778,0.2222,1.0556,0,2024/2025,12,2024,football-data.co.uk,2026-05-22 12:09:26.222082
1691,2024-12-20,Girona,Valladolid,3,0,H,1.38,5.0,8.0,1.4,5.01,8.31,0.7246,0.2,0.125,1.0496,0,2024/2025,12,2024,football-data.co.uk,2026-05-22 12:09:26.222082
1692,2024-12-21,Barcelona,Ath Madrid,1,2,A,1.9,3.8,3.9,1.88,3.92,4.01,0.5263,0.2632,0.2564,1.0459,0,2024/2025,12,2024,football-data.co.uk,2026-05-22 12:09:26.222082
1693,2024-12-21,Celta,Sociedad,2,0,H,2.9,3.1,2.6,2.95,3.21,2.62,0.3448,0.3226,0.3846,1.052,0,2024/2025,12,2024,football-data.co.uk,2026-05-22 12:09:26.222082
1694,2024-12-21,Getafe,Mallorca,0,1,A,2.3,2.75,3.9,2.37,2.74,4.06,0.4348,0.3636,0.2564,1.0548,0,2024/2025,12,2024,football-data.co.uk,2026-05-22 12:09:26.222082
1695,2024-12-21,Osasuna,Ath Bilbao,1,2,A,3.9,3.1,2.1,3.85,3.25,2.14,0.2564,0.3226,0.4762,1.0552,0,2024/2025,12,2024,football-data.co.uk,2026-05-22 12:09:26.222082
1696,2024-12-22,Betis,Vallecano,1,1,D,1.8,3.5,4.75,1.83,3.6,4.71,0.5556,0.2857,0.2105,1.0518,0,2024/2025,12,2024,football-data.co.uk,2026-05-22 12:09:26.222082
1697,2024-12-22,Las Palmas,Espanol,1,0,H,1.85,3.6,4.33,1.87,3.57,4.53,0.5405,0.2778,0.2309,1.0493,0,2024/2025,12,2024,football-data.co.uk,2026-05-22 12:09:26.222082
1698,2024-12-22,Leganes,Villarreal,2,5,A,4.2,3.4,1.91,4.32,3.52,1.93,0.2381,0.2941,0.5236,1.0558,0,2024/2025,12,2024,football-data.co.uk,2026-05-22 12:09:26.222082
1699,2024-12-22,Real Madrid,Sevilla,4,2,H,1.33,5.5,9.0,1.35,5.87,7.84,0.7519,0.1818,0.1111,1.0448,0,2024/2025,12,2024,football-data.co.uk,2026-05-22 12:09:26.222082
1700,2024-12-22,Valencia,Alaves,2,2,D,2.25,3.1,3.5,2.32,3.07,3.61,0.4444,0.3226,0.2857,1.0527,0,2024/2025,12,2024,football-data.co.uk,2026-05-22 12:09:26.222082
1701,2025-01-03,Valencia,Real Madrid,1,2,A,7.0,4.5,1.42,7.58,4.78,1.45,0.1429,0.2222,0.7042,1.0693,0,2024/2025,1,2025,football-data.co.uk,2026-05-22 12:09:26.222082
1702,2025-01-10,Vallecano,Celta,2,1,H,2.75,3.1,2.7,2.83,3.11,2.8,0.3636,0.3226,0.3704,1.0566,0,2024/2025,1,2025,football-data.co.uk,2026-05-22 12:09:26.222082
1703,2025-01-11,Alaves,Girona,0,1,A,2.75,3.1,2.75,2.79,3.2,2.76,0.3636,0.3226,0.3636,1.0499,0,2024/2025,1,2025,football-data.co.uk,2026-05-22 12:09:26.222082
1704,2025-01-11,Espanol,Leganes,1,1,D,2.1,3.0,4.0,2.13,3.08,4.16,0.4762,0.3333,0.25,1.0595,0,2024/2025,1,2025,football-data.co.uk,2026-05-22 12:09:26.222082
1705,2025-01-11,Sevilla,Valencia,1,1,D,2.0,3.3,4.0,2.06,3.54,3.75,0.5,0.303,0.25,1.053,0,2024/2025,1,2025,football-data.co.uk,2026-05-22 12:09:26.222082
1706,2025-01-11,Valladolid,Betis,1,0,H,4.5,3.5,1.83,4.69,3.51,1.86,0.2222,0.2857,0.5464,1.0544,0,2024/2025,1,2025,football-data.co.uk,2026-05-22 12:09:26.222082
1707,2025-01-12,Ath Madrid,Osasuna,1,0,H,1.33,5.0,10.0,1.29,5.76,11.15,0.7519,0.2,0.1,1.0519,0,2024/2025,1,2025,football-data.co.uk,2026-05-22 12:09:26.222082
1708,2025-01-12,Las Palmas,Getafe,1,2,A,2.45,2.9,3.3,2.51,2.98,3.34,0.4082,0.3448,0.303,1.056,0,2024/2025,1,2025,football-data.co.uk,2026-05-22 12:09:26.222082
1709,2025-01-13,Sociedad,Villarreal,1,0,H,2.0,3.3,4.0,1.97,3.58,4.02,0.5,0.303,0.25,1.053,0,2024/2025,1,2025,football-data.co.uk,2026-05-22 12:09:26.222082
1710,2025-01-17,Espanol,Valladolid,2,1,H,1.75,3.4,5.25,1.8,3.44,5.44,0.5714,0.2941,0.1905,1.056,0,2024/2025,1,2025,football-data.co.uk,2026-05-22 12:09:26.222082
1711,2025-01-18,Betis,Alaves,1,3,A,1.75,3.6,4.75,1.78,3.76,4.82,0.5714,0.2778,0.2105,1.0597,0,2024/2025,1,2025,football-data.co.uk,2026-05-22 12:09:26.222082
1712,2025-01-18,Getafe,Barcelona,1,1,D,6.5,4.2,1.5,6.72,4.48,1.5,0.1538,0.2381,0.6667,1.0586,0,2024/2025,1,2025,football-data.co.uk,2026-05-22 12:09:26.222082
1713,2025-01-18,Girona,Sevilla,1,2,A,1.91,3.5,4.0,1.94,3.61,4.11,0.5236,0.2857,0.25,1.0593,0,2024/2025,1,2025,football-data.co.uk,2026-05-22 12:09:26.222082
1714,2025-01-18,Leganes,Ath Madrid,1,0,H,7.0,4.0,1.5,7.1,4.24,1.51,0.1429,0.25,0.6667,1.0595,0,2024/2025,1,2025,football-data.co.uk,2026-05-22 12:09:26.222082
1715,2025-01-19,Celta,Ath Bilbao,1,2,A,2.8,3.2,2.6,2.92,3.16,2.67,0.3571,0.3125,0.3846,1.0543,0,2024/2025,1,2025,football-data.co.uk,2026-05-22 12:09:26.222082
1716,2025-01-19,Osasuna,Vallecano,1,1,D,2.15,3.0,3.8,2.22,3.13,3.8,0.4651,0.3333,0.2632,1.0616,0,2024/2025,1,2025,football-data.co.uk,2026-05-22 12:09:26.222082
1717,2025-01-19,Real Madrid,Las Palmas,4,1,H,1.14,7.5,17.0,1.15,9.06,16.17,0.8772,0.1333,0.0588,1.0693,0,2024/2025,1,2025,football-data.co.uk,2026-05-22 12:09:26.222082
1718,2025-01-19,Valencia,Sociedad,1,0,H,3.1,3.0,2.55,3.09,3.12,2.58,0.3226,0.3333,0.3922,1.0481,0,2024/2025,1,2025,football-data.co.uk,2026-05-22 12:09:26.222082
1719,2025-01-20,Villarreal,Mallorca,4,0,H,1.73,3.5,5.25,1.77,3.71,4.95,0.578,0.2857,0.1905,1.0542,0,2024/2025,1,2025,football-data.co.uk,2026-05-22 12:09:26.222082
1720,2025-01-24,Las Palmas,Osasuna,1,1,D,2.5,3.1,3.0,2.56,3.19,3.09,0.4,0.3226,0.3333,1.0559,0,2024/2025,1,2025,football-data.co.uk,2026-05-22 12:09:26.222082
1721,2025-01-25,Ath Madrid,Villarreal,1,1,D,1.7,4.0,4.75,1.72,4.16,4.65,0.5882,0.25,0.2105,1.0488,0,2024/2025,1,2025,football-data.co.uk,2026-05-22 12:09:26.222082
1722,2025-01-25,Mallorca,Betis,0,1,A,2.25,3.0,3.5,2.31,3.1,3.61,0.4444,0.3333,0.2857,1.0635,0,2024/2025,1,2025,football-data.co.uk,2026-05-22 12:09:26.222082
1723,2025-01-25,Sevilla,Espanol,1,1,D,1.7,3.8,4.75,1.71,3.85,5.21,0.5882,0.2632,0.2105,1.0619,0,2024/2025,1,2025,football-data.co.uk,2026-05-22 12:09:26.222082
1724,2025-01-25,Valladolid,Real Madrid,0,3,A,10.0,6.0,1.27,10.86,6.46,1.25,0.1,0.1667,0.7874,1.0541,0,2024/2025,1,2025,football-data.co.uk,2026-05-22 12:09:26.222082
1725,2025-01-26,Ath Bilbao,Leganes,0,0,D,1.38,5.0,7.5,1.39,4.7,9.6,0.7246,0.2,0.1333,1.058,0,2024/2025,1,2025,football-data.co.uk,2026-05-22 12:09:26.222082
1726,2025-01-26,Barcelona,Valencia,7,1,H,1.22,7.5,10.0,1.22,7.12,12.24,0.8197,0.1333,0.1,1.053,0,2024/2025,1,2025,football-data.co.uk,2026-05-22 12:09:26.222082
1727,2025-01-26,Sociedad,Getafe,0,3,A,1.75,3.4,5.5,1.78,3.2,6.19,0.5714,0.2941,0.1818,1.0474,0,2024/2025,1,2025,football-data.co.uk,2026-05-22 12:09:26.222082
1728,2025-01-26,Vallecano,Girona,2,1,H,2.75,2.9,2.88,2.75,3.1,2.88,0.3636,0.3448,0.3472,1.0557,0,2024/2025,1,2025,football-data.co.uk,2026-05-22 12:09:26.222082
1729,2025-01-27,Alaves,Celta,1,1,D,2.63,3.0,3.0,2.69,3.15,2.91,0.3802,0.3333,0.3333,1.0469,0,2024/2025,1,2025,football-data.co.uk,2026-05-22 12:09:26.222082
1730,2025-01-31,Leganes,Vallecano,0,1,A,3.3,3.0,2.38,3.29,3.06,2.52,0.303,0.3333,0.4202,1.0565,0,2024/2025,1,2025,football-data.co.uk,2026-05-22 12:09:26.222082
1731,2025-02-01,Ath Madrid,Mallorca,2,0,H,1.4,4.33,8.5,1.43,4.44,9.0,0.7143,0.2309,0.1176,1.0629,0,2024/2025,2,2025,football-data.co.uk,2026-05-22 12:09:26.222082
1732,2025-02-01,Espanol,Real Madrid,1,0,H,9.0,5.75,1.3,9.89,5.56,1.32,0.1111,0.1739,0.7692,1.0543,0,2024/2025,2,2025,football-data.co.uk,2026-05-22 12:09:26.222082
1733,2025-02-01,Getafe,Sevilla,0,0,D,2.45,2.9,3.25,2.52,2.94,3.39,0.4082,0.3448,0.3077,1.0607,0,2024/2025,2,2025,football-data.co.uk,2026-05-22 12:09:26.222082
1734,2025-02-01,Villarreal,Valladolid,5,1,H,1.22,7.0,10.0,1.23,6.74,12.37,0.8197,0.1429,0.1,1.0625,0,2024/2025,2,2025,football-data.co.uk,2026-05-22 12:09:26.222082
1735,2025-02-02,Barcelona,Alaves,1,0,H,1.2,7.5,13.0,1.19,7.63,14.28,0.8333,0.1333,0.0769,1.0436,0,2024/2025,2,2025,football-data.co.uk,2026-05-22 12:09:26.222082
1736,2025-02-02,Betis,Ath Bilbao,2,2,D,2.9,3.3,2.45,3.01,3.28,2.53,0.3448,0.303,0.4082,1.056,0,2024/2025,2,2025,football-data.co.uk,2026-05-22 12:09:26.222082
1737,2025-02-02,Osasuna,Sociedad,2,1,H,3.0,3.0,2.55,3.06,2.97,2.7,0.3333,0.3333,0.3922,1.0588,0,2024/2025,2,2025,football-data.co.uk,2026-05-22 12:09:26.222082
1738,2025-02-02,Valencia,Celta,2,1,H,2.3,3.1,3.25,2.39,3.14,3.38,0.4348,0.3226,0.3077,1.0651,0,2024/2025,2,2025,football-data.co.uk,2026-05-22 12:09:26.222082
1739,2025-02-03,Girona,Las Palmas,2,1,H,1.6,4.2,5.0,1.63,4.13,5.5,0.625,0.2381,0.2,1.0631,0,2024/2025,2,2025,football-data.co.uk,2026-05-22 12:09:26.222082
1740,2025-02-07,Vallecano,Valladolid,1,0,H,1.5,4.1,7.0,1.5,4.27,7.31,0.6667,0.2439,0.1429,1.0534,0,2024/2025,2,2025,football-data.co.uk,2026-05-22 12:09:26.222082
1741,2025-02-08,Ath Bilbao,Girona,3,0,H,1.65,4.0,5.0,1.68,3.92,5.36,0.6061,0.25,0.2,1.0561,0,2024/2025,2,2025,football-data.co.uk,2026-05-22 12:09:26.222082
1742,2025-02-08,Celta,Betis,3,2,H,2.25,3.4,3.2,2.35,3.38,3.2,0.4444,0.2941,0.3125,1.0511,0,2024/2025,2,2025,football-data.co.uk,2026-05-22 12:09:26.222082
1743,2025-02-08,Las Palmas,Villarreal,1,2,A,4.75,3.9,1.7,4.62,4.1,1.74,0.2105,0.2564,0.5882,1.0552,0,2024/2025,2,2025,football-data.co.uk,2026-05-22 12:09:26.222082
1744,2025-02-08,Real Madrid,Ath Madrid,1,1,D,1.85,3.6,4.2,1.9,3.67,4.21,0.5405,0.2778,0.2381,1.0564,0,2024/2025,2,2025,football-data.co.uk,2026-05-22 12:09:26.222082
1745,2025-02-09,Alaves,Getafe,0,1,A,2.3,2.9,3.6,2.37,2.9,3.76,0.4348,0.3448,0.2778,1.0574,0,2024/2025,2,2025,football-data.co.uk,2026-05-22 12:09:26.222082
1746,2025-02-09,Sevilla,Barcelona,1,4,A,5.25,4.5,1.55,5.62,4.68,1.55,0.1905,0.2222,0.6452,1.0579,0,2024/2025,2,2025,football-data.co.uk,2026-05-22 12:09:26.222082
1747,2025-02-09,Sociedad,Espanol,2,1,H,1.6,3.9,5.75,1.61,3.85,6.33,0.625,0.2564,0.1739,1.0553,0,2024/2025,2,2025,football-data.co.uk,2026-05-22 12:09:26.222082
1748,2025-02-09,Valencia,Leganes,2,0,H,1.73,3.4,5.5,1.75,3.48,5.61,0.578,0.2941,0.1818,1.054,0,2024/2025,2,2025,football-data.co.uk,2026-05-22 12:09:26.222082
1749,2025-02-10,Mallorca,Osasuna,1,1,D,2.0,3.0,4.33,2.05,3.22,4.26,0.5,0.3333,0.2309,1.0643,0,2024/2025,2,2025,football-data.co.uk,2026-05-22 12:09:26.222082
1750,2025-02-14,Girona,Getafe,1,2,A,1.95,3.25,4.33,1.99,3.26,4.57,0.5128,0.3077,0.2309,1.0515,0,2024/2025,2,2025,football-data.co.uk,2026-05-22 12:09:26.222082
1751,2025-02-15,Ath Madrid,Celta,1,1,D,1.39,4.5,8.0,1.43,4.79,7.81,0.7194,0.2222,0.125,1.0666,0,2024/2025,2,2025,football-data.co.uk,2026-05-22 12:09:26.222082
1752,2025-02-15,Leganes,Alaves,3,3,D,3.1,2.9,2.6,3.28,2.93,2.59,0.3226,0.3448,0.3846,1.052,0,2024/2025,2,2025,football-data.co.uk,2026-05-22 12:09:26.222082
1753,2025-02-15,Osasuna,Real Madrid,1,1,D,5.75,4.1,1.57,5.82,4.33,1.57,0.1739,0.2439,0.6369,1.0548,0,2024/2025,2,2025,football-data.co.uk,2026-05-22 12:09:26.222082
1754,2025-02-15,Villarreal,Valencia,1,1,D,1.5,4.5,5.5,1.53,4.48,6.12,0.6667,0.2222,0.1818,1.0707,0,2024/2025,2,2025,football-data.co.uk,2026-05-22 12:09:26.222082
1755,2025-02-16,Betis,Sociedad,3,0,H,2.55,3.1,2.9,2.56,3.16,3.08,0.3922,0.3226,0.3448,1.0596,0,2024/2025,2,2025,football-data.co.uk,2026-05-22 12:09:26.222082
1756,2025-02-16,Espanol,Ath Bilbao,1,1,D,5.5,3.4,1.73,5.45,3.58,1.75,0.1818,0.2941,0.578,1.054,0,2024/2025,2,2025,football-data.co.uk,2026-05-22 12:09:26.222082
1757,2025-02-16,Mallorca,Las Palmas,3,1,H,1.73,3.5,5.25,1.74,3.63,5.42,0.578,0.2857,0.1905,1.0542,0,2024/2025,2,2025,football-data.co.uk,2026-05-22 12:09:26.222082
1758,2025-02-16,Valladolid,Sevilla,0,4,A,4.0,3.4,1.95,4.14,3.4,2.0,0.25,0.2941,0.5128,1.0569,0,2024/2025,2,2025,football-data.co.uk,2026-05-22 12:09:26.222082
1759,2025-02-17,Barcelona,Vallecano,1,0,H,1.22,7.0,11.0,1.2,7.65,12.46,0.8197,0.1429,0.0909,1.0534,0,2024/2025,2,2025,football-data.co.uk,2026-05-22 12:09:26.222082
1760,2025-02-21,Celta,Osasuna,1,0,H,1.67,3.75,5.25,1.7,3.86,5.39,0.5988,0.2667,0.1905,1.0559,0,2024/2025,2,2025,football-data.co.uk,2026-05-22 12:09:26.222082
1761,2025-02-22,Alaves,Espanol,0,1,A,1.8,3.25,5.25,1.79,3.45,5.33,0.5556,0.3077,0.1905,1.0537,0,2024/2025,2,2025,football-data.co.uk,2026-05-22 12:09:26.222082
1762,2025-02-22,Las Palmas,Barcelona,0,2,A,8.5,7.0,1.25,10.7,6.91,1.24,0.1176,0.1429,0.8,1.0605,0,2024/2025,2,2025,football-data.co.uk,2026-05-22 12:09:26.222082
1763,2025-02-22,Valencia,Ath Madrid,0,3,A,4.2,3.4,1.91,4.54,3.43,1.91,0.2381,0.2941,0.5236,1.0558,0,2024/2025,2,2025,football-data.co.uk,2026-05-22 12:09:26.222082
1764,2025-02-22,Vallecano,Villarreal,0,1,A,2.88,3.5,2.38,3.09,3.37,2.42,0.3472,0.2857,0.4202,1.0531,0,2024/2025,2,2025,football-data.co.uk,2026-05-22 12:09:26.222082
1765,2025-02-23,Ath Bilbao,Valladolid,7,1,H,1.17,7.0,19.0,1.17,7.52,17.55,0.8547,0.1429,0.0526,1.0502,0,2024/2025,2,2025,football-data.co.uk,2026-05-22 12:09:26.222082
1766,2025-02-23,Getafe,Betis,1,2,A,2.6,3.1,2.9,2.66,3.11,2.98,0.3846,0.3226,0.3448,1.052,0,2024/2025,2,2025,football-data.co.uk,2026-05-22 12:09:26.222082
1767,2025-02-23,Real Madrid,Girona,2,0,H,1.29,6.25,8.5,1.28,6.44,9.32,0.7752,0.16,0.1176,1.0528,0,2024/2025,2,2025,football-data.co.uk,2026-05-22 12:09:26.222082
1768,2025-02-23,Sociedad,Leganes,3,0,H,1.55,3.75,7.0,1.56,3.87,7.11,0.6452,0.2667,0.1429,1.0547,0,2024/2025,2,2025,football-data.co.uk,2026-05-22 12:09:26.222082
1769,2025-02-24,Sevilla,Mallorca,1,1,D,2.05,3.2,3.9,2.11,3.21,4.03,0.4878,0.3125,0.2564,1.0567,0,2024/2025,2,2025,football-data.co.uk,2026-05-22 12:09:26.222082
1770,2025-02-28,Valladolid,Las Palmas,1,1,D,3.1,3.2,2.4,3.24,3.24,2.44,0.3226,0.3125,0.4167,1.0517,0,2024/2025,2,2025,football-data.co.uk,2026-05-22 12:09:26.222082
1771,2025-03-01,Ath Madrid,Ath Bilbao,1,0,H,2.05,3.5,3.6,2.04,3.48,3.88,0.4878,0.2857,0.2778,1.0513,0,2024/2025,3,2025,football-data.co.uk,2026-05-22 12:09:26.222082
1772,2025-03-01,Betis,Real Madrid,2,1,H,4.33,4.0,1.73,4.58,4.12,1.74,0.2309,0.25,0.578,1.059,0,2024/2025,3,2025,football-data.co.uk,2026-05-22 12:09:26.222082
1773,2025-03-01,Girona,Celta,2,2,D,2.2,3.5,3.25,2.19,3.56,3.38,0.4545,0.2857,0.3077,1.048,0,2024/2025,3,2025,football-data.co.uk,2026-05-22 12:09:26.222082
1774,2025-03-01,Vallecano,Sevilla,1,1,D,2.3,3.2,3.3,2.32,3.25,3.4,0.4348,0.3125,0.303,1.0503,0,2024/2025,3,2025,football-data.co.uk,2026-05-22 12:09:26.222082
1775,2025-03-02,Barcelona,Sociedad,4,0,H,1.25,5.75,12.0,1.27,5.89,11.4,0.8,0.1739,0.0833,1.0572,0,2024/2025,3,2025,football-data.co.uk,2026-05-22 12:09:26.222082
1776,2025-03-02,Leganes,Getafe,1,0,H,3.1,2.88,2.6,3.26,2.79,2.72,0.3226,0.3472,0.3846,1.0544,0,2024/2025,3,2025,football-data.co.uk,2026-05-22 12:09:26.222082
1777,2025-03-02,Mallorca,Alaves,1,1,D,2.25,3.1,3.5,2.31,3.11,3.59,0.4444,0.3226,0.2857,1.0527,0,2024/2025,3,2025,football-data.co.uk,2026-05-22 12:09:26.222082
1778,2025-03-02,Osasuna,Valencia,3,3,D,2.3,3.2,3.3,2.35,3.19,3.39,0.4348,0.3125,0.303,1.0503,0,2024/2025,3,2025,football-data.co.uk,2026-05-22 12:09:26.222082
1779,2025-03-08,Alaves,Villarreal,1,0,H,3.1,3.25,2.38,3.14,3.38,2.39,0.3226,0.3077,0.4202,1.0504,0,2024/2025,3,2025,football-data.co.uk,2026-05-22 12:09:26.222082
1780,2025-03-08,Celta,Leganes,2,1,H,1.55,3.8,7.0,1.56,4.1,6.61,0.6452,0.2632,0.1429,1.0512,0,2024/2025,3,2025,football-data.co.uk,2026-05-22 12:09:26.222082
1781,2025-03-08,Valencia,Valladolid,2,1,H,1.38,4.5,9.0,1.41,4.55,9.33,0.7246,0.2222,0.1111,1.058,0,2024/2025,3,2025,football-data.co.uk,2026-05-22 12:09:26.222082
1782,2025-03-09,Ath Bilbao,Mallorca,1,1,D,1.62,3.7,6.0,1.63,3.8,6.19,0.6173,0.2703,0.1667,1.0542,0,2024/2025,3,2025,football-data.co.uk,2026-05-22 12:09:26.222082
1783,2025-03-09,Betis,Las Palmas,1,0,H,1.42,4.5,7.5,1.47,4.66,7.11,0.7042,0.2222,0.1333,1.0598,0,2024/2025,3,2025,football-data.co.uk,2026-05-22 12:09:26.222082
1784,2025-03-09,Getafe,Ath Madrid,2,1,H,4.5,3.1,1.95,4.65,3.16,1.99,0.2222,0.3226,0.5128,1.0576,0,2024/2025,3,2025,football-data.co.uk,2026-05-22 12:09:26.222082
1785,2025-03-09,Real Madrid,Vallecano,2,1,H,1.29,5.75,9.5,1.28,6.23,10.43,0.7752,0.1739,0.1053,1.0544,0,2024/2025,3,2025,football-data.co.uk,2026-05-22 12:09:26.222082
1786,2025-03-09,Sociedad,Sevilla,0,1,A,2.2,3.2,3.5,2.26,3.13,3.68,0.4545,0.3125,0.2857,1.0528,0,2024/2025,3,2025,football-data.co.uk,2026-05-22 12:09:26.222082
1787,2025-03-10,Espanol,Girona,1,1,D,3.1,3.2,2.4,3.13,3.28,2.45,0.3226,0.3125,0.4167,1.0517,0,2024/2025,3,2025,football-data.co.uk,2026-05-22 12:09:26.222082
1788,2025-03-14,Las Palmas,Alaves,2,2,D,2.88,3.0,2.75,2.92,3.04,2.77,0.3472,0.3333,0.3636,1.0442,0,2024/2025,3,2025,football-data.co.uk,2026-05-22 12:09:26.222082
1789,2025-03-15,Girona,Valencia,1,1,D,1.92,3.5,3.9,1.98,3.62,3.95,0.5208,0.2857,0.2564,1.063,0,2024/2025,3,2025,football-data.co.uk,2026-05-22 12:09:26.222082
1790,2025-03-15,Mallorca,Espanol,2,1,H,1.77,3.3,5.0,1.83,3.4,5.1,0.565,0.303,0.2,1.068,0,2024/2025,3,2025,football-data.co.uk,2026-05-22 12:09:26.222082
1791,2025-03-15,Valladolid,Celta,0,1,A,5.0,3.8,1.63,5.3,3.94,1.68,0.2,0.2632,0.6135,1.0767,0,2024/2025,3,2025,football-data.co.uk,2026-05-22 12:09:26.222082
1792,2025-03-15,Villarreal,Real Madrid,1,2,A,3.1,3.75,2.15,3.08,3.96,2.19,0.3226,0.2667,0.4651,1.0544,0,2024/2025,3,2025,football-data.co.uk,2026-05-22 12:09:26.222082
1793,2025-03-16,Ath Madrid,Barcelona,2,4,A,3.1,3.6,2.2,3.06,3.69,2.3,0.3226,0.2778,0.4545,1.0549,0,2024/2025,3,2025,football-data.co.uk,2026-05-22 12:09:26.222082
1794,2025-03-16,Leganes,Betis,2,3,A,3.8,3.3,2.05,3.84,3.38,2.09,0.2632,0.303,0.4878,1.054,0,2024/2025,3,2025,football-data.co.uk,2026-05-22 12:09:26.222082
1795,2025-03-16,Osasuna,Getafe,1,2,A,2.25,2.88,3.8,2.34,3.01,3.65,0.4444,0.3472,0.2632,1.0548,0,2024/2025,3,2025,football-data.co.uk,2026-05-22 12:09:26.222082
1796,2025-03-16,Sevilla,Ath Bilbao,0,1,A,2.9,3.2,2.5,3.0,3.17,2.6,0.3448,0.3125,0.4,1.0573,0,2024/2025,3,2025,football-data.co.uk,2026-05-22 12:09:26.222082
1797,2025-03-16,Vallecano,Sociedad,2,2,D,2.5,3.0,3.1,2.51,3.15,3.16,0.4,0.3333,0.3226,1.0559,0,2024/2025,3,2025,football-data.co.uk,2026-05-22 12:09:26.222082
1798,2025-03-27,Barcelona,Osasuna,3,0,H,1.29,7.0,7.0,1.28,6.53,9.25,0.7752,0.1429,0.1429,1.0609,0,2024/2025,3,2025,football-data.co.uk,2026-05-22 12:09:26.222082
1799,2025-03-29,Alaves,Vallecano,0,2,A,2.15,2.9,4.1,2.18,3.02,4.09,0.4651,0.3448,0.2439,1.0538,0,2024/2025,3,2025,football-data.co.uk,2026-05-22 12:09:26.222082
1800,2025-03-29,Espanol,Ath Madrid,1,1,D,5.5,3.75,1.62,6.28,3.87,1.61,0.1818,0.2667,0.6173,1.0658,0,2024/2025,3,2025,football-data.co.uk,2026-05-22 12:09:26.222082
1801,2025-03-29,Real Madrid,Leganes,3,2,H,1.14,8.0,17.0,1.16,8.6,16.9,0.8772,0.125,0.0588,1.061,0,2024/2025,3,2025,football-data.co.uk,2026-05-22 12:09:26.222082
1802,2025-03-29,Sociedad,Valladolid,2,1,H,1.33,4.75,11.0,1.35,4.91,10.39,0.7519,0.2105,0.0909,1.0533,0,2024/2025,3,2025,football-data.co.uk,2026-05-22 12:09:26.222082
1803,2025-03-30,Ath Bilbao,Osasuna,0,0,D,1.45,4.1,7.0,1.46,4.46,7.69,0.6897,0.2439,0.1429,1.0764,0,2024/2025,3,2025,football-data.co.uk,2026-05-22 12:09:26.222082
1804,2025-03-30,Barcelona,Girona,4,1,H,1.25,6.5,10.0,1.23,7.13,11.38,0.8,0.1538,0.1,1.0538,0,2024/2025,3,2025,football-data.co.uk,2026-05-22 12:09:26.222082
1805,2025-03-30,Betis,Sevilla,2,1,H,1.83,3.5,4.33,1.88,3.53,4.5,0.5464,0.2857,0.2309,1.0631,0,2024/2025,3,2025,football-data.co.uk,2026-05-22 12:09:26.222082
1806,2025-03-30,Getafe,Villarreal,1,2,A,3.25,3.1,2.35,3.4,3.18,2.36,0.3077,0.3226,0.4255,1.0558,0,2024/2025,3,2025,football-data.co.uk,2026-05-22 12:09:26.222082
1807,2025-03-30,Valencia,Mallorca,1,0,H,2.15,3.1,3.75,2.18,3.22,3.77,0.4651,0.3226,0.2667,1.0544,0,2024/2025,3,2025,football-data.co.uk,2026-05-22 12:09:26.222082
1808,2025-03-31,Celta,Las Palmas,1,1,D,1.57,4.1,5.5,1.58,4.21,5.94,0.6369,0.2439,0.1818,1.0627,0,2024/2025,3,2025,football-data.co.uk,2026-05-22 12:09:26.222082
1809,2025-04-04,Vallecano,Espanol,0,4,A,1.65,3.5,6.0,1.69,3.64,6.13,0.6061,0.2857,0.1667,1.0584,0,2024/2025,4,2025,football-data.co.uk,2026-05-22 12:09:26.222082
1810,2025-04-05,Barcelona,Betis,1,1,D,1.36,5.5,7.0,1.37,5.76,7.51,0.7353,0.1818,0.1429,1.06,0,2024/2025,4,2025,football-data.co.uk,2026-05-22 12:09:26.222082
1811,2025-04-05,Girona,Alaves,0,1,A,2.05,3.4,3.6,2.1,3.39,3.83,0.4878,0.2941,0.2778,1.0597,0,2024/2025,4,2025,football-data.co.uk,2026-05-22 12:09:26.222082
1812,2025-04-05,Mallorca,Celta,1,2,A,2.63,3.2,2.8,2.73,3.07,2.94,0.3802,0.3125,0.3571,1.0499,0,2024/2025,4,2025,football-data.co.uk,2026-05-22 12:09:26.222082
1813,2025-04-05,Real Madrid,Valencia,1,2,A,1.3,5.75,8.5,1.3,5.83,10.25,0.7692,0.1739,0.1176,1.0608,0,2024/2025,4,2025,football-data.co.uk,2026-05-22 12:09:26.222082
1814,2025-04-06,Las Palmas,Sociedad,1,3,A,3.2,3.2,2.35,3.18,3.25,2.44,0.3125,0.3125,0.4255,1.0505,0,2024/2025,4,2025,football-data.co.uk,2026-05-22 12:09:26.222082
1815,2025-04-06,Sevilla,Ath Madrid,1,2,A,3.5,3.2,2.2,3.46,3.39,2.23,0.2857,0.3125,0.4545,1.0528,0,2024/2025,4,2025,football-data.co.uk,2026-05-22 12:09:26.222082
1816,2025-04-06,Valladolid,Getafe,0,4,A,4.75,3.1,1.9,4.77,3.21,1.94,0.2105,0.3226,0.5263,1.0594,0,2024/2025,4,2025,football-data.co.uk,2026-05-22 12:09:26.222082
1817,2025-04-06,Villarreal,Ath Bilbao,0,0,D,2.2,3.3,3.25,2.23,3.51,3.33,0.4545,0.303,0.3077,1.0653,0,2024/2025,4,2025,football-data.co.uk,2026-05-22 12:09:26.222082
1818,2025-04-07,Leganes,Osasuna,1,1,D,2.7,3.1,2.75,2.77,3.09,2.87,0.3704,0.3226,0.3636,1.0566,0,2024/2025,4,2025,football-data.co.uk,2026-05-22 12:09:26.222082
1819,2025-04-11,Valencia,Sevilla,1,0,H,2.3,3.1,3.4,2.37,3.2,3.41,0.4348,0.3226,0.2941,1.0515,0,2024/2025,4,2025,football-data.co.uk,2026-05-22 12:09:26.222082
1820,2025-04-12,Celta,Espanol,0,2,A,1.62,3.7,6.0,1.64,3.88,5.89,0.6173,0.2703,0.1667,1.0542,0,2024/2025,4,2025,football-data.co.uk,2026-05-22 12:09:26.222082
1821,2025-04-12,Getafe,Las Palmas,1,3,A,1.75,3.3,5.5,1.79,3.51,5.18,0.5714,0.303,0.1818,1.0563,0,2024/2025,4,2025,football-data.co.uk,2026-05-22 12:09:26.222082
1822,2025-04-12,Leganes,Barcelona,0,1,A,8.5,6.0,1.3,7.49,6.35,1.34,0.1176,0.1667,0.7692,1.0535,0,2024/2025,4,2025,football-data.co.uk,2026-05-22 12:09:26.222082
1823,2025-04-12,Sociedad,Mallorca,0,2,A,1.75,3.4,5.5,1.75,3.45,5.69,0.5714,0.2941,0.1818,1.0474,0,2024/2025,4,2025,football-data.co.uk,2026-05-22 12:09:26.222082
1824,2025-04-13,Alaves,Real Madrid,0,1,A,5.25,4.1,1.62,5.38,4.23,1.63,0.1905,0.2439,0.6173,1.0517,0,2024/2025,4,2025,football-data.co.uk,2026-05-22 12:09:26.222082
1825,2025-04-13,Ath Bilbao,Vallecano,3,1,H,1.75,3.4,5.5,1.8,3.45,5.23,0.5714,0.2941,0.1818,1.0474,0,2024/2025,4,2025,football-data.co.uk,2026-05-22 12:09:26.222082
1826,2025-04-13,Betis,Villarreal,1,2,A,2.35,3.3,3.1,2.36,3.61,3.01,0.4255,0.303,0.3226,1.0511,0,2024/2025,4,2025,football-data.co.uk,2026-05-22 12:09:26.222082
1827,2025-04-13,Osasuna,Girona,2,1,H,2.45,3.2,3.1,2.52,3.18,3.11,0.4082,0.3125,0.3226,1.0432,0,2024/2025,4,2025,football-data.co.uk,2026-05-22 12:09:26.222082
1828,2025-04-14,Ath Madrid,Valladolid,4,2,H,1.14,8.0,19.0,1.13,9.34,19.58,0.8772,0.125,0.0526,1.0548,0,2024/2025,4,2025,football-data.co.uk,2026-05-22 12:09:26.222082
1829,2025-04-18,Espanol,Getafe,1,0,H,2.88,2.63,3.0,2.88,2.75,3.11,0.3472,0.3802,0.3333,1.0608,0,2024/2025,4,2025,football-data.co.uk,2026-05-22 12:09:26.222082
1830,2025-04-19,Barcelona,Celta,4,3,H,1.3,5.75,8.0,1.29,6.53,8.64,0.7692,0.1739,0.125,1.0681,0,2024/2025,4,2025,football-data.co.uk,2026-05-22 12:09:26.222082
1831,2025-04-19,Las Palmas,Ath Madrid,1,0,H,5.75,4.2,1.55,6.0,4.29,1.57,0.1739,0.2381,0.6452,1.0572,0,2024/2025,4,2025,football-data.co.uk,2026-05-22 12:09:26.222082
1832,2025-04-19,Mallorca,Leganes,0,0,D,1.85,3.1,5.0,1.87,3.15,5.44,0.5405,0.3226,0.2,1.0631,0,2024/2025,4,2025,football-data.co.uk,2026-05-22 12:09:26.222082
1833,2025-04-19,Vallecano,Valencia,1,1,D,2.25,3.0,3.4,2.31,3.17,3.5,0.4444,0.3333,0.2941,1.0719,0,2024/2025,4,2025,football-data.co.uk,2026-05-22 12:09:26.222082
1834,2025-04-20,Real Madrid,Ath Bilbao,1,0,H,1.65,3.9,5.25,1.68,3.98,5.32,0.6061,0.2564,0.1905,1.0529,0,2024/2025,4,2025,football-data.co.uk,2026-05-22 12:09:26.222082
1835,2025-04-20,Sevilla,Alaves,1,1,D,2.0,3.1,4.2,2.08,3.02,4.51,0.5,0.3226,0.2381,1.0607,0,2024/2025,4,2025,football-data.co.uk,2026-05-22 12:09:26.222082
1836,2025-04-20,Valladolid,Osasuna,2,3,A,4.5,3.4,1.83,4.91,3.4,1.85,0.2222,0.2941,0.5464,1.0628,0,2024/2025,4,2025,football-data.co.uk,2026-05-22 12:09:26.222082
1837,2025-04-20,Villarreal,Sociedad,2,2,D,1.7,3.7,5.0,1.69,3.99,5.1,0.5882,0.2703,0.2,1.0585,0,2024/2025,4,2025,football-data.co.uk,2026-05-22 12:09:26.222082
1838,2025-04-21,Girona,Betis,1,3,A,2.88,3.3,2.45,2.84,3.55,2.51,0.3472,0.303,0.4082,1.0584,0,2024/2025,4,2025,football-data.co.uk,2026-05-22 12:09:26.222082
1839,2025-04-22,Barcelona,Mallorca,1,0,H,1.2,7.0,13.0,1.23,6.79,12.62,0.8333,0.1429,0.0769,1.0531,0,2024/2025,4,2025,football-data.co.uk,2026-05-22 12:09:26.222082
1840,2025-04-22,Valencia,Espanol,1,1,D,1.95,3.3,4.1,2.01,3.37,4.28,0.5128,0.303,0.2439,1.0598,0,2024/2025,4,2025,football-data.co.uk,2026-05-22 12:09:26.222082
1841,2025-04-23,Alaves,Sociedad,1,0,H,2.35,3.0,3.4,2.41,3.13,3.34,0.4255,0.3333,0.2941,1.053,0,2024/2025,4,2025,football-data.co.uk,2026-05-22 12:09:26.222082
1842,2025-04-23,Ath Bilbao,Las Palmas,1,0,H,1.36,5.25,7.0,1.37,5.07,9.0,0.7353,0.1905,0.1429,1.0686,0,2024/2025,4,2025,football-data.co.uk,2026-05-22 12:09:26.222082
1843,2025-04-23,Celta,Villarreal,3,0,H,2.5,3.4,2.8,2.57,3.41,2.86,0.4,0.2941,0.3571,1.0513,0,2024/2025,4,2025,football-data.co.uk,2026-05-22 12:09:26.222082
1844,2025-04-23,Getafe,Real Madrid,0,1,A,4.75,3.6,1.75,4.81,3.7,1.79,0.2105,0.2778,0.5714,1.0597,0,2024/2025,4,2025,football-data.co.uk,2026-05-22 12:09:26.222082
1845,2025-04-24,Ath Madrid,Vallecano,3,0,H,1.53,4.0,6.5,1.55,4.16,6.51,0.6536,0.25,0.1538,1.0574,0,2024/2025,4,2025,football-data.co.uk,2026-05-22 12:09:26.222082
1846,2025-04-24,Betis,Valladolid,5,1,H,1.2,7.0,13.0,1.2,7.3,15.02,0.8333,0.1429,0.0769,1.0531,0,2024/2025,4,2025,football-data.co.uk,2026-05-22 12:09:26.222082
1847,2025-04-24,Leganes,Girona,1,1,D,2.75,3.1,2.75,2.84,3.09,2.8,0.3636,0.3226,0.3636,1.0499,0,2024/2025,4,2025,football-data.co.uk,2026-05-22 12:09:26.222082
1848,2025-04-24,Osasuna,Sevilla,1,0,H,2.5,3.0,3.2,2.5,3.03,3.3,0.4,0.3333,0.3125,1.0458,0,2024/2025,4,2025,football-data.co.uk,2026-05-22 12:09:26.222082
1849,2025-04-27,Villarreal,Espanol,1,0,H,1.44,5.0,6.25,1.45,5.3,6.19,0.6944,0.2,0.16,1.0544,0,2024/2025,4,2025,football-data.co.uk,2026-05-22 12:09:26.222082
1850,2025-05-02,Vallecano,Getafe,1,0,H,2.38,3.0,3.4,2.45,3.03,3.45,0.4202,0.3333,0.2941,1.0476,0,2024/2025,5,2025,football-data.co.uk,2026-05-22 12:09:26.222082
1851,2025-05-03,Alaves,Ath Madrid,0,0,D,3.7,3.1,2.15,3.92,3.16,2.16,0.2703,0.3226,0.4651,1.058,0,2024/2025,5,2025,football-data.co.uk,2026-05-22 12:09:26.222082
1852,2025-05-03,Las Palmas,Valencia,2,3,A,2.63,3.3,2.7,2.65,3.42,2.76,0.3802,0.303,0.3704,1.0536,0,2024/2025,5,2025,football-data.co.uk,2026-05-22 12:09:26.222082
1853,2025-05-03,Valladolid,Barcelona,1,2,A,15.0,8.0,1.14,13.19,8.75,1.17,0.0667,0.125,0.8772,1.0689,0,2024/2025,5,2025,football-data.co.uk,2026-05-22 12:09:26.222082
1854,2025-05-03,Villarreal,Osasuna,4,2,H,1.53,4.2,6.0,1.56,4.52,5.74,0.6536,0.2381,0.1667,1.0584,0,2024/2025,5,2025,football-data.co.uk,2026-05-22 12:09:26.222082
1855,2025-05-04,Espanol,Betis,1,2,A,3.3,3.0,2.38,3.53,2.96,2.42,0.303,0.3333,0.4202,1.0565,0,2024/2025,5,2025,football-data.co.uk,2026-05-22 12:09:26.222082
1856,2025-05-04,Real Madrid,Celta,3,2,H,1.33,5.75,7.0,1.37,5.85,7.34,0.7519,0.1739,0.1429,1.0686,0,2024/2025,5,2025,football-data.co.uk,2026-05-22 12:09:26.222082
1857,2025-05-04,Sevilla,Leganes,2,2,D,1.77,3.5,4.75,1.81,3.51,5.05,0.565,0.2857,0.2105,1.0612,0,2024/2025,5,2025,football-data.co.uk,2026-05-22 12:09:26.222082
1858,2025-05-04,Sociedad,Ath Bilbao,0,0,D,2.55,3.0,3.0,2.51,3.27,3.04,0.3922,0.3333,0.3333,1.0588,0,2024/2025,5,2025,football-data.co.uk,2026-05-22 12:09:26.222082
1859,2025-05-05,Girona,Mallorca,1,0,H,2.0,3.1,4.2,2.04,3.19,4.31,0.5,0.3226,0.2381,1.0607,0,2024/2025,5,2025,football-data.co.uk,2026-05-22 12:09:26.222082
1860,2025-05-09,Las Palmas,Vallecano,0,1,A,2.45,3.25,3.0,2.49,3.34,3.07,0.4082,0.3077,0.3333,1.0492,0,2024/2025,5,2025,football-data.co.uk,2026-05-22 12:09:26.222082
1861,2025-05-10,Ath Madrid,Sociedad,4,0,H,1.67,3.7,5.0,1.69,3.85,5.35,0.5988,0.2703,0.2,1.0691,0,2024/2025,5,2025,football-data.co.uk,2026-05-22 12:09:26.222082
1862,2025-05-10,Celta,Sevilla,3,2,H,1.8,3.6,4.5,1.85,3.73,4.4,0.5556,0.2778,0.2222,1.0556,0,2024/2025,5,2025,football-data.co.uk,2026-05-22 12:09:26.222082
1863,2025-05-10,Girona,Villarreal,0,1,A,3.1,3.8,2.1,3.19,3.77,2.2,0.3226,0.2632,0.4762,1.0619,0,2024/2025,5,2025,football-data.co.uk,2026-05-22 12:09:26.222082
1864,2025-05-10,Mallorca,Valladolid,2,1,H,1.33,5.25,9.0,1.35,5.21,9.62,0.7519,0.1905,0.1111,1.0535,0,2024/2025,5,2025,football-data.co.uk,2026-05-22 12:09:26.222082
1865,2025-05-10,Valencia,Getafe,3,0,H,2.0,3.0,4.33,2.08,3.13,4.28,0.5,0.3333,0.2309,1.0643,0,2024/2025,5,2025,football-data.co.uk,2026-05-22 12:09:26.222082
1866,2025-05-11,Ath Bilbao,Alaves,1,0,H,1.8,2.9,4.5,1.89,3.29,4.9,0.5556,0.3448,0.2222,1.1226,0,2024/2025,5,2025,football-data.co.uk,2026-05-22 12:09:26.222082
1867,2025-05-11,Barcelona,Real Madrid,4,3,H,1.9,3.7,3.2,1.96,4.19,3.5,0.5263,0.2703,0.3125,1.1091,0,2024/2025,5,2025,football-data.co.uk,2026-05-22 12:09:26.222082
1868,2025-05-11,Betis,Osasuna,1,1,D,1.62,3.75,5.75,1.66,4.01,5.44,0.6173,0.2667,0.1739,1.0579,0,2024/2025,5,2025,football-data.co.uk,2026-05-22 12:09:26.222082
1869,2025-05-11,Leganes,Espanol,3,2,H,2.4,3.0,3.2,2.45,3.13,3.28,0.4167,0.3333,0.3125,1.0625,0,2024/2025,5,2025,football-data.co.uk,2026-05-22 12:09:26.222082
1870,2025-05-13,Sevilla,Las Palmas,1,0,H,1.67,3.7,5.25,1.68,3.8,5.55,0.5988,0.2703,0.1905,1.0595,0,2024/2025,5,2025,football-data.co.uk,2026-05-22 12:09:26.222082
1871,2025-05-13,Sociedad,Celta,0,1,A,2.3,3.3,3.1,2.39,3.36,3.16,0.4348,0.303,0.3226,1.0604,0,2024/2025,5,2025,football-data.co.uk,2026-05-22 12:09:26.222082
1872,2025-05-13,Valladolid,Girona,0,1,A,4.75,3.9,1.73,4.7,3.94,1.76,0.2105,0.2564,0.578,1.045,0,2024/2025,5,2025,football-data.co.uk,2026-05-22 12:09:26.222082
1873,2025-05-14,Alaves,Valencia,1,0,H,2.1,3.1,3.7,2.2,3.22,3.73,0.4762,0.3226,0.2703,1.069,0,2024/2025,5,2025,football-data.co.uk,2026-05-22 12:09:26.222082
1874,2025-05-14,Real Madrid,Mallorca,2,1,H,1.38,5.25,7.0,1.38,5.19,8.13,0.7246,0.1905,0.1429,1.058,0,2024/2025,5,2025,football-data.co.uk,2026-05-22 12:09:26.222082
1875,2025-05-14,Villarreal,Leganes,3,0,H,1.33,5.75,8.0,1.36,5.38,8.33,0.7519,0.1739,0.125,1.0508,0,2024/2025,5,2025,football-data.co.uk,2026-05-22 12:09:26.222082
1876,2025-05-15,Espanol,Barcelona,0,2,A,9.0,5.75,1.3,9.05,5.81,1.31,0.1111,0.1739,0.7692,1.0543,0,2024/2025,5,2025,football-data.co.uk,2026-05-22 12:09:26.222082
1877,2025-05-15,Getafe,Ath Bilbao,0,2,A,3.2,2.75,2.63,3.65,2.58,2.69,0.3125,0.3636,0.3802,1.0564,0,2024/2025,5,2025,football-data.co.uk,2026-05-22 12:09:26.222082
1878,2025-05-15,Osasuna,Ath Madrid,2,0,H,3.6,3.3,2.1,3.88,3.34,2.09,0.2778,0.303,0.4762,1.057,0,2024/2025,5,2025,football-data.co.uk,2026-05-22 12:09:26.222082
1879,2025-05-15,Vallecano,Betis,2,2,D,3.0,3.2,2.4,3.14,3.07,2.57,0.3333,0.3125,0.4167,1.0625,0,2024/2025,5,2025,football-data.co.uk,2026-05-22 12:09:26.222082
1880,2025-05-18,Ath Madrid,Betis,4,1,H,1.91,3.6,3.8,1.94,3.93,3.78,0.5236,0.2778,0.2632,1.0645,0,2024/2025,5,2025,football-data.co.uk,2026-05-22 12:09:26.222082
1881,2025-05-18,Barcelona,Villarreal,2,3,A,1.83,4.1,3.75,1.87,4.25,3.77,0.5464,0.2439,0.2667,1.057,0,2024/2025,5,2025,football-data.co.uk,2026-05-22 12:09:26.222082
1882,2025-05-18,Celta,Vallecano,1,2,A,1.75,3.9,4.33,1.8,4.02,4.31,0.5714,0.2564,0.2309,1.0588,0,2024/2025,5,2025,football-data.co.uk,2026-05-22 12:09:26.222082
1883,2025-05-18,Las Palmas,Leganes,0,1,A,2.9,3.5,2.35,2.92,3.49,2.38,0.3448,0.2857,0.4255,1.0561,0,2024/2025,5,2025,football-data.co.uk,2026-05-22 12:09:26.222082
1884,2025-05-18,Mallorca,Getafe,1,2,A,2.0,3.2,4.2,2.01,3.31,4.26,0.5,0.3125,0.2381,1.0506,0,2024/2025,5,2025,football-data.co.uk,2026-05-22 12:09:26.222082
1885,2025-05-18,Osasuna,Espanol,2,0,H,1.8,3.3,4.75,1.83,3.6,4.68,0.5556,0.303,0.2105,1.0691,0,2024/2025,5,2025,football-data.co.uk,2026-05-22 12:09:26.222082
1886,2025-05-18,Sevilla,Real Madrid,0,2,A,4.2,4.0,1.75,4.25,4.07,1.8,0.2381,0.25,0.5714,1.0595,0,2024/2025,5,2025,football-data.co.uk,2026-05-22 12:09:26.222082
1887,2025-05-18,Sociedad,Girona,3,2,H,2.05,3.1,4.1,2.13,3.06,4.2,0.4878,0.3226,0.2439,1.0543,0,2024/2025,5,2025,football-data.co.uk,2026-05-22 12:09:26.222082
1888,2025-05-18,Valencia,Ath Bilbao,0,1,A,2.2,3.0,3.8,2.29,2.91,3.94,0.4545,0.3333,0.2632,1.051,0,2024/2025,5,2025,football-data.co.uk,2026-05-22 12:09:26.222082
1889,2025-05-18,Valladolid,Alaves,0,1,A,6.0,3.75,1.6,6.01,3.82,1.6,0.1667,0.2667,0.625,1.0583,0,2024/2025,5,2025,football-data.co.uk,2026-05-22 12:09:26.222082
1890,2025-05-23,Betis,Valencia,1,1,D,1.91,3.75,3.75,1.98,3.92,3.72,0.5236,0.2667,0.2667,1.0569,0,2024/2025,5,2025,football-data.co.uk,2026-05-22 12:09:26.222082
1891,2025-05-24,Alaves,Osasuna,1,1,D,3.2,3.2,2.35,3.24,3.3,2.38,0.3125,0.3125,0.4255,1.0505,0,2024/2025,5,2025,football-data.co.uk,2026-05-22 12:09:26.222082
1892,2025-05-24,Espanol,Las Palmas,2,0,H,1.38,4.75,8.0,1.4,4.9,8.36,0.7246,0.2105,0.125,1.0602,0,2024/2025,5,2025,football-data.co.uk,2026-05-22 12:09:26.222082
1893,2025-05-24,Getafe,Celta,1,2,A,4.1,3.75,1.85,4.32,3.76,1.85,0.2439,0.2667,0.5405,1.0511,0,2024/2025,5,2025,football-data.co.uk,2026-05-22 12:09:26.222082
1894,2025-05-24,Leganes,Valladolid,3,0,H,1.3,5.5,9.5,1.33,5.52,9.62,0.7692,0.1818,0.1053,1.0563,0,2024/2025,5,2025,football-data.co.uk,2026-05-22 12:09:26.222082
1895,2025-05-24,Real Madrid,Sociedad,2,0,H,1.42,5.0,6.5,1.44,5.12,6.73,0.7042,0.2,0.1538,1.0581,0,2024/2025,5,2025,football-data.co.uk,2026-05-22 12:09:26.222082
1896,2025-05-24,Vallecano,Mallorca,0,0,D,1.53,4.2,6.25,1.56,4.19,6.3,0.6536,0.2381,0.16,1.0517,0,2024/2025,5,2025,football-data.co.uk,2026-05-22 12:09:26.222082
1897,2025-05-25,Ath Bilbao,Barcelona,0,3,A,3.2,3.75,2.1,3.32,3.75,2.15,0.3125,0.2667,0.4762,1.0554,0,2024/2025,5,2025,football-data.co.uk,2026-05-22 12:09:26.222082
1898,2025-05-25,Girona,Ath Madrid,0,4,A,3.8,3.75,1.91,3.85,3.8,1.95,0.2632,0.2667,0.5236,1.0534,0,2024/2025,5,2025,football-data.co.uk,2026-05-22 12:09:26.222082
1899,2025-05-25,Villarreal,Sevilla,4,2,H,1.48,5.0,6.0,1.47,5.01,6.37,0.6757,0.2,0.1667,1.0423,0,2024/2025,5,2025,football-data.co.uk,2026-05-22 12:09:26.222082
