sk_partido,Fecha,HomeTeam,AwayTeam,FTHG,FTAG,FTR,B365H,B365D,B365A,PSH,PSD,PSA,Prob_H,Prob_D,Prob_A,Margen_B365,Temporada,Mes,Anio,source_id,load_timestamp
0,2020-09-12,Eibar,Celta,0,0,D,2.5,3.25,2.9,2.6,3.22,3.01,0.4,0.3077,0.3448,1.0525,2020/2021,9,2020,football-data.co.uk,2026-05-11 11:53:34.057291
1,2020-09-12,Granada,Ath Bilbao,2,0,H,2.75,3.1,2.75,2.92,3.02,2.82,0.3636,0.3226,0.3636,1.0499,2020/2021,9,2020,football-data.co.uk,2026-05-11 11:53:34.057291
2,2020-09-12,Cadiz,Osasuna,0,2,A,2.8,3.0,2.75,2.87,3.04,2.86,0.3571,0.3333,0.3636,1.0541,2020/2021,9,2020,football-data.co.uk,2026-05-11 11:53:34.057291
3,2020-09-13,Alaves,Betis,0,1,A,2.8,3.2,2.6,2.88,3.32,2.64,0.3571,0.3125,0.3846,1.0543,2020/2021,9,2020,football-data.co.uk,2026-05-11 11:53:34.057291
4,2020-09-13,Valladolid,Sociedad,1,1,D,2.8,3.2,2.6,2.98,3.3,2.57,0.3571,0.3125,0.3846,1.0543,2020/2021,9,2020,football-data.co.uk,2026-05-11 11:53:34.057291
5,2020-09-13,Villarreal,Huesca,1,1,D,1.57,4.0,6.0,1.57,4.21,6.36,0.6369,0.25,0.1667,1.0536,2020/2021,9,2020,football-data.co.uk,2026-05-11 11:53:34.057291
6,2020-09-13,Valencia,Levante,4,2,H,2.1,3.5,3.5,2.14,3.48,3.66,0.4762,0.2857,0.2857,1.0476,2020/2021,9,2020,football-data.co.uk,2026-05-11 11:53:34.057291
7,2020-09-19,Villarreal,Eibar,2,1,H,1.57,4.0,6.0,1.61,4.12,5.93,0.6369,0.25,0.1667,1.0536,2020/2021,9,2020,football-data.co.uk,2026-05-11 11:53:34.057291
8,2020-09-19,Getafe,Osasuna,1,0,H,1.95,3.25,4.33,2.02,3.24,4.4,0.5128,0.3077,0.2309,1.0515,2020/2021,9,2020,football-data.co.uk,2026-05-11 11:53:34.057291
9,2020-09-19,Celta,Valencia,2,1,H,2.2,3.6,3.1,2.25,3.58,3.22,0.4545,0.2778,0.3226,1.0549,2020/2021,9,2020,football-data.co.uk,2026-05-11 11:53:34.057291
10,2020-09-20,Huesca,Cadiz,0,2,A,2.1,3.1,4.0,2.21,2.99,4.07,0.4762,0.3226,0.25,1.0488,2020/2021,9,2020,football-data.co.uk,2026-05-11 11:53:34.057291
11,2020-09-20,Betis,Valladolid,2,0,H,1.85,3.6,4.33,1.87,3.63,4.52,0.5405,0.2778,0.2309,1.0493,2020/2021,9,2020,football-data.co.uk,2026-05-11 11:53:34.057291
12,2020-09-20,Granada,Alaves,2,1,H,2.05,3.1,4.2,2.1,3.08,4.3,0.4878,0.3226,0.2381,1.0485,2020/2021,9,2020,football-data.co.uk,2026-05-11 11:53:34.057291
13,2020-09-20,Sociedad,Real Madrid,0,0,D,4.75,3.8,1.72,4.83,3.85,1.76,0.2105,0.2632,0.5814,1.0551,2020/2021,9,2020,football-data.co.uk,2026-05-11 11:53:34.057291
14,2020-09-26,Alaves,Getafe,0,0,D,3.5,2.9,2.37,3.58,2.83,2.5,0.2857,0.3448,0.4219,1.0525,2020/2021,9,2020,football-data.co.uk,2026-05-11 11:53:34.057291
15,2020-09-26,Valencia,Huesca,1,1,D,2.0,3.4,4.0,2.1,3.4,3.82,0.5,0.2941,0.25,1.0441,2020/2021,9,2020,football-data.co.uk,2026-05-11 11:53:34.057291
16,2020-09-26,Elche,Sociedad,0,3,A,4.2,3.3,1.95,4.28,3.45,1.97,0.2381,0.303,0.5128,1.0539,2020/2021,9,2020,football-data.co.uk,2026-05-11 11:53:34.057291
17,2020-09-26,Betis,Real Madrid,2,3,A,4.0,4.0,1.8,4.17,3.94,1.85,0.25,0.25,0.5556,1.0556,2020/2021,9,2020,football-data.co.uk,2026-05-11 11:53:34.057291
18,2020-09-27,Osasuna,Levante,1,3,A,2.3,3.2,3.25,2.3,3.43,3.25,0.4348,0.3125,0.3077,1.055,2020/2021,9,2020,football-data.co.uk,2026-05-11 11:53:34.057291
19,2020-09-27,Eibar,Ath Bilbao,1,2,A,3.0,3.0,2.55,3.17,2.98,2.69,0.3333,0.3333,0.3922,1.0588,2020/2021,9,2020,football-data.co.uk,2026-05-11 11:53:34.057291
20,2020-09-27,Ath Madrid,Granada,6,1,H,1.5,4.0,7.5,1.48,4.2,8.13,0.6667,0.25,0.1333,1.05,2020/2021,9,2020,football-data.co.uk,2026-05-11 11:53:34.057291
21,2020-09-27,Cadiz,Sevilla,1,3,A,5.0,3.6,1.7,5.52,3.38,1.83,0.2,0.2778,0.5882,1.066,2020/2021,9,2020,football-data.co.uk,2026-05-11 11:53:34.057291
22,2020-09-27,Valladolid,Celta,1,1,D,2.8,3.0,2.7,2.96,2.94,2.81,0.3571,0.3333,0.3704,1.0608,2020/2021,9,2020,football-data.co.uk,2026-05-11 11:53:34.057291
23,2020-09-27,Barcelona,Villarreal,4,0,H,1.53,4.33,6.0,1.56,4.53,5.77,0.6536,0.2309,0.1667,1.0512,2020/2021,9,2020,football-data.co.uk,2026-05-11 11:53:34.057291
24,2020-09-29,Sociedad,Valencia,0,1,A,1.53,4.2,5.75,1.58,4.44,5.94,0.6536,0.2381,0.1739,1.0656,2020/2021,9,2020,football-data.co.uk,2026-05-11 11:53:34.057291
25,2020-09-29,Getafe,Betis,3,0,H,2.45,3.1,3.0,2.55,3.15,3.2,0.4082,0.3226,0.3333,1.0641,2020/2021,9,2020,football-data.co.uk,2026-05-11 11:53:34.057291
26,2020-09-30,Huesca,Ath Madrid,0,0,D,7.5,4.2,1.45,8.59,4.11,1.48,0.1333,0.2381,0.6897,1.0611,2020/2021,9,2020,football-data.co.uk,2026-05-11 11:53:34.057291
27,2020-09-30,Villarreal,Alaves,3,1,H,1.57,3.8,5.75,1.6,4.11,6.08,0.6369,0.2632,0.1739,1.074,2020/2021,9,2020,football-data.co.uk,2026-05-11 11:53:34.057291
28,2020-09-30,Eibar,Elche,0,1,A,1.8,3.5,4.5,1.84,3.64,4.67,0.5556,0.2857,0.2222,1.0635,2020/2021,9,2020,football-data.co.uk,2026-05-11 11:53:34.057291
29,2020-09-30,Real Madrid,Valladolid,1,0,H,1.22,6.0,11.0,1.26,6.27,12.65,0.8197,0.1667,0.0909,1.0772,2020/2021,9,2020,football-data.co.uk,2026-05-11 11:53:34.057291
30,2020-10-01,Ath Bilbao,Cadiz,0,1,A,1.53,3.8,6.5,1.58,3.83,7.04,0.6536,0.2632,0.1538,1.0706,2020/2021,10,2020,football-data.co.uk,2026-05-11 11:53:34.057291
31,2020-10-01,Sevilla,Levante,1,0,H,1.4,4.5,7.5,1.43,4.62,8.17,0.7143,0.2222,0.1333,1.0698,2020/2021,10,2020,football-data.co.uk,2026-05-11 11:53:34.057291
32,2020-10-01,Celta,Barcelona,0,3,A,5.75,4.2,1.53,5.89,4.51,1.56,0.1739,0.2381,0.6536,1.0656,2020/2021,10,2020,football-data.co.uk,2026-05-11 11:53:34.057291
33,2020-10-03,Valladolid,Eibar,1,2,A,2.35,3.0,3.4,2.39,3.15,3.48,0.4255,0.3333,0.2941,1.053,2020/2021,10,2020,football-data.co.uk,2026-05-11 11:53:34.057291
34,2020-10-03,Ath Madrid,Villarreal,0,0,D,1.61,3.9,5.5,1.7,3.85,5.6,0.6211,0.2564,0.1818,1.0593,2020/2021,10,2020,football-data.co.uk,2026-05-11 11:53:34.057291
35,2020-10-03,Elche,Huesca,0,0,D,3.1,3.1,2.45,3.21,3.27,2.47,0.3226,0.3226,0.4082,1.0533,2020/2021,10,2020,football-data.co.uk,2026-05-11 11:53:34.057291
36,2020-10-03,Sociedad,Getafe,3,0,H,2.25,3.1,3.5,2.35,3.13,3.61,0.4444,0.3226,0.2857,1.0527,2020/2021,10,2020,football-data.co.uk,2026-05-11 11:53:34.057291
37,2020-10-03,Valencia,Betis,0,2,A,2.8,3.2,2.6,2.82,3.36,2.7,0.3571,0.3125,0.3846,1.0543,2020/2021,10,2020,football-data.co.uk,2026-05-11 11:53:34.057291
38,2020-10-04,Osasuna,Celta,2,0,H,2.7,3.1,2.75,2.69,3.14,3.02,0.3704,0.3226,0.3636,1.0566,2020/2021,10,2020,football-data.co.uk,2026-05-11 11:53:34.057291
39,2020-10-04,Alaves,Ath Bilbao,1,0,H,3.3,2.9,2.37,3.42,3.02,2.51,0.303,0.3448,0.4219,1.0698,2020/2021,10,2020,football-data.co.uk,2026-05-11 11:53:34.057291
40,2020-10-04,Levante,Real Madrid,0,2,A,6.0,4.5,1.5,6.45,4.66,1.52,0.1667,0.2222,0.6667,1.0556,2020/2021,10,2020,football-data.co.uk,2026-05-11 11:53:34.057291
41,2020-10-04,Cadiz,Granada,1,1,D,3.0,3.0,2.6,3.14,3.02,2.69,0.3333,0.3333,0.3846,1.0513,2020/2021,10,2020,football-data.co.uk,2026-05-11 11:53:34.057291
42,2020-10-04,Barcelona,Sevilla,1,1,D,1.57,4.33,5.25,1.65,4.17,5.55,0.6369,0.2309,0.1905,1.0584,2020/2021,10,2020,football-data.co.uk,2026-05-11 11:53:34.057291
43,2020-10-17,Granada,Sevilla,1,0,H,4.2,3.4,1.9,4.3,3.49,1.98,0.2381,0.2941,0.5263,1.0585,2020/2021,10,2020,football-data.co.uk,2026-05-11 11:53:34.057291
44,2020-10-17,Celta,Ath Madrid,0,2,A,5.5,3.3,1.75,5.72,3.31,1.83,0.1818,0.303,0.5714,1.0563,2020/2021,10,2020,football-data.co.uk,2026-05-11 11:53:34.057291
45,2020-10-17,Real Madrid,Cadiz,0,1,A,1.18,7.0,15.0,1.23,7.08,13.52,0.8475,0.1429,0.0667,1.057,2020/2021,10,2020,football-data.co.uk,2026-05-11 11:53:34.057291
46,2020-10-17,Getafe,Barcelona,1,0,H,4.75,3.8,1.72,5.09,3.75,1.78,0.2105,0.2632,0.5814,1.0551,2020/2021,10,2020,football-data.co.uk,2026-05-11 11:53:34.057291
47,2020-10-18,Eibar,Osasuna,0,0,D,2.6,3.0,3.0,2.71,3.12,3.01,0.3846,0.3333,0.3333,1.0513,2020/2021,10,2020,football-data.co.uk,2026-05-11 11:53:34.057291
48,2020-10-18,Ath Bilbao,Levante,2,0,H,2.05,3.2,4.0,2.12,3.36,3.95,0.4878,0.3125,0.25,1.0503,2020/2021,10,2020,football-data.co.uk,2026-05-11 11:53:34.057291
49,2020-10-18,Villarreal,Valencia,2,1,H,1.6,4.0,5.25,1.66,4.27,5.3,0.625,0.25,0.1905,1.0655,2020/2021,10,2020,football-data.co.uk,2026-05-11 11:53:34.057291
50,2020-10-18,Alaves,Elche,0,2,A,1.75,3.3,5.5,1.79,3.5,5.59,0.5714,0.303,0.1818,1.0563,2020/2021,10,2020,football-data.co.uk,2026-05-11 11:53:34.057291
51,2020-10-18,Huesca,Valladolid,2,2,D,2.25,2.9,3.8,2.32,3.12,3.71,0.4444,0.3448,0.2632,1.0524,2020/2021,10,2020,football-data.co.uk,2026-05-11 11:53:34.057291
52,2020-10-18,Betis,Sociedad,0,3,A,2.5,3.25,2.9,2.54,3.56,2.87,0.4,0.3077,0.3448,1.0525,2020/2021,10,2020,football-data.co.uk,2026-05-11 11:53:34.057291
53,2020-10-23,Elche,Valencia,2,1,H,3.2,3.1,2.4,3.2,3.24,2.46,0.3125,0.3226,0.4167,1.0517,2020/2021,10,2020,football-data.co.uk,2026-05-11 11:53:34.057291
54,2020-10-24,Barcelona,Real Madrid,1,3,A,2.0,3.6,3.6,2.07,3.76,3.66,0.5,0.2778,0.2778,1.0556,2020/2021,10,2020,football-data.co.uk,2026-05-11 11:53:34.057291
55,2020-10-24,Osasuna,Ath Bilbao,1,0,H,3.25,2.9,2.4,3.42,3.0,2.52,0.3077,0.3448,0.4167,1.0692,2020/2021,10,2020,football-data.co.uk,2026-05-11 11:53:34.057291
56,2020-10-24,Sevilla,Eibar,0,1,A,1.45,4.33,7.5,1.51,4.35,7.64,0.6897,0.2309,0.1333,1.0539,2020/2021,10,2020,football-data.co.uk,2026-05-11 11:53:34.057291
57,2020-10-24,Ath Madrid,Betis,2,0,H,1.55,3.8,6.5,1.59,4.1,6.56,0.6452,0.2632,0.1538,1.0622,2020/2021,10,2020,football-data.co.uk,2026-05-11 11:53:34.057291
58,2020-10-25,Valladolid,Alaves,0,2,A,2.3,2.9,3.5,2.41,2.96,3.73,0.4348,0.3448,0.2857,1.0653,2020/2021,10,2020,football-data.co.uk,2026-05-11 11:53:34.057291
59,2020-10-25,Cadiz,Villarreal,0,0,D,3.6,3.3,2.1,3.6,3.39,2.23,0.2778,0.303,0.4762,1.057,2020/2021,10,2020,football-data.co.uk,2026-05-11 11:53:34.057291
60,2020-10-25,Getafe,Granada,0,1,A,1.85,3.1,5.0,1.97,3.09,5.18,0.5405,0.3226,0.2,1.0631,2020/2021,10,2020,football-data.co.uk,2026-05-11 11:53:34.057291
61,2020-10-25,Sociedad,Huesca,4,1,H,1.57,3.75,6.0,1.65,3.84,6.34,0.6369,0.2667,0.1667,1.0703,2020/2021,10,2020,football-data.co.uk,2026-05-11 11:53:34.057291
62,2020-10-26,Levante,Celta,1,1,D,2.37,3.25,3.0,2.51,3.4,3.03,0.4219,0.3077,0.3333,1.063,2020/2021,10,2020,football-data.co.uk,2026-05-11 11:53:34.057291
63,2020-10-30,Eibar,Cadiz,0,2,A,2.55,2.75,3.3,2.65,2.86,3.38,0.3922,0.3636,0.303,1.0588,2020/2021,10,2020,football-data.co.uk,2026-05-11 11:53:34.057291
64,2020-10-31,Real Madrid,Huesca,4,1,H,1.33,5.25,9.0,1.38,5.36,8.63,0.7519,0.1905,0.1111,1.0535,2020/2021,10,2020,football-data.co.uk,2026-05-11 11:53:34.057291
65,2020-10-31,Ath Bilbao,Sevilla,2,1,H,3.0,3.0,2.6,3.13,2.98,2.72,0.3333,0.3333,0.3846,1.0513,2020/2021,10,2020,football-data.co.uk,2026-05-11 11:53:34.057291
66,2020-10-31,Osasuna,Ath Madrid,1,3,A,5.5,3.3,1.75,5.57,3.38,1.82,0.1818,0.303,0.5714,1.0563,2020/2021,10,2020,football-data.co.uk,2026-05-11 11:53:34.057291
67,2020-10-31,Alaves,Barcelona,1,1,D,6.5,4.75,1.44,6.89,4.98,1.47,0.1538,0.2105,0.6944,1.0588,2020/2021,10,2020,football-data.co.uk,2026-05-11 11:53:34.057291
68,2020-11-01,Betis,Elche,3,1,H,1.45,4.33,7.5,1.48,4.54,7.79,0.6897,0.2309,0.1333,1.0539,2020/2021,11,2020,football-data.co.uk,2026-05-11 11:53:34.057291
69,2020-11-01,Celta,Sociedad,1,4,A,3.0,3.2,2.45,3.11,3.33,2.5,0.3333,0.3125,0.4082,1.054,2020/2021,11,2020,football-data.co.uk,2026-05-11 11:53:34.057291
70,2020-11-01,Granada,Levante,1,1,D,2.25,3.2,3.4,2.31,3.33,3.46,0.4444,0.3125,0.2941,1.0511,2020/2021,11,2020,football-data.co.uk,2026-05-11 11:53:34.057291
71,2020-11-01,Valencia,Getafe,2,2,D,3.1,3.1,2.45,3.39,2.99,2.55,0.3226,0.3226,0.4082,1.0533,2020/2021,11,2020,football-data.co.uk,2026-05-11 11:53:34.057291
72,2020-11-02,Villarreal,Valladolid,2,0,H,1.61,4.0,5.5,1.62,4.05,6.26,0.6211,0.25,0.1818,1.0529,2020/2021,11,2020,football-data.co.uk,2026-05-11 11:53:34.057291
73,2020-11-06,Elche,Celta,1,1,D,4.0,3.3,1.95,4.09,3.41,2.06,0.25,0.303,0.5128,1.0659,2020/2021,11,2020,football-data.co.uk,2026-05-11 11:53:34.057291
74,2020-11-07,Huesca,Eibar,1,1,D,2.05,3.3,3.6,2.18,3.26,3.89,0.4878,0.303,0.2778,1.0686,2020/2021,11,2020,football-data.co.uk,2026-05-11 11:53:34.057291
75,2020-11-07,Barcelona,Betis,5,2,H,1.4,5.0,7.5,1.4,5.36,7.91,0.7143,0.2,0.1333,1.0476,2020/2021,11,2020,football-data.co.uk,2026-05-11 11:53:34.057291
76,2020-11-07,Sevilla,Osasuna,1,0,H,1.5,4.0,7.0,1.54,4.26,7.15,0.6667,0.25,0.1429,1.0595,2020/2021,11,2020,football-data.co.uk,2026-05-11 11:53:34.057291
77,2020-11-07,Ath Madrid,Cadiz,4,0,H,1.4,4.2,10.0,1.42,4.36,11.0,0.7143,0.2381,0.1,1.0524,2020/2021,11,2020,football-data.co.uk,2026-05-11 11:53:34.057291
78,2020-11-08,Getafe,Villarreal,1,3,A,2.5,3.1,3.0,2.66,3.1,3.09,0.4,0.3226,0.3333,1.0559,2020/2021,11,2020,football-data.co.uk,2026-05-11 11:53:34.057291
79,2020-11-08,Sociedad,Granada,2,0,H,1.65,3.8,5.25,1.69,4.08,5.31,0.6061,0.2632,0.1905,1.0597,2020/2021,11,2020,football-data.co.uk,2026-05-11 11:53:34.057291
80,2020-11-08,Levante,Alaves,1,1,D,2.15,3.4,3.4,2.24,3.45,3.5,0.4651,0.2941,0.2941,1.0534,2020/2021,11,2020,football-data.co.uk,2026-05-11 11:53:34.057291
81,2020-11-08,Valladolid,Ath Bilbao,2,1,H,3.3,2.9,2.37,3.66,3.01,2.4,0.303,0.3448,0.4219,1.0698,2020/2021,11,2020,football-data.co.uk,2026-05-11 11:53:34.057291
82,2020-11-08,Valencia,Real Madrid,4,1,H,6.0,4.75,1.45,6.3,4.96,1.5,0.1667,0.2105,0.6897,1.0668,2020/2021,11,2020,football-data.co.uk,2026-05-11 11:53:34.057291
83,2020-11-20,Osasuna,Huesca,1,1,D,2.4,3.0,3.25,2.43,3.11,3.45,0.4167,0.3333,0.3077,1.0577,2020/2021,11,2020,football-data.co.uk,2026-05-11 11:53:34.057291
84,2020-11-21,Levante,Elche,1,1,D,1.57,4.0,5.75,1.6,4.28,5.63,0.6369,0.25,0.1739,1.0609,2020/2021,11,2020,football-data.co.uk,2026-05-11 11:53:34.057291
85,2020-11-21,Villarreal,Real Madrid,1,1,D,2.87,3.8,2.25,3.04,3.86,2.3,0.3484,0.2632,0.4444,1.056,2020/2021,11,2020,football-data.co.uk,2026-05-11 11:53:34.057291
86,2020-11-21,Sevilla,Celta,4,2,H,1.72,3.6,5.25,1.71,3.63,5.61,0.5814,0.2778,0.1905,1.0496,2020/2021,11,2020,football-data.co.uk,2026-05-11 11:53:34.057291
87,2020-11-21,Ath Madrid,Barcelona,1,0,H,2.9,3.5,2.37,2.87,3.56,2.54,0.3448,0.2857,0.4219,1.0525,2020/2021,11,2020,football-data.co.uk,2026-05-11 11:53:34.057291
88,2020-11-22,Eibar,Getafe,0,0,D,3.4,3.0,2.35,3.47,3.02,2.49,0.2941,0.3333,0.4255,1.053,2020/2021,11,2020,football-data.co.uk,2026-05-11 11:53:34.057291
89,2020-11-22,Cadiz,Sociedad,0,1,A,4.0,3.8,1.85,4.42,3.93,1.84,0.25,0.2632,0.5405,1.0537,2020/2021,11,2020,football-data.co.uk,2026-05-11 11:53:34.057291
90,2020-11-22,Granada,Valladolid,1,3,A,2.1,3.2,3.8,2.19,3.19,3.98,0.4762,0.3125,0.2632,1.0518,2020/2021,11,2020,football-data.co.uk,2026-05-11 11:53:34.057291
91,2020-11-22,Alaves,Valencia,2,2,D,2.7,3.2,2.8,2.71,3.2,2.85,0.3704,0.3125,0.3571,1.04,2020/2021,11,2020,football-data.co.uk,2026-05-11 11:53:34.057291
92,2020-11-23,Ath Bilbao,Betis,4,0,H,2.2,3.3,3.4,2.22,3.45,3.55,0.4545,0.303,0.2941,1.0517,2020/2021,11,2020,football-data.co.uk,2026-05-11 11:53:34.057291
93,2020-11-27,Valladolid,Levante,1,1,D,2.55,3.3,2.8,2.6,3.37,2.93,0.3922,0.303,0.3571,1.0523,2020/2021,11,2020,football-data.co.uk,2026-05-11 11:53:34.057291
94,2020-11-28,Elche,Cadiz,1,1,D,3.2,3.0,2.45,3.2,2.95,2.54,0.3125,0.3333,0.4082,1.054,2020/2021,11,2020,football-data.co.uk,2026-05-11 11:53:34.057291
95,2020-11-28,Valencia,Ath Madrid,0,1,A,4.75,3.8,1.72,4.97,3.94,1.76,0.2105,0.2632,0.5814,1.0551,2020/2021,11,2020,football-data.co.uk,2026-05-11 11:53:34.057291
96,2020-11-28,Huesca,Sevilla,0,1,A,4.0,3.3,2.0,4.36,3.39,2.0,0.25,0.303,0.5,1.053,2020/2021,11,2020,football-data.co.uk,2026-05-11 11:53:34.057291
97,2020-11-28,Real Madrid,Alaves,1,2,A,1.33,5.25,9.0,1.36,5.5,9.37,0.7519,0.1905,0.1111,1.0535,2020/2021,11,2020,football-data.co.uk,2026-05-11 11:53:34.057291
98,2020-11-29,Barcelona,Osasuna,4,0,H,1.25,6.0,11.0,1.25,6.62,11.95,0.8,0.1667,0.0909,1.0576,2020/2021,11,2020,football-data.co.uk,2026-05-11 11:53:34.057291
99,2020-11-29,Getafe,Ath Bilbao,1,1,D,2.8,2.9,2.8,2.93,3.01,2.88,0.3571,0.3448,0.3571,1.0591,2020/2021,11,2020,football-data.co.uk,2026-05-11 11:53:34.057291
100,2020-11-29,Celta,Granada,3,1,H,2.0,3.5,3.75,2.01,3.61,4.03,0.5,0.2857,0.2667,1.0524,2020/2021,11,2020,football-data.co.uk,2026-05-11 11:53:34.057291
101,2020-11-29,Sociedad,Villarreal,1,1,D,2.1,3.6,3.4,2.14,3.69,3.52,0.4762,0.2778,0.2941,1.0481,2020/2021,11,2020,football-data.co.uk,2026-05-11 11:53:34.057291
102,2020-11-30,Betis,Eibar,0,2,A,1.75,3.75,4.5,1.79,3.81,4.91,0.5714,0.2667,0.2222,1.0603,2020/2021,11,2020,football-data.co.uk,2026-05-11 11:53:34.057291
103,2020-12-04,Ath Bilbao,Celta,0,2,A,2.05,3.25,3.8,2.13,3.36,3.91,0.4878,0.3077,0.2632,1.0587,2020/2021,12,2020,football-data.co.uk,2026-05-11 11:53:34.057291
104,2020-12-05,Levante,Getafe,3,0,H,2.9,3.1,2.55,2.99,3.18,2.68,0.3448,0.3226,0.3922,1.0596,2020/2021,12,2020,football-data.co.uk,2026-05-11 11:53:34.057291
105,2020-12-05,Sevilla,Real Madrid,0,1,A,2.5,3.5,2.7,2.59,3.64,2.77,0.4,0.2857,0.3704,1.0561,2020/2021,12,2020,football-data.co.uk,2026-05-11 11:53:34.057291
106,2020-12-05,Ath Madrid,Valladolid,2,0,H,1.4,4.33,9.5,1.39,4.63,9.91,0.7143,0.2309,0.1053,1.0505,2020/2021,12,2020,football-data.co.uk,2026-05-11 11:53:34.057291
107,2020-12-05,Cadiz,Barcelona,2,1,H,8.5,5.0,1.36,8.41,5.64,1.37,0.1176,0.2,0.7353,1.0529,2020/2021,12,2020,football-data.co.uk,2026-05-11 11:53:34.057291
108,2020-12-06,Granada,Huesca,3,3,D,2.3,3.1,3.4,2.49,3.09,3.13,0.4348,0.3226,0.2941,1.0515,2020/2021,12,2020,football-data.co.uk,2026-05-11 11:53:34.057291
109,2020-12-06,Osasuna,Betis,0,2,A,2.62,3.3,2.7,2.75,3.38,2.76,0.3817,0.303,0.3704,1.0551,2020/2021,12,2020,football-data.co.uk,2026-05-11 11:53:34.057291
110,2020-12-06,Villarreal,Elche,0,0,D,1.3,5.5,9.5,1.35,5.41,8.85,0.7692,0.1818,0.1053,1.0563,2020/2021,12,2020,football-data.co.uk,2026-05-11 11:53:34.057291
111,2020-12-06,Alaves,Sociedad,0,0,D,4.75,3.5,1.8,4.97,3.39,1.89,0.2105,0.2857,0.5556,1.0518,2020/2021,12,2020,football-data.co.uk,2026-05-11 11:53:34.057291
112,2020-12-07,Eibar,Valencia,0,0,D,2.45,3.1,3.1,2.51,3.17,3.03,0.4082,0.3226,0.3226,1.0533,2020/2021,12,2020,football-data.co.uk,2026-05-11 11:53:34.057291
113,2020-12-11,Valladolid,Osasuna,3,2,H,2.5,3.1,3.0,2.6,3.02,3.27,0.4,0.3226,0.3333,1.0559,2020/2021,12,2020,football-data.co.uk,2026-05-11 11:53:34.057291
114,2020-12-12,Valencia,Ath Bilbao,2,2,D,3.25,3.1,2.35,3.38,3.22,2.4,0.3077,0.3226,0.4255,1.0558,2020/2021,12,2020,football-data.co.uk,2026-05-11 11:53:34.057291
115,2020-12-12,Getafe,Sevilla,0,1,A,3.75,3.2,2.1,3.89,3.33,2.15,0.2667,0.3125,0.4762,1.0554,2020/2021,12,2020,football-data.co.uk,2026-05-11 11:53:34.057291
116,2020-12-12,Huesca,Alaves,1,0,H,2.2,3.2,3.5,2.24,3.32,3.63,0.4545,0.3125,0.2857,1.0528,2020/2021,12,2020,football-data.co.uk,2026-05-11 11:53:34.057291
117,2020-12-12,Real Madrid,Ath Madrid,2,0,H,2.3,3.3,3.1,2.4,3.4,3.22,0.4348,0.303,0.3226,1.0604,2020/2021,12,2020,football-data.co.uk,2026-05-11 11:53:34.057291
118,2020-12-13,Sociedad,Eibar,1,1,D,1.6,3.75,6.0,1.67,3.73,6.32,0.625,0.2667,0.1667,1.0583,2020/2021,12,2020,football-data.co.uk,2026-05-11 11:53:34.057291
119,2020-12-13,Betis,Villarreal,1,1,D,3.1,3.5,2.25,3.18,3.62,2.31,0.3226,0.2857,0.4444,1.0527,2020/2021,12,2020,football-data.co.uk,2026-05-11 11:53:34.057291
120,2020-12-13,Elche,Granada,0,1,A,3.4,3.1,2.3,3.42,3.15,2.42,0.2941,0.3226,0.4348,1.0515,2020/2021,12,2020,football-data.co.uk,2026-05-11 11:53:34.057291
121,2020-12-13,Barcelona,Levante,1,0,H,1.22,7.0,11.0,1.25,6.88,11.21,0.8197,0.1429,0.0909,1.0534,2020/2021,12,2020,football-data.co.uk,2026-05-11 11:53:34.057291
122,2020-12-14,Celta,Cadiz,4,0,H,1.72,3.6,5.25,1.76,3.81,5.15,0.5814,0.2778,0.1905,1.0496,2020/2021,12,2020,football-data.co.uk,2026-05-11 11:53:34.057291
123,2020-12-15,Real Madrid,Ath Bilbao,3,1,H,1.53,4.33,5.75,1.57,4.2,6.68,0.6536,0.2309,0.1739,1.0585,2020/2021,12,2020,football-data.co.uk,2026-05-11 11:53:34.057291
124,2020-12-16,Barcelona,Sociedad,2,1,H,1.6,4.5,5.0,1.65,4.59,5.0,0.625,0.2222,0.2,1.0472,2020/2021,12,2020,football-data.co.uk,2026-05-11 11:53:34.057291
125,2020-12-18,Ath Bilbao,Huesca,2,0,H,1.9,3.3,4.33,1.95,3.38,4.62,0.5263,0.303,0.2309,1.0603,2020/2021,12,2020,football-data.co.uk,2026-05-11 11:53:34.057291
126,2020-12-19,Ath Madrid,Elche,3,1,H,1.2,6.0,19.0,1.22,6.25,18.61,0.8333,0.1667,0.0526,1.0526,2020/2021,12,2020,football-data.co.uk,2026-05-11 11:53:34.057291
127,2020-12-19,Barcelona,Valencia,2,2,D,1.3,6.0,8.5,1.33,5.94,9.43,0.7692,0.1667,0.1176,1.0535,2020/2021,12,2020,football-data.co.uk,2026-05-11 11:53:34.057291
128,2020-12-19,Levante,Sociedad,2,1,H,3.4,3.4,2.15,3.65,3.4,2.2,0.2941,0.2941,0.4651,1.0534,2020/2021,12,2020,football-data.co.uk,2026-05-11 11:53:34.057291
129,2020-12-19,Osasuna,Villarreal,1,3,A,3.6,3.4,2.1,3.77,3.42,2.15,0.2778,0.2941,0.4762,1.0481,2020/2021,12,2020,football-data.co.uk,2026-05-11 11:53:34.057291
130,2020-12-19,Sevilla,Valladolid,1,1,D,1.53,3.75,7.5,1.55,4.09,7.47,0.6536,0.2667,0.1333,1.0536,2020/2021,12,2020,football-data.co.uk,2026-05-11 11:53:34.057291
131,2020-12-20,Celta,Alaves,2,0,H,1.7,4.0,4.75,1.72,4.02,5.11,0.5882,0.25,0.2105,1.0488,2020/2021,12,2020,football-data.co.uk,2026-05-11 11:53:34.057291
132,2020-12-20,Granada,Betis,2,0,H,2.45,3.4,2.87,2.62,3.41,2.87,0.4082,0.2941,0.3484,1.0507,2020/2021,12,2020,football-data.co.uk,2026-05-11 11:53:34.057291
133,2020-12-20,Cadiz,Getafe,0,2,A,3.3,2.9,2.45,3.45,2.95,2.55,0.303,0.3448,0.4082,1.056,2020/2021,12,2020,football-data.co.uk,2026-05-11 11:53:34.057291
134,2020-12-20,Eibar,Real Madrid,1,3,A,6.5,4.2,1.5,6.78,4.16,1.57,0.1538,0.2381,0.6667,1.0586,2020/2021,12,2020,football-data.co.uk,2026-05-11 11:53:34.057291
135,2020-12-22,Elche,Osasuna,2,2,D,3.3,3.0,2.37,3.45,3.05,2.47,0.303,0.3333,0.4219,1.0583,2020/2021,12,2020,football-data.co.uk,2026-05-11 11:53:34.057291
136,2020-12-22,Valencia,Sevilla,0,1,A,3.75,3.4,2.0,3.91,3.44,2.1,0.2667,0.2941,0.5,1.0608,2020/2021,12,2020,football-data.co.uk,2026-05-11 11:53:34.057291
137,2020-12-22,Huesca,Levante,1,1,D,2.62,3.4,2.6,2.76,3.38,2.75,0.3817,0.2941,0.3846,1.0604,2020/2021,12,2020,football-data.co.uk,2026-05-11 11:53:34.057291
138,2020-12-22,Sociedad,Ath Madrid,0,2,A,3.3,3.2,2.25,3.34,3.2,2.44,0.303,0.3125,0.4444,1.06,2020/2021,12,2020,football-data.co.uk,2026-05-11 11:53:34.057291
139,2020-12-22,Valladolid,Barcelona,0,3,A,7.0,5.4,1.36,7.43,5.17,1.43,0.1429,0.1852,0.7353,1.0633,2020/2021,12,2020,football-data.co.uk,2026-05-11 11:53:34.057291
140,2020-12-22,Villarreal,Ath Bilbao,1,1,D,2.0,3.4,3.8,2.02,3.45,4.18,0.5,0.2941,0.2632,1.0573,2020/2021,12,2020,football-data.co.uk,2026-05-11 11:53:34.057291
141,2020-12-23,Getafe,Celta,1,1,D,2.75,3.0,2.8,2.77,3.18,2.71,0.3636,0.3333,0.3571,1.0541,2020/2021,12,2020,football-data.co.uk,2026-05-11 11:53:34.057291
142,2020-12-23,Real Madrid,Granada,2,0,H,1.33,5.25,9.0,1.33,5.72,9.9,0.7519,0.1905,0.1111,1.0535,2020/2021,12,2020,football-data.co.uk,2026-05-11 11:53:34.057291
143,2020-12-23,Alaves,Eibar,2,1,H,2.75,2.87,2.9,2.82,3.01,2.98,0.3636,0.3484,0.3448,1.0569,2020/2021,12,2020,football-data.co.uk,2026-05-11 11:53:34.057291
144,2020-12-23,Betis,Cadiz,1,0,H,1.9,3.5,4.1,1.95,3.45,4.52,0.5263,0.2857,0.2439,1.0559,2020/2021,12,2020,football-data.co.uk,2026-05-11 11:53:34.057291
145,2020-12-29,Sevilla,Villarreal,2,0,H,2.25,3.3,3.25,2.3,3.33,3.47,0.4444,0.303,0.3077,1.0552,2020/2021,12,2020,football-data.co.uk,2026-05-11 11:53:34.057291
146,2020-12-29,Barcelona,Eibar,1,1,D,1.28,5.75,9.5,1.28,6.16,10.3,0.7813,0.1739,0.1053,1.0604,2020/2021,12,2020,football-data.co.uk,2026-05-11 11:53:34.057291
147,2020-12-29,Cadiz,Valladolid,0,0,D,2.87,2.9,2.75,2.98,2.9,2.93,0.3484,0.3448,0.3636,1.0569,2020/2021,12,2020,football-data.co.uk,2026-05-11 11:53:34.057291
148,2020-12-29,Levante,Betis,4,3,H,2.4,3.4,2.9,2.52,3.51,2.94,0.4167,0.2941,0.3448,1.0556,2020/2021,12,2020,football-data.co.uk,2026-05-11 11:53:34.057291
149,2020-12-30,Granada,Valencia,2,1,H,2.2,3.3,3.4,2.29,3.47,3.36,0.4545,0.303,0.2941,1.0517,2020/2021,12,2020,football-data.co.uk,2026-05-11 11:53:34.057291
150,2020-12-30,Ath Madrid,Getafe,1,0,H,1.44,4.2,8.5,1.47,4.29,9.0,0.6944,0.2381,0.1176,1.0502,2020/2021,12,2020,football-data.co.uk,2026-05-11 11:53:34.057291
151,2020-12-30,Celta,Huesca,2,1,H,1.75,3.75,4.6,1.78,3.81,5.0,0.5714,0.2667,0.2174,1.0555,2020/2021,12,2020,football-data.co.uk,2026-05-11 11:53:34.057291
152,2020-12-30,Elche,Real Madrid,1,1,D,10.0,6.5,1.25,10.93,6.05,1.29,0.1,0.1538,0.8,1.0538,2020/2021,12,2020,football-data.co.uk,2026-05-11 11:53:34.057291
153,2020-12-31,Ath Bilbao,Sociedad,0,1,A,3.0,3.2,2.5,3.06,3.22,2.6,0.3333,0.3125,0.4,1.0458,2020/2021,12,2020,football-data.co.uk,2026-05-11 11:53:34.057291
154,2020-12-31,Osasuna,Alaves,1,1,D,2.35,3.25,3.1,2.42,3.33,3.24,0.4255,0.3077,0.3226,1.0558,2020/2021,12,2020,football-data.co.uk,2026-05-11 11:53:34.057291
155,2021-01-02,Villarreal,Levante,2,1,H,1.65,3.8,5.5,1.65,3.98,6.06,0.6061,0.2632,0.1818,1.051,2020/2021,1,2021,football-data.co.uk,2026-05-11 11:53:34.057291
156,2021-01-02,Betis,Sevilla,1,1,D,3.9,3.5,1.95,3.98,3.62,2.02,0.2564,0.2857,0.5128,1.0549,2020/2021,1,2021,football-data.co.uk,2026-05-11 11:53:34.057291
157,2021-01-02,Getafe,Valladolid,0,1,A,1.95,3.1,4.5,2.04,3.23,4.5,0.5128,0.3226,0.2222,1.0576,2020/2021,1,2021,football-data.co.uk,2026-05-11 11:53:34.057291
158,2021-01-02,Real Madrid,Celta,2,0,H,1.44,4.75,6.5,1.5,4.92,6.36,0.6944,0.2105,0.1538,1.0588,2020/2021,1,2021,football-data.co.uk,2026-05-11 11:53:34.057291
159,2021-01-03,Ath Bilbao,Elche,1,0,H,1.5,3.8,8.0,1.54,4.01,8.0,0.6667,0.2632,0.125,1.0548,2020/2021,1,2021,football-data.co.uk,2026-05-11 11:53:34.057291
160,2021-01-03,Alaves,Ath Madrid,1,2,A,7.0,3.75,1.53,7.19,3.81,1.6,0.1429,0.2667,0.6536,1.0631,2020/2021,1,2021,football-data.co.uk,2026-05-11 11:53:34.057291
161,2021-01-03,Eibar,Granada,2,0,H,2.37,3.0,3.3,2.45,3.2,3.31,0.4219,0.3333,0.303,1.0583,2020/2021,1,2021,football-data.co.uk,2026-05-11 11:53:34.057291
162,2021-01-03,Sociedad,Osasuna,1,1,D,1.53,4.0,6.5,1.57,4.25,6.55,0.6536,0.25,0.1538,1.0574,2020/2021,1,2021,football-data.co.uk,2026-05-11 11:53:34.057291
163,2021-01-03,Huesca,Barcelona,0,1,A,6.5,4.75,1.44,6.52,4.75,1.51,0.1538,0.2105,0.6944,1.0588,2020/2021,1,2021,football-data.co.uk,2026-05-11 11:53:34.057291
164,2021-01-04,Valencia,Cadiz,1,1,D,2.0,3.4,3.75,2.02,3.63,3.97,0.5,0.2941,0.2667,1.0608,2020/2021,1,2021,football-data.co.uk,2026-05-11 11:53:34.057291
165,2021-01-06,Ath Bilbao,Barcelona,2,3,A,4.2,3.6,1.83,4.39,3.85,1.87,0.2381,0.2778,0.5464,1.0623,2020/2021,1,2021,football-data.co.uk,2026-05-11 11:53:34.057291
166,2021-01-08,Celta,Villarreal,0,4,A,3.4,3.3,2.2,3.55,3.33,2.27,0.2941,0.303,0.4545,1.0517,2020/2021,1,2021,football-data.co.uk,2026-05-11 11:53:34.057291
167,2021-01-09,Sevilla,Sociedad,3,2,H,2.2,3.1,3.6,2.31,3.1,3.76,0.4545,0.3226,0.2778,1.0549,2020/2021,1,2021,football-data.co.uk,2026-05-11 11:53:34.057291
168,2021-01-09,Granada,Barcelona,0,4,A,6.5,5.25,1.4,7.1,5.43,1.43,0.1538,0.1905,0.7143,1.0586,2020/2021,1,2021,football-data.co.uk,2026-05-11 11:53:34.057291
169,2021-01-09,Osasuna,Real Madrid,0,0,D,6.5,4.75,1.45,7.18,4.49,1.51,0.1538,0.2105,0.6897,1.054,2020/2021,1,2021,football-data.co.uk,2026-05-11 11:53:34.057291
170,2021-01-10,Levante,Eibar,2,1,H,2.25,3.4,3.2,2.33,3.56,3.2,0.4444,0.2941,0.3125,1.0511,2020/2021,1,2021,football-data.co.uk,2026-05-11 11:53:34.057291
171,2021-01-10,Cadiz,Alaves,3,1,H,2.7,2.9,3.0,2.74,2.95,3.15,0.3704,0.3448,0.3333,1.0485,2020/2021,1,2021,football-data.co.uk,2026-05-11 11:53:34.057291
172,2021-01-10,Valladolid,Valencia,0,1,A,2.37,3.25,3.1,2.46,3.29,3.21,0.4219,0.3077,0.3226,1.0522,2020/2021,1,2021,football-data.co.uk,2026-05-11 11:53:34.057291
173,2021-01-11,Elche,Getafe,1,3,A,4.33,2.9,2.1,4.8,2.86,2.15,0.2309,0.3448,0.4762,1.052,2020/2021,1,2021,football-data.co.uk,2026-05-11 11:53:34.057291
174,2021-01-11,Huesca,Betis,0,2,A,2.8,3.3,2.55,2.94,3.39,2.58,0.3571,0.303,0.3922,1.0523,2020/2021,1,2021,football-data.co.uk,2026-05-11 11:53:34.057291
175,2021-01-12,Granada,Osasuna,2,0,H,2.3,3.1,3.4,2.33,3.12,3.65,0.4348,0.3226,0.2941,1.0515,2020/2021,1,2021,football-data.co.uk,2026-05-11 11:53:34.057291
176,2021-01-12,Ath Madrid,Sevilla,2,0,H,1.9,3.2,4.5,1.97,3.21,4.87,0.5263,0.3125,0.2222,1.061,2020/2021,1,2021,football-data.co.uk,2026-05-11 11:53:34.057291
177,2021-01-19,Cadiz,Levante,2,2,D,2.9,3.1,2.55,3.06,3.15,2.65,0.3448,0.3226,0.3922,1.0596,2020/2021,1,2021,football-data.co.uk,2026-05-11 11:53:34.057291
178,2021-01-19,Valladolid,Elche,2,2,D,1.83,3.4,4.6,1.88,3.48,4.84,0.5464,0.2941,0.2174,1.058,2020/2021,1,2021,football-data.co.uk,2026-05-11 11:53:34.057291
179,2021-01-19,Alaves,Sevilla,1,2,A,5.5,3.6,1.66,5.84,3.73,1.71,0.1818,0.2778,0.6024,1.062,2020/2021,1,2021,football-data.co.uk,2026-05-11 11:53:34.057291
180,2021-01-20,Getafe,Huesca,1,0,H,1.9,3.25,4.5,1.98,3.25,4.74,0.5263,0.3077,0.2222,1.0562,2020/2021,1,2021,football-data.co.uk,2026-05-11 11:53:34.057291
181,2021-01-20,Betis,Celta,2,1,H,2.1,3.5,3.4,2.2,3.56,3.49,0.4762,0.2857,0.2941,1.056,2020/2021,1,2021,football-data.co.uk,2026-05-11 11:53:34.057291
182,2021-01-20,Villarreal,Granada,2,2,D,1.5,4.0,7.0,1.55,4.03,7.63,0.6667,0.25,0.1429,1.0595,2020/2021,1,2021,football-data.co.uk,2026-05-11 11:53:34.057291
183,2021-01-21,Valencia,Osasuna,1,1,D,2.05,3.5,3.5,2.1,3.54,3.8,0.4878,0.2857,0.2857,1.0592,2020/2021,1,2021,football-data.co.uk,2026-05-11 11:53:34.057291
184,2021-01-21,Eibar,Ath Madrid,1,2,A,6.5,3.4,1.66,6.37,3.48,1.72,0.1538,0.2941,0.6024,1.0504,2020/2021,1,2021,football-data.co.uk,2026-05-11 11:53:34.057291
185,2021-01-22,Levante,Valladolid,2,2,D,1.95,3.4,4.0,1.98,3.51,4.28,0.5128,0.2941,0.25,1.0569,2020/2021,1,2021,football-data.co.uk,2026-05-11 11:53:34.057291
186,2021-01-23,Huesca,Villarreal,0,0,D,4.33,3.75,1.8,4.59,3.64,1.88,0.2309,0.2667,0.5556,1.0532,2020/2021,1,2021,football-data.co.uk,2026-05-11 11:53:34.057291
187,2021-01-23,Sevilla,Cadiz,3,0,H,1.45,4.2,8.0,1.51,4.08,8.57,0.6897,0.2381,0.125,1.0528,2020/2021,1,2021,football-data.co.uk,2026-05-11 11:53:34.057291
188,2021-01-23,Sociedad,Betis,2,2,D,1.8,3.75,4.33,1.88,3.86,4.29,0.5556,0.2667,0.2309,1.0532,2020/2021,1,2021,football-data.co.uk,2026-05-11 11:53:34.057291
189,2021-01-23,Alaves,Real Madrid,1,4,A,5.5,4.33,1.55,6.22,4.2,1.6,0.1818,0.2309,0.6452,1.0579,2020/2021,1,2021,football-data.co.uk,2026-05-11 11:53:34.057291
190,2021-01-24,Osasuna,Granada,3,1,H,2.5,3.1,3.0,2.58,3.08,3.22,0.4,0.3226,0.3333,1.0559,2020/2021,1,2021,football-data.co.uk,2026-05-11 11:53:34.057291
191,2021-01-24,Elche,Barcelona,0,2,A,8.0,5.25,1.36,8.32,5.12,1.36,0.125,0.1905,0.7353,1.0508,2020/2021,1,2021,football-data.co.uk,2026-05-11 11:53:34.057291
192,2021-01-24,Celta,Eibar,1,1,D,2.05,3.4,3.75,2.08,3.57,3.83,0.4878,0.2941,0.2667,1.0486,2020/2021,1,2021,football-data.co.uk,2026-05-11 11:53:34.057291
193,2021-01-24,Ath Madrid,Valencia,3,1,H,1.4,4.75,8.0,1.43,4.75,8.6,0.7143,0.2105,0.125,1.0498,2020/2021,1,2021,football-data.co.uk,2026-05-11 11:53:34.057291
194,2021-01-25,Ath Bilbao,Getafe,5,1,H,2.3,3.0,3.6,2.36,3.09,3.63,0.4348,0.3333,0.2778,1.0459,2020/2021,1,2021,football-data.co.uk,2026-05-11 11:53:34.057291
195,2021-01-29,Valladolid,Huesca,1,3,A,2.2,3.1,3.6,2.26,3.23,3.7,0.4545,0.3226,0.2778,1.0549,2020/2021,1,2021,football-data.co.uk,2026-05-11 11:53:34.057291
196,2021-01-30,Eibar,Sevilla,0,2,A,4.0,3.25,2.0,4.26,3.35,2.04,0.25,0.3077,0.5,1.0577,2020/2021,1,2021,football-data.co.uk,2026-05-11 11:53:34.057291
197,2021-01-30,Real Madrid,Levante,1,2,A,1.33,5.5,8.0,1.36,5.81,8.44,0.7519,0.1818,0.125,1.0587,2020/2021,1,2021,football-data.co.uk,2026-05-11 11:53:34.057291
198,2021-01-30,Valencia,Elche,1,0,H,1.66,3.75,5.5,1.67,3.79,6.13,0.6024,0.2667,0.1818,1.0509,2020/2021,1,2021,football-data.co.uk,2026-05-11 11:53:34.057291
199,2021-01-30,Villarreal,Sociedad,1,1,D,2.4,3.2,3.1,2.43,3.22,3.33,0.4167,0.3125,0.3226,1.0517,2020/2021,1,2021,football-data.co.uk,2026-05-11 11:53:34.057291
200,2021-01-31,Getafe,Alaves,0,0,D,1.9,3.2,4.5,2.01,3.2,4.66,0.5263,0.3125,0.2222,1.061,2020/2021,1,2021,football-data.co.uk,2026-05-11 11:53:34.057291
201,2021-01-31,Cadiz,Ath Madrid,2,4,A,9.0,4.0,1.44,9.96,3.88,1.5,0.1111,0.25,0.6944,1.0556,2020/2021,1,2021,football-data.co.uk,2026-05-11 11:53:34.057291
202,2021-01-31,Granada,Celta,0,0,D,2.7,3.3,2.62,2.8,3.34,2.74,0.3704,0.303,0.3817,1.0551,2020/2021,1,2021,football-data.co.uk,2026-05-11 11:53:34.057291
203,2021-01-31,Barcelona,Ath Bilbao,2,1,H,1.36,5.25,7.5,1.42,4.87,7.14,0.7353,0.1905,0.1333,1.0591,2020/2021,1,2021,football-data.co.uk,2026-05-11 11:53:34.057291
204,2021-02-01,Betis,Osasuna,1,0,H,1.8,3.6,4.33,1.93,3.49,4.6,0.5556,0.2778,0.2309,1.0643,2020/2021,2,2021,football-data.co.uk,2026-05-11 11:53:34.057291
205,2021-02-05,Alaves,Valladolid,1,0,H,2.6,3.0,3.0,2.67,3.09,3.09,0.3846,0.3333,0.3333,1.0513,2020/2021,2,2021,football-data.co.uk,2026-05-11 11:53:34.057291
206,2021-02-06,Levante,Granada,2,2,D,2.2,3.3,3.4,2.23,3.37,3.6,0.4545,0.303,0.2941,1.0517,2020/2021,2,2021,football-data.co.uk,2026-05-11 11:53:34.057291
207,2021-02-06,Huesca,Real Madrid,1,2,A,7.0,4.5,1.44,7.17,4.62,1.49,0.1429,0.2222,0.6944,1.0595,2020/2021,2,2021,football-data.co.uk,2026-05-11 11:53:34.057291
208,2021-02-06,Elche,Villarreal,2,2,D,6.5,3.8,1.53,6.76,3.95,1.6,0.1538,0.2632,0.6536,1.0706,2020/2021,2,2021,football-data.co.uk,2026-05-11 11:53:34.057291
209,2021-02-06,Sevilla,Getafe,3,0,H,1.72,3.6,4.75,1.72,3.66,5.91,0.5814,0.2778,0.2105,1.0697,2020/2021,2,2021,football-data.co.uk,2026-05-11 11:53:34.057291
210,2021-02-07,Sociedad,Cadiz,4,1,H,1.45,4.2,8.0,1.51,4.33,7.65,0.6897,0.2381,0.125,1.0528,2020/2021,2,2021,football-data.co.uk,2026-05-11 11:53:34.057291
211,2021-02-07,Ath Bilbao,Valencia,1,1,D,2.15,3.2,3.6,2.3,3.4,3.42,0.4651,0.3125,0.2778,1.0554,2020/2021,2,2021,football-data.co.uk,2026-05-11 11:53:34.057291
212,2021-02-07,Osasuna,Eibar,2,1,H,2.55,3.0,3.0,2.67,3.02,3.16,0.3922,0.3333,0.3333,1.0588,2020/2021,2,2021,football-data.co.uk,2026-05-11 11:53:34.057291
213,2021-02-07,Betis,Barcelona,2,3,A,5.75,4.6,1.5,6.05,4.63,1.55,0.1739,0.2174,0.6667,1.058,2020/2021,2,2021,football-data.co.uk,2026-05-11 11:53:34.057291
214,2021-02-08,Ath Madrid,Celta,2,2,D,1.6,3.6,6.5,1.6,3.61,6.48,0.625,0.2778,0.1538,1.0566,2020/2021,2,2021,football-data.co.uk,2026-05-11 11:53:34.057291
215,2021-02-09,Real Madrid,Getafe,2,0,H,1.53,4.0,6.5,1.55,4.17,7.09,0.6536,0.25,0.1538,1.0574,2020/2021,2,2021,football-data.co.uk,2026-05-11 11:53:34.057291
216,2021-02-12,Celta,Elche,3,1,H,1.45,4.2,8.0,1.49,4.22,8.37,0.6897,0.2381,0.125,1.0528,2020/2021,2,2021,football-data.co.uk,2026-05-11 11:53:34.057291
217,2021-02-13,Granada,Ath Madrid,1,2,A,5.0,3.3,1.8,5.46,3.34,1.85,0.2,0.303,0.5556,1.0586,2020/2021,2,2021,football-data.co.uk,2026-05-11 11:53:34.057291
218,2021-02-13,Sevilla,Huesca,1,0,H,1.5,3.9,7.5,1.55,4.02,7.57,0.6667,0.2564,0.1333,1.0564,2020/2021,2,2021,football-data.co.uk,2026-05-11 11:53:34.057291
219,2021-02-13,Eibar,Valladolid,1,1,D,1.95,3.3,4.2,2.0,3.44,4.29,0.5128,0.303,0.2381,1.0539,2020/2021,2,2021,football-data.co.uk,2026-05-11 11:53:34.057291
220,2021-02-13,Barcelona,Alaves,5,1,H,1.28,6.0,9.0,1.3,6.12,10.63,0.7813,0.1667,0.1111,1.059,2020/2021,2,2021,football-data.co.uk,2026-05-11 11:53:34.057291
221,2021-02-14,Getafe,Sociedad,0,1,A,3.75,3.25,2.1,3.99,3.3,2.13,0.2667,0.3077,0.4762,1.0505,2020/2021,2,2021,football-data.co.uk,2026-05-11 11:53:34.057291
222,2021-02-14,Real Madrid,Valencia,2,0,H,1.4,4.75,8.0,1.45,4.87,7.71,0.7143,0.2105,0.125,1.0498,2020/2021,2,2021,football-data.co.uk,2026-05-11 11:53:34.057291
223,2021-02-14,Levante,Osasuna,0,1,A,2.25,3.2,3.4,2.38,3.2,3.45,0.4444,0.3125,0.2941,1.0511,2020/2021,2,2021,football-data.co.uk,2026-05-11 11:53:34.057291
224,2021-02-14,Villarreal,Betis,1,2,A,1.9,3.4,4.2,1.99,3.41,4.37,0.5263,0.2941,0.2381,1.0585,2020/2021,2,2021,football-data.co.uk,2026-05-11 11:53:34.057291
225,2021-02-15,Cadiz,Ath Bilbao,0,4,A,4.0,3.1,2.05,4.03,3.31,2.12,0.25,0.3226,0.4878,1.0604,2020/2021,2,2021,football-data.co.uk,2026-05-11 11:53:34.057291
226,2021-02-17,Levante,Ath Madrid,1,1,D,4.75,3.4,1.8,5.02,3.44,1.88,0.2105,0.2941,0.5556,1.0602,2020/2021,2,2021,football-data.co.uk,2026-05-11 11:53:34.057291
227,2021-02-19,Betis,Getafe,1,0,H,2.05,3.1,4.1,2.05,3.26,4.38,0.4878,0.3226,0.2439,1.0543,2020/2021,2,2021,football-data.co.uk,2026-05-11 11:53:34.057291
228,2021-02-20,Elche,Eibar,1,0,H,3.6,3.25,2.15,3.85,3.31,2.17,0.2778,0.3077,0.4651,1.0506,2020/2021,2,2021,football-data.co.uk,2026-05-11 11:53:34.057291
229,2021-02-20,Ath Madrid,Levante,0,2,A,1.53,4.0,7.0,1.56,4.03,7.27,0.6536,0.25,0.1429,1.0465,2020/2021,2,2021,football-data.co.uk,2026-05-11 11:53:34.057291
230,2021-02-20,Valencia,Celta,2,0,H,2.45,3.2,3.0,2.52,3.28,3.12,0.4082,0.3125,0.3333,1.054,2020/2021,2,2021,football-data.co.uk,2026-05-11 11:53:34.057291
231,2021-02-20,Valladolid,Real Madrid,0,1,A,5.5,4.2,1.57,6.37,4.04,1.61,0.1818,0.2381,0.6369,1.0569,2020/2021,2,2021,football-data.co.uk,2026-05-11 11:53:34.057291
232,2021-02-21,Barcelona,Cadiz,1,1,D,1.16,8.0,13.0,1.17,8.23,17.86,0.8621,0.125,0.0769,1.064,2020/2021,2,2021,football-data.co.uk,2026-05-11 11:53:34.057291
233,2021-02-21,Sociedad,Alaves,4,0,H,1.66,3.75,5.5,1.67,3.67,6.57,0.6024,0.2667,0.1818,1.0509,2020/2021,2,2021,football-data.co.uk,2026-05-11 11:53:34.057291
234,2021-02-21,Huesca,Granada,3,2,H,2.15,3.3,3.5,2.21,3.25,3.81,0.4651,0.303,0.2857,1.0539,2020/2021,2,2021,football-data.co.uk,2026-05-11 11:53:34.057291
235,2021-02-21,Ath Bilbao,Villarreal,1,1,D,2.45,3.2,3.0,2.6,3.15,3.12,0.4082,0.3125,0.3333,1.054,2020/2021,2,2021,football-data.co.uk,2026-05-11 11:53:34.057291
236,2021-02-22,Osasuna,Sevilla,0,2,A,4.0,3.3,2.0,4.63,3.26,2.0,0.25,0.303,0.5,1.053,2020/2021,2,2021,football-data.co.uk,2026-05-11 11:53:34.057291
237,2021-02-24,Barcelona,Elche,3,0,H,1.12,9.0,19.0,1.13,9.51,21.25,0.8929,0.1111,0.0526,1.0566,2020/2021,2,2021,football-data.co.uk,2026-05-11 11:53:34.057291
238,2021-02-26,Levante,Ath Bilbao,1,1,D,3.3,3.25,2.25,3.47,3.37,2.29,0.303,0.3077,0.4444,1.0552,2020/2021,2,2021,football-data.co.uk,2026-05-11 11:53:34.057291
239,2021-02-27,Eibar,Huesca,1,1,D,2.15,3.3,3.5,2.22,3.36,3.64,0.4651,0.303,0.2857,1.0539,2020/2021,2,2021,football-data.co.uk,2026-05-11 11:53:34.057291
240,2021-02-27,Sevilla,Barcelona,0,2,A,3.2,3.5,2.2,3.31,3.58,2.27,0.3125,0.2857,0.4545,1.0528,2020/2021,2,2021,football-data.co.uk,2026-05-11 11:53:34.057291
241,2021-02-27,Alaves,Osasuna,0,1,A,2.62,2.9,3.0,2.79,3.02,3.01,0.3817,0.3448,0.3333,1.0598,2020/2021,2,2021,football-data.co.uk,2026-05-11 11:53:34.057291
242,2021-02-27,Getafe,Valencia,3,0,H,2.5,3.0,3.1,2.66,2.95,3.25,0.4,0.3333,0.3226,1.0559,2020/2021,2,2021,football-data.co.uk,2026-05-11 11:53:34.057291
243,2021-02-28,Celta,Valladolid,1,1,D,1.75,3.75,4.5,1.76,4.01,4.82,0.5714,0.2667,0.2222,1.0603,2020/2021,2,2021,football-data.co.uk,2026-05-11 11:53:34.057291
244,2021-02-28,Cadiz,Betis,0,1,A,3.8,3.3,2.05,4.08,3.38,2.08,0.2632,0.303,0.4878,1.054,2020/2021,2,2021,football-data.co.uk,2026-05-11 11:53:34.057291
245,2021-02-28,Granada,Elche,2,1,H,2.1,3.1,4.0,2.14,3.13,4.24,0.4762,0.3226,0.25,1.0488,2020/2021,2,2021,football-data.co.uk,2026-05-11 11:53:34.057291
246,2021-02-28,Villarreal,Ath Madrid,0,2,A,3.2,3.1,2.45,3.31,3.03,2.57,0.3125,0.3226,0.4082,1.0432,2020/2021,2,2021,football-data.co.uk,2026-05-11 11:53:34.057291
247,2021-03-01,Real Madrid,Sociedad,1,1,D,1.83,4.0,4.0,1.89,3.82,4.27,0.5464,0.25,0.25,1.0464,2020/2021,3,2021,football-data.co.uk,2026-05-11 11:53:34.057291
248,2021-03-05,Valencia,Villarreal,2,1,H,4.0,3.4,1.95,4.18,3.48,2.01,0.25,0.2941,0.5128,1.0569,2020/2021,3,2021,football-data.co.uk,2026-05-11 11:53:34.057291
249,2021-03-06,Valladolid,Getafe,2,1,H,3.0,2.8,2.7,3.24,2.86,2.75,0.3333,0.3571,0.3704,1.0608,2020/2021,3,2021,football-data.co.uk,2026-05-11 11:53:34.057291
250,2021-03-06,Elche,Sevilla,2,1,H,6.5,3.6,1.6,7.04,3.58,1.66,0.1538,0.2778,0.625,1.0566,2020/2021,3,2021,football-data.co.uk,2026-05-11 11:53:34.057291
251,2021-03-06,Cadiz,Eibar,1,0,H,3.25,3.2,2.3,3.45,3.28,2.34,0.3077,0.3125,0.4348,1.055,2020/2021,3,2021,football-data.co.uk,2026-05-11 11:53:34.057291
252,2021-03-06,Osasuna,Barcelona,0,2,A,5.75,4.5,1.5,6.37,4.68,1.53,0.1739,0.2222,0.6667,1.0628,2020/2021,3,2021,football-data.co.uk,2026-05-11 11:53:34.057291
253,2021-03-07,Huesca,Celta,3,4,A,3.0,3.3,2.4,3.04,3.28,2.58,0.3333,0.303,0.4167,1.053,2020/2021,3,2021,football-data.co.uk,2026-05-11 11:53:34.057291
254,2021-03-07,Ath Madrid,Real Madrid,1,1,D,2.55,3.25,2.8,2.67,3.27,2.93,0.3922,0.3077,0.3571,1.057,2020/2021,3,2021,football-data.co.uk,2026-05-11 11:53:34.057291
255,2021-03-07,Sociedad,Levante,1,0,H,1.44,4.33,7.5,1.49,4.47,7.74,0.6944,0.2309,0.1333,1.0587,2020/2021,3,2021,football-data.co.uk,2026-05-11 11:53:34.057291
256,2021-03-07,Ath Bilbao,Granada,2,1,H,1.57,4.0,5.75,1.65,3.98,5.96,0.6369,0.25,0.1739,1.0609,2020/2021,3,2021,football-data.co.uk,2026-05-11 11:53:34.057291
257,2021-03-08,Betis,Alaves,3,2,H,1.72,3.8,4.75,1.76,3.89,5.05,0.5814,0.2632,0.2105,1.0551,2020/2021,3,2021,football-data.co.uk,2026-05-11 11:53:34.057291
258,2021-03-10,Ath Madrid,Ath Bilbao,2,1,H,1.8,3.3,5.25,1.83,3.33,5.61,0.5556,0.303,0.1905,1.0491,2020/2021,3,2021,football-data.co.uk,2026-05-11 11:53:34.057291
259,2021-03-12,Levante,Valencia,1,0,H,2.25,3.4,3.2,2.37,3.41,3.26,0.4444,0.2941,0.3125,1.0511,2020/2021,3,2021,football-data.co.uk,2026-05-11 11:53:34.057291
260,2021-03-13,Alaves,Cadiz,1,1,D,2.15,3.1,3.8,2.19,3.21,3.92,0.4651,0.3226,0.2632,1.0509,2020/2021,3,2021,football-data.co.uk,2026-05-11 11:53:34.057291
261,2021-03-13,Real Madrid,Elche,2,1,H,1.18,7.0,15.0,1.2,7.14,16.48,0.8475,0.1429,0.0667,1.057,2020/2021,3,2021,football-data.co.uk,2026-05-11 11:53:34.057291
262,2021-03-13,Osasuna,Valladolid,0,0,D,2.2,3.1,3.6,2.27,3.14,3.8,0.4545,0.3226,0.2778,1.0549,2020/2021,3,2021,football-data.co.uk,2026-05-11 11:53:34.057291
263,2021-03-13,Getafe,Ath Madrid,0,0,D,4.75,3.1,1.9,5.06,3.21,1.94,0.2105,0.3226,0.5263,1.0594,2020/2021,3,2021,football-data.co.uk,2026-05-11 11:53:34.057291
264,2021-03-14,Celta,Ath Bilbao,0,0,D,2.7,3.2,2.7,2.74,3.34,2.8,0.3704,0.3125,0.3704,1.0532,2020/2021,3,2021,football-data.co.uk,2026-05-11 11:53:34.057291
265,2021-03-14,Granada,Sociedad,1,0,H,5.5,4.2,1.57,5.82,4.15,1.63,0.1818,0.2381,0.6369,1.0569,2020/2021,3,2021,football-data.co.uk,2026-05-11 11:53:34.057291
266,2021-03-14,Eibar,Villarreal,1,3,A,2.9,3.4,2.4,3.08,3.55,2.4,0.3448,0.2941,0.4167,1.0556,2020/2021,3,2021,football-data.co.uk,2026-05-11 11:53:34.057291
267,2021-03-14,Sevilla,Betis,1,0,H,2.0,3.4,3.75,2.02,3.61,3.97,0.5,0.2941,0.2667,1.0608,2020/2021,3,2021,football-data.co.uk,2026-05-11 11:53:34.057291
268,2021-03-15,Barcelona,Huesca,4,1,H,1.18,7.5,13.0,1.21,7.32,14.34,0.8475,0.1333,0.0769,1.0577,2020/2021,3,2021,football-data.co.uk,2026-05-11 11:53:34.057291
269,2021-03-17,Sevilla,Elche,2,0,H,1.4,4.5,8.0,1.45,4.51,8.7,0.7143,0.2222,0.125,1.0615,2020/2021,3,2021,football-data.co.uk,2026-05-11 11:53:34.057291
270,2021-03-19,Betis,Levante,2,0,H,1.72,3.8,4.5,1.79,3.86,4.88,0.5814,0.2632,0.2222,1.0668,2020/2021,3,2021,football-data.co.uk,2026-05-11 11:53:34.057291
271,2021-03-20,Ath Bilbao,Eibar,1,1,D,1.75,3.6,4.75,1.84,3.74,4.71,0.5714,0.2778,0.2105,1.0597,2020/2021,3,2021,football-data.co.uk,2026-05-11 11:53:34.057291
272,2021-03-20,Celta,Real Madrid,1,3,A,4.33,4.0,1.72,4.72,4.06,1.77,0.2309,0.25,0.5814,1.0623,2020/2021,3,2021,football-data.co.uk,2026-05-11 11:53:34.057291
273,2021-03-20,Huesca,Osasuna,0,0,D,2.45,3.2,3.0,2.6,3.2,3.08,0.4082,0.3125,0.3333,1.054,2020/2021,3,2021,football-data.co.uk,2026-05-11 11:53:34.057291
274,2021-03-20,Valladolid,Sevilla,1,1,D,4.33,3.5,1.83,4.96,3.47,1.87,0.2309,0.2857,0.5464,1.0631,2020/2021,3,2021,football-data.co.uk,2026-05-11 11:53:34.057291
275,2021-03-21,Getafe,Elche,1,1,D,1.83,3.25,4.75,1.93,3.13,5.37,0.5464,0.3077,0.2105,1.0647,2020/2021,3,2021,football-data.co.uk,2026-05-11 11:53:34.057291
276,2021-03-21,Valencia,Granada,2,1,H,2.0,3.5,3.75,2.07,3.53,3.89,0.5,0.2857,0.2667,1.0524,2020/2021,3,2021,football-data.co.uk,2026-05-11 11:53:34.057291
277,2021-03-21,Villarreal,Cadiz,2,1,H,1.44,4.2,7.5,1.41,4.57,10.12,0.6944,0.2381,0.1333,1.0659,2020/2021,3,2021,football-data.co.uk,2026-05-11 11:53:34.057291
278,2021-03-21,Ath Madrid,Alaves,1,0,H,1.36,4.5,10.0,1.35,4.87,12.19,0.7353,0.2222,0.1,1.0575,2020/2021,3,2021,football-data.co.uk,2026-05-11 11:53:34.057291
279,2021-03-21,Sociedad,Barcelona,1,6,A,3.6,3.8,1.95,3.62,4.01,2.01,0.2778,0.2632,0.5128,1.0538,2020/2021,3,2021,football-data.co.uk,2026-05-11 11:53:34.057291
280,2021-04-02,Levante,Huesca,0,2,A,2.37,3.3,3.0,2.43,3.44,3.12,0.4219,0.303,0.3333,1.0583,2020/2021,4,2021,football-data.co.uk,2026-05-11 11:53:34.057291
281,2021-04-03,Granada,Villarreal,0,3,A,3.8,3.3,2.05,3.91,3.37,2.12,0.2632,0.303,0.4878,1.054,2020/2021,4,2021,football-data.co.uk,2026-05-11 11:53:34.057291
282,2021-04-03,Real Madrid,Eibar,2,0,H,1.33,5.5,8.0,1.36,5.26,9.7,0.7519,0.1818,0.125,1.0587,2020/2021,4,2021,football-data.co.uk,2026-05-11 11:53:34.057291
283,2021-04-03,Osasuna,Getafe,0,0,D,2.55,2.8,3.2,2.81,2.81,3.23,0.3922,0.3571,0.3125,1.0618,2020/2021,4,2021,football-data.co.uk,2026-05-11 11:53:34.057291
284,2021-04-04,Alaves,Celta,1,3,A,3.0,3.2,2.5,3.08,3.23,2.58,0.3333,0.3125,0.4,1.0458,2020/2021,4,2021,football-data.co.uk,2026-05-11 11:53:34.057291
285,2021-04-04,Elche,Betis,1,1,D,4.33,3.75,1.8,4.68,3.67,1.86,0.2309,0.2667,0.5556,1.0532,2020/2021,4,2021,football-data.co.uk,2026-05-11 11:53:34.057291
286,2021-04-04,Cadiz,Valencia,2,1,H,3.1,3.1,2.45,3.25,3.17,2.51,0.3226,0.3226,0.4082,1.0533,2020/2021,4,2021,football-data.co.uk,2026-05-11 11:53:34.057291
287,2021-04-04,Sevilla,Ath Madrid,1,0,H,2.9,3.0,2.7,2.95,3.15,2.74,0.3448,0.3333,0.3704,1.0485,2020/2021,4,2021,football-data.co.uk,2026-05-11 11:53:34.057291
288,2021-04-05,Barcelona,Valladolid,1,0,H,1.12,9.0,19.0,1.13,9.82,22.55,0.8929,0.1111,0.0526,1.0566,2020/2021,4,2021,football-data.co.uk,2026-05-11 11:53:34.057291
289,2021-04-07,Sociedad,Ath Bilbao,1,1,D,2.1,3.3,3.6,2.25,3.22,3.75,0.4762,0.303,0.2778,1.057,2020/2021,4,2021,football-data.co.uk,2026-05-11 11:53:34.057291
290,2021-04-09,Huesca,Elche,3,1,H,2.0,3.2,4.1,2.08,3.26,4.23,0.5,0.3125,0.2439,1.0564,2020/2021,4,2021,football-data.co.uk,2026-05-11 11:53:34.057291
291,2021-04-10,Getafe,Cadiz,0,1,A,1.9,3.1,4.5,1.97,3.17,5.01,0.5263,0.3226,0.2222,1.0711,2020/2021,4,2021,football-data.co.uk,2026-05-11 11:53:34.057291
292,2021-04-10,Ath Bilbao,Alaves,0,0,D,1.9,3.3,4.4,1.94,3.42,4.6,0.5263,0.303,0.2273,1.0566,2020/2021,4,2021,football-data.co.uk,2026-05-11 11:53:34.057291
293,2021-04-10,Eibar,Levante,0,1,A,2.2,3.5,3.1,2.25,3.51,3.42,0.4545,0.2857,0.3226,1.0628,2020/2021,4,2021,football-data.co.uk,2026-05-11 11:53:34.057291
294,2021-04-10,Real Madrid,Barcelona,2,1,H,2.8,3.8,2.3,2.97,3.89,2.33,0.3571,0.2632,0.4348,1.0551,2020/2021,4,2021,football-data.co.uk,2026-05-11 11:53:34.057291
295,2021-04-11,Villarreal,Osasuna,1,2,A,1.61,3.6,6.0,1.71,3.69,5.89,0.6211,0.2778,0.1667,1.0656,2020/2021,4,2021,football-data.co.uk,2026-05-11 11:53:34.057291
296,2021-04-11,Valencia,Sociedad,2,2,D,3.5,3.3,2.1,3.69,3.29,2.23,0.2857,0.303,0.4762,1.0649,2020/2021,4,2021,football-data.co.uk,2026-05-11 11:53:34.057291
297,2021-04-11,Valladolid,Granada,1,2,A,2.05,3.4,3.6,2.19,3.4,3.67,0.4878,0.2941,0.2778,1.0597,2020/2021,4,2021,football-data.co.uk,2026-05-11 11:53:34.057291
298,2021-04-11,Betis,Ath Madrid,1,1,D,3.25,3.2,2.3,3.41,3.12,2.45,0.3077,0.3125,0.4348,1.055,2020/2021,4,2021,football-data.co.uk,2026-05-11 11:53:34.057291
299,2021-04-12,Celta,Sevilla,3,4,A,3.5,3.3,2.15,3.6,3.36,2.24,0.2857,0.303,0.4651,1.0539,2020/2021,4,2021,football-data.co.uk,2026-05-11 11:53:34.057291
300,2021-04-18,Osasuna,Elche,2,0,H,1.9,3.3,4.33,2.0,3.26,4.63,0.5263,0.303,0.2309,1.0603,2020/2021,4,2021,football-data.co.uk,2026-05-11 11:53:34.057291
301,2021-04-18,Sociedad,Sevilla,1,2,A,2.9,3.25,2.45,2.94,3.38,2.59,0.3448,0.3077,0.4082,1.0607,2020/2021,4,2021,football-data.co.uk,2026-05-11 11:53:34.057291
302,2021-04-18,Alaves,Huesca,1,0,H,2.37,3.1,3.25,2.52,3.17,3.22,0.4219,0.3226,0.3077,1.0522,2020/2021,4,2021,football-data.co.uk,2026-05-11 11:53:34.057291
303,2021-04-18,Ath Madrid,Eibar,5,0,H,1.4,4.33,9.0,1.45,4.32,9.53,0.7143,0.2309,0.1111,1.0563,2020/2021,4,2021,football-data.co.uk,2026-05-11 11:53:34.057291
304,2021-04-18,Betis,Valencia,2,2,D,1.85,3.6,4.2,1.89,3.73,4.41,0.5405,0.2778,0.2381,1.0564,2020/2021,4,2021,football-data.co.uk,2026-05-11 11:53:34.057291
305,2021-04-18,Cadiz,Celta,0,0,D,3.6,3.5,2.05,3.73,3.52,2.12,0.2778,0.2857,0.4878,1.0513,2020/2021,4,2021,football-data.co.uk,2026-05-11 11:53:34.057291
306,2021-04-18,Getafe,Real Madrid,0,0,D,6.0,3.75,1.61,6.18,3.77,1.67,0.1667,0.2667,0.6211,1.0545,2020/2021,4,2021,football-data.co.uk,2026-05-11 11:53:34.057291
307,2021-04-18,Levante,Villarreal,1,5,A,3.75,3.4,2.05,3.98,3.44,2.08,0.2667,0.2941,0.4878,1.0486,2020/2021,4,2021,football-data.co.uk,2026-05-11 11:53:34.057291
308,2021-04-21,Levante,Sevilla,0,1,A,5.0,4.2,1.61,5.14,4.34,1.67,0.2,0.2381,0.6211,1.0592,2020/2021,4,2021,football-data.co.uk,2026-05-11 11:53:34.057291
309,2021-04-21,Osasuna,Valencia,3,1,H,2.3,3.25,3.2,2.52,3.13,3.27,0.4348,0.3077,0.3125,1.055,2020/2021,4,2021,football-data.co.uk,2026-05-11 11:53:34.057291
310,2021-04-21,Betis,Ath Bilbao,0,0,D,2.37,3.3,3.0,2.44,3.41,3.13,0.4219,0.303,0.3333,1.0583,2020/2021,4,2021,football-data.co.uk,2026-05-11 11:53:34.057291
311,2021-04-21,Alaves,Villarreal,2,1,H,4.33,3.6,1.83,4.5,3.65,1.89,0.2309,0.2778,0.5464,1.0552,2020/2021,4,2021,football-data.co.uk,2026-05-11 11:53:34.057291
312,2021-04-21,Elche,Valladolid,1,1,D,2.8,3.0,2.7,2.96,3.06,2.8,0.3571,0.3333,0.3704,1.0608,2020/2021,4,2021,football-data.co.uk,2026-05-11 11:53:34.057291
313,2021-04-21,Cadiz,Real Madrid,0,3,A,9.0,4.75,1.36,8.7,4.58,1.39,0.1111,0.2105,0.7353,1.0569,2020/2021,4,2021,football-data.co.uk,2026-05-11 11:53:34.057291
314,2021-04-22,Ath Madrid,Huesca,2,0,H,1.36,4.75,9.0,1.41,4.81,9.12,0.7353,0.2105,0.1111,1.0569,2020/2021,4,2021,football-data.co.uk,2026-05-11 11:53:34.057291
315,2021-04-22,Granada,Eibar,4,1,H,2.37,3.1,3.2,2.46,3.16,3.36,0.4219,0.3226,0.3125,1.057,2020/2021,4,2021,football-data.co.uk,2026-05-11 11:53:34.057291
316,2021-04-22,Sociedad,Celta,2,1,H,1.9,3.5,4.1,1.91,3.67,4.38,0.5263,0.2857,0.2439,1.0559,2020/2021,4,2021,football-data.co.uk,2026-05-11 11:53:34.057291
317,2021-04-22,Barcelona,Getafe,5,2,H,1.25,5.75,13.0,1.23,6.53,15.15,0.8,0.1739,0.0769,1.0508,2020/2021,4,2021,football-data.co.uk,2026-05-11 11:53:34.057291
318,2021-04-24,Elche,Levante,1,0,H,2.7,3.2,2.6,2.76,3.35,2.77,0.3704,0.3125,0.3846,1.0675,2020/2021,4,2021,football-data.co.uk,2026-05-11 11:53:34.057291
319,2021-04-24,Valladolid,Cadiz,1,1,D,1.9,3.25,4.33,1.96,3.39,4.55,0.5263,0.3077,0.2309,1.065,2020/2021,4,2021,football-data.co.uk,2026-05-11 11:53:34.057291
320,2021-04-24,Valencia,Alaves,1,1,D,2.1,3.25,3.6,2.16,3.29,3.91,0.4762,0.3077,0.2778,1.0617,2020/2021,4,2021,football-data.co.uk,2026-05-11 11:53:34.057291
321,2021-04-24,Real Madrid,Betis,0,0,D,1.45,4.75,6.5,1.52,4.61,6.69,0.6897,0.2105,0.1538,1.054,2020/2021,4,2021,football-data.co.uk,2026-05-11 11:53:34.057291
322,2021-04-25,Huesca,Getafe,0,2,A,2.75,2.9,2.8,3.0,2.96,2.85,0.3636,0.3448,0.3571,1.0656,2020/2021,4,2021,football-data.co.uk,2026-05-11 11:53:34.057291
323,2021-04-25,Villarreal,Barcelona,1,2,A,4.5,4.2,1.66,4.78,4.61,1.67,0.2222,0.2381,0.6024,1.0627,2020/2021,4,2021,football-data.co.uk,2026-05-11 11:53:34.057291
324,2021-04-25,Celta,Osasuna,2,1,H,2.2,3.3,3.25,2.25,3.56,3.36,0.4545,0.303,0.3077,1.0653,2020/2021,4,2021,football-data.co.uk,2026-05-11 11:53:34.057291
325,2021-04-25,Sevilla,Granada,2,1,H,1.4,4.75,7.5,1.41,4.96,8.52,0.7143,0.2105,0.1333,1.0581,2020/2021,4,2021,football-data.co.uk,2026-05-11 11:53:34.057291
326,2021-04-25,Ath Bilbao,Ath Madrid,2,1,H,4.0,3.5,1.85,4.46,3.39,1.98,0.25,0.2857,0.5405,1.0763,2020/2021,4,2021,football-data.co.uk,2026-05-11 11:53:34.057291
327,2021-04-26,Eibar,Sociedad,0,1,A,4.0,3.6,1.85,4.42,3.66,1.91,0.25,0.2778,0.5405,1.0683,2020/2021,4,2021,football-data.co.uk,2026-05-11 11:53:34.057291
328,2021-04-28,Ath Bilbao,Valladolid,2,2,D,1.85,3.2,5.0,1.9,3.19,5.4,0.5405,0.3125,0.2,1.053,2020/2021,4,2021,football-data.co.uk,2026-05-11 11:53:34.057291
329,2021-04-29,Barcelona,Granada,1,2,A,1.14,8.0,17.0,1.16,8.78,19.0,0.8772,0.125,0.0588,1.061,2020/2021,4,2021,football-data.co.uk,2026-05-11 11:53:34.057291
330,2021-04-30,Celta,Levante,2,0,H,1.8,3.75,4.33,1.88,3.66,4.52,0.5556,0.2667,0.2309,1.0532,2020/2021,4,2021,football-data.co.uk,2026-05-11 11:53:34.057291
331,2021-05-01,Eibar,Alaves,3,0,H,2.5,3.1,3.0,2.59,3.19,3.11,0.4,0.3226,0.3333,1.0559,2020/2021,5,2021,football-data.co.uk,2026-05-11 11:53:34.057291
332,2021-05-01,Elche,Ath Madrid,0,1,A,9.0,4.33,1.4,9.5,4.68,1.41,0.1111,0.2309,0.7143,1.0563,2020/2021,5,2021,football-data.co.uk,2026-05-11 11:53:34.057291
333,2021-05-01,Huesca,Sociedad,1,0,H,3.75,3.5,2.0,3.85,3.52,2.09,0.2667,0.2857,0.5,1.0524,2020/2021,5,2021,football-data.co.uk,2026-05-11 11:53:34.057291
334,2021-05-01,Real Madrid,Osasuna,2,0,H,1.36,5.0,8.5,1.38,5.14,9.17,0.7353,0.2,0.1176,1.0529,2020/2021,5,2021,football-data.co.uk,2026-05-11 11:53:34.057291
335,2021-05-02,Valladolid,Betis,1,1,D,3.0,3.5,2.3,3.31,3.58,2.27,0.3333,0.2857,0.4348,1.0538,2020/2021,5,2021,football-data.co.uk,2026-05-11 11:53:34.057291
336,2021-05-02,Villarreal,Getafe,1,0,H,2.1,2.9,4.1,2.24,3.08,3.97,0.4762,0.3448,0.2439,1.0649,2020/2021,5,2021,football-data.co.uk,2026-05-11 11:53:34.057291
337,2021-05-02,Granada,Cadiz,0,1,A,1.85,3.3,4.75,1.83,3.53,5.12,0.5405,0.303,0.2105,1.0541,2020/2021,5,2021,football-data.co.uk,2026-05-11 11:53:34.057291
338,2021-05-02,Valencia,Barcelona,2,3,A,7.0,5.5,1.36,7.12,5.55,1.42,0.1429,0.1818,0.7353,1.06,2020/2021,5,2021,football-data.co.uk,2026-05-11 11:53:34.057291
339,2021-05-03,Sevilla,Ath Bilbao,0,1,A,1.57,4.0,5.75,1.62,4.12,6.12,0.6369,0.25,0.1739,1.0609,2020/2021,5,2021,football-data.co.uk,2026-05-11 11:53:34.057291
340,2021-05-07,Sociedad,Elche,2,0,H,1.45,4.1,8.0,1.51,4.16,8.15,0.6897,0.2439,0.125,1.0586,2020/2021,5,2021,football-data.co.uk,2026-05-11 11:53:34.057291
341,2021-05-08,Alaves,Levante,2,2,D,2.1,3.4,3.5,2.24,3.31,3.64,0.4762,0.2941,0.2857,1.056,2020/2021,5,2021,football-data.co.uk,2026-05-11 11:53:34.057291
342,2021-05-08,Barcelona,Ath Madrid,0,0,D,1.75,3.8,4.5,1.83,3.75,4.73,0.5714,0.2632,0.2222,1.0568,2020/2021,5,2021,football-data.co.uk,2026-05-11 11:53:34.057291
343,2021-05-08,Cadiz,Huesca,2,1,H,3.6,3.2,2.15,3.74,3.32,2.2,0.2778,0.3125,0.4651,1.0554,2020/2021,5,2021,football-data.co.uk,2026-05-11 11:53:34.057291
344,2021-05-08,Ath Bilbao,Osasuna,2,2,D,1.8,3.5,4.75,1.83,3.7,4.85,0.5556,0.2857,0.2105,1.0518,2020/2021,5,2021,football-data.co.uk,2026-05-11 11:53:34.057291
345,2021-05-09,Getafe,Eibar,0,1,A,2.15,3.1,3.75,2.31,3.12,3.71,0.4651,0.3226,0.2667,1.0544,2020/2021,5,2021,football-data.co.uk,2026-05-11 11:53:34.057291
346,2021-05-09,Valencia,Valladolid,3,0,H,2.05,3.3,3.8,2.05,3.39,4.18,0.4878,0.303,0.2632,1.054,2020/2021,5,2021,football-data.co.uk,2026-05-11 11:53:34.057291
347,2021-05-09,Villarreal,Celta,2,4,A,1.95,3.6,3.8,2.02,3.79,3.78,0.5128,0.2778,0.2632,1.0538,2020/2021,5,2021,football-data.co.uk,2026-05-11 11:53:34.057291
348,2021-05-09,Real Madrid,Sevilla,2,2,D,1.9,3.75,3.75,2.02,3.74,3.84,0.5263,0.2667,0.2667,1.0596,2020/2021,5,2021,football-data.co.uk,2026-05-11 11:53:34.057291
349,2021-05-10,Betis,Granada,2,1,H,1.75,3.8,4.75,1.84,3.69,4.76,0.5714,0.2632,0.2105,1.0451,2020/2021,5,2021,football-data.co.uk,2026-05-11 11:53:34.057291
350,2021-05-11,Osasuna,Cadiz,3,2,H,1.95,3.4,4.0,2.0,3.46,4.26,0.5128,0.2941,0.25,1.0569,2020/2021,5,2021,football-data.co.uk,2026-05-11 11:53:34.057291
351,2021-05-11,Elche,Alaves,0,2,A,2.9,3.0,2.6,2.98,3.09,2.75,0.3448,0.3333,0.3846,1.0628,2020/2021,5,2021,football-data.co.uk,2026-05-11 11:53:34.057291
352,2021-05-11,Levante,Barcelona,3,3,D,12.0,8.0,1.18,11.38,7.61,1.23,0.0833,0.125,0.8475,1.0558,2020/2021,5,2021,football-data.co.uk,2026-05-11 11:53:34.057291
353,2021-05-12,Sevilla,Valencia,1,0,H,1.44,4.5,7.0,1.47,4.84,7.34,0.6944,0.2222,0.1429,1.0595,2020/2021,5,2021,football-data.co.uk,2026-05-11 11:53:34.057291
354,2021-05-12,Celta,Getafe,1,0,H,2.35,3.25,3.0,2.43,3.32,3.24,0.4255,0.3077,0.3333,1.0666,2020/2021,5,2021,football-data.co.uk,2026-05-11 11:53:34.057291
355,2021-05-12,Huesca,Ath Bilbao,1,0,H,2.5,3.2,2.9,2.63,3.31,2.94,0.4,0.3125,0.3448,1.0573,2020/2021,5,2021,football-data.co.uk,2026-05-11 11:53:34.057291
356,2021-05-12,Ath Madrid,Sociedad,2,1,H,1.6,4.0,5.5,1.61,4.05,6.36,0.625,0.25,0.1818,1.0568,2020/2021,5,2021,football-data.co.uk,2026-05-11 11:53:34.057291
357,2021-05-13,Valladolid,Villarreal,0,2,A,3.8,3.5,1.95,4.0,3.7,1.99,0.2632,0.2857,0.5128,1.0617,2020/2021,5,2021,football-data.co.uk,2026-05-11 11:53:34.057291
358,2021-05-13,Eibar,Betis,1,1,D,2.8,3.25,2.55,2.86,3.57,2.55,0.3571,0.3077,0.3922,1.057,2020/2021,5,2021,football-data.co.uk,2026-05-11 11:53:34.057291
359,2021-05-13,Granada,Real Madrid,1,4,A,8.0,4.5,1.4,8.12,5.2,1.41,0.125,0.2222,0.7143,1.0615,2020/2021,5,2021,football-data.co.uk,2026-05-11 11:53:34.057291
360,2021-05-16,Alaves,Granada,4,2,H,1.83,3.75,4.0,1.9,3.73,4.26,0.5464,0.2667,0.25,1.0631,2020/2021,5,2021,football-data.co.uk,2026-05-11 11:53:34.057291
361,2021-05-16,Ath Bilbao,Real Madrid,0,1,A,5.0,4.2,1.6,5.49,4.47,1.61,0.2,0.2381,0.625,1.0631,2020/2021,5,2021,football-data.co.uk,2026-05-11 11:53:34.057291
362,2021-05-16,Ath Madrid,Osasuna,2,1,H,1.22,5.75,15.0,1.24,6.32,14.31,0.8197,0.1739,0.0667,1.0603,2020/2021,5,2021,football-data.co.uk,2026-05-11 11:53:34.057291
363,2021-05-16,Barcelona,Celta,1,2,A,1.2,7.5,11.0,1.26,6.68,10.93,0.8333,0.1333,0.0909,1.0576,2020/2021,5,2021,football-data.co.uk,2026-05-11 11:53:34.057291
364,2021-05-16,Betis,Huesca,1,0,H,1.75,3.8,4.33,1.9,3.85,4.1,0.5714,0.2632,0.2309,1.0655,2020/2021,5,2021,football-data.co.uk,2026-05-11 11:53:34.057291
365,2021-05-16,Cadiz,Elche,1,3,A,3.2,3.1,2.35,3.35,3.21,2.38,0.3125,0.3226,0.4255,1.0606,2020/2021,5,2021,football-data.co.uk,2026-05-11 11:53:34.057291
366,2021-05-16,Getafe,Levante,2,1,H,1.61,3.8,5.75,1.63,4.08,5.81,0.6211,0.2632,0.1739,1.0582,2020/2021,5,2021,football-data.co.uk,2026-05-11 11:53:34.057291
367,2021-05-16,Sociedad,Valladolid,4,1,H,1.61,3.75,6.0,1.65,3.86,6.05,0.6211,0.2667,0.1667,1.0545,2020/2021,5,2021,football-data.co.uk,2026-05-11 11:53:34.057291
368,2021-05-16,Valencia,Eibar,4,1,H,2.87,3.4,2.37,2.89,3.48,2.52,0.3484,0.2941,0.4219,1.0645,2020/2021,5,2021,football-data.co.uk,2026-05-11 11:53:34.057291
369,2021-05-16,Villarreal,Sevilla,4,0,H,2.37,3.4,2.87,2.45,3.58,2.93,0.4219,0.2941,0.3484,1.0645,2020/2021,5,2021,football-data.co.uk,2026-05-11 11:53:34.057291
370,2021-05-21,Levante,Cadiz,2,2,D,1.75,4.1,4.1,1.82,4.11,4.22,0.5714,0.2439,0.2439,1.0592,2020/2021,5,2021,football-data.co.uk,2026-05-11 11:53:34.057291
371,2021-05-22,Celta,Betis,2,3,A,3.2,3.8,2.1,3.29,3.84,2.15,0.3125,0.2632,0.4762,1.0518,2020/2021,5,2021,football-data.co.uk,2026-05-11 11:53:34.057291
372,2021-05-22,Eibar,Barcelona,0,1,A,4.33,4.75,1.65,4.51,4.21,1.67,0.2309,0.2105,0.6061,1.0475,2020/2021,5,2021,football-data.co.uk,2026-05-11 11:53:34.057291
373,2021-05-22,Elche,Ath Bilbao,2,0,H,1.95,3.6,3.8,2.05,3.64,3.73,0.5128,0.2778,0.2632,1.0538,2020/2021,5,2021,football-data.co.uk,2026-05-11 11:53:34.057291
374,2021-05-22,Huesca,Valencia,0,0,D,1.65,4.2,5.0,1.7,4.33,4.75,0.6061,0.2381,0.2,1.0442,2020/2021,5,2021,football-data.co.uk,2026-05-11 11:53:34.057291
375,2021-05-22,Osasuna,Sociedad,0,1,A,5.0,4.33,1.61,4.99,4.59,1.64,0.2,0.2309,0.6211,1.0521,2020/2021,5,2021,football-data.co.uk,2026-05-11 11:53:34.057291
376,2021-05-22,Real Madrid,Villarreal,2,1,H,1.4,5.0,6.5,1.43,5.23,7.23,0.7143,0.2,0.1538,1.0681,2020/2021,5,2021,football-data.co.uk,2026-05-11 11:53:34.057291
377,2021-05-22,Valladolid,Ath Madrid,1,2,A,9.0,5.25,1.33,9.45,5.47,1.35,0.1111,0.1905,0.7519,1.0535,2020/2021,5,2021,football-data.co.uk,2026-05-11 11:53:34.057291
378,2021-05-23,Granada,Getafe,0,0,D,2.62,3.4,2.6,2.82,3.42,2.61,0.3817,0.2941,0.3846,1.0604,2020/2021,5,2021,football-data.co.uk,2026-05-11 11:53:34.057291
379,2021-05-23,Sevilla,Alaves,1,0,H,1.5,4.33,6.5,1.57,4.23,6.41,0.6667,0.2309,0.1538,1.0515,2020/2021,5,2021,football-data.co.uk,2026-05-11 11:53:34.057291
8589934592,2021-08-13,Valencia,Getafe,1,0,H,2.55,3.0,3.1,2.7,3.03,3.11,0.3922,0.3333,0.3226,1.0481,2021/2022,8,2021,football-data.co.uk,2026-05-11 11:53:34.057291
8589934593,2021-08-14,Cadiz,Levante,1,1,D,2.8,3.25,2.6,2.86,3.28,2.73,0.3571,0.3077,0.3846,1.0495,2021/2022,8,2021,football-data.co.uk,2026-05-11 11:53:34.057291
8589934594,2021-08-14,Mallorca,Betis,1,1,D,3.3,3.4,2.2,3.51,3.35,2.28,0.303,0.2941,0.4545,1.0517,2021/2022,8,2021,football-data.co.uk,2026-05-11 11:53:34.057291
8589934595,2021-08-14,Alaves,Real Madrid,1,4,A,7.0,4.75,1.44,7.48,4.64,1.48,0.1429,0.2105,0.6944,1.0478,2021/2022,8,2021,football-data.co.uk,2026-05-11 11:53:34.057291
8589934596,2021-08-14,Osasuna,Espanol,0,0,D,2.25,3.2,3.4,2.34,3.35,3.37,0.4444,0.3125,0.2941,1.0511,2021/2022,8,2021,football-data.co.uk,2026-05-11 11:53:34.057291
8589934597,2021-08-15,Celta,Ath Madrid,1,2,A,4.2,3.4,1.9,4.41,3.25,2.05,0.2381,0.2941,0.5263,1.0585,2021/2022,8,2021,football-data.co.uk,2026-05-11 11:53:34.057291
8589934598,2021-08-15,Barcelona,Sociedad,4,2,H,1.72,4.0,4.5,1.75,4.2,4.62,0.5814,0.25,0.2222,1.0536,2021/2022,8,2021,football-data.co.uk,2026-05-11 11:53:34.057291
8589934599,2021-08-15,Sevilla,Vallecano,3,0,H,1.44,4.2,8.0,1.44,4.68,8.37,0.6944,0.2381,0.125,1.0575,2021/2022,8,2021,football-data.co.uk,2026-05-11 11:53:34.057291
8589934600,2021-08-16,Villarreal,Granada,0,0,D,1.53,4.2,6.5,1.56,4.35,6.51,0.6536,0.2381,0.1538,1.0455,2021/2022,8,2021,football-data.co.uk,2026-05-11 11:53:34.057291
8589934601,2021-08-16,Elche,Ath Bilbao,0,0,D,3.8,3.3,2.05,3.93,3.36,2.13,0.2632,0.303,0.4878,1.054,2021/2022,8,2021,football-data.co.uk,2026-05-11 11:53:34.057291
8589934602,2021-08-20,Betis,Cadiz,1,1,D,1.5,4.2,7.0,1.52,4.4,7.09,0.6667,0.2381,0.1429,1.0476,2021/2022,8,2021,football-data.co.uk,2026-05-11 11:53:34.057291
8589934603,2021-08-21,Alaves,Mallorca,0,1,A,2.25,3.2,3.4,2.32,3.26,3.51,0.4444,0.3125,0.2941,1.0511,2021/2022,8,2021,football-data.co.uk,2026-05-11 11:53:34.057291
8589934604,2021-08-21,Espanol,Villarreal,0,0,D,3.1,3.4,2.3,3.15,3.51,2.38,0.3226,0.2941,0.4348,1.0515,2021/2022,8,2021,football-data.co.uk,2026-05-11 11:53:34.057291
8589934605,2021-08-21,Granada,Valencia,1,1,D,2.45,3.4,2.87,2.59,3.33,2.98,0.4082,0.2941,0.3484,1.0507,2021/2022,8,2021,football-data.co.uk,2026-05-11 11:53:34.057291
8589934606,2021-08-21,Ath Bilbao,Barcelona,1,1,D,4.0,3.75,1.85,4.33,3.66,1.93,0.25,0.2667,0.5405,1.0572,2021/2022,8,2021,football-data.co.uk,2026-05-11 11:53:34.057291
8589934607,2021-08-22,Sociedad,Vallecano,1,0,H,1.44,4.33,7.5,1.47,4.57,8.02,0.6944,0.2309,0.1333,1.0587,2021/2022,8,2021,football-data.co.uk,2026-05-11 11:53:34.057291
8589934608,2021-08-22,Ath Madrid,Elche,1,0,H,1.22,5.75,17.0,1.22,6.51,19.95,0.8197,0.1739,0.0588,1.0524,2021/2022,8,2021,football-data.co.uk,2026-05-11 11:53:34.057291
8589934609,2021-08-22,Levante,Real Madrid,3,3,D,5.0,4.33,1.6,5.05,4.32,1.68,0.2,0.2309,0.625,1.0559,2021/2022,8,2021,football-data.co.uk,2026-05-11 11:53:34.057291
8589934610,2021-08-23,Getafe,Sevilla,0,1,A,3.5,3.2,2.2,3.64,3.23,2.28,0.2857,0.3125,0.4545,1.0528,2021/2022,8,2021,football-data.co.uk,2026-05-11 11:53:34.057291
8589934611,2021-08-23,Osasuna,Celta,0,0,D,2.62,3.25,2.75,2.77,3.21,2.87,0.3817,0.3077,0.3636,1.053,2021/2022,8,2021,football-data.co.uk,2026-05-11 11:53:34.057291
8589934612,2021-08-27,Mallorca,Espanol,1,0,H,2.6,2.9,3.1,2.69,2.99,3.17,0.3846,0.3448,0.3226,1.052,2021/2022,8,2021,football-data.co.uk,2026-05-11 11:53:34.057291
8589934613,2021-08-27,Valencia,Alaves,3,0,H,1.75,3.6,4.75,1.78,3.61,5.44,0.5714,0.2778,0.2105,1.0597,2021/2022,8,2021,football-data.co.uk,2026-05-11 11:53:34.057291
8589934614,2021-08-28,Celta,Ath Bilbao,0,1,A,2.4,3.2,3.1,2.54,3.24,3.13,0.4167,0.3125,0.3226,1.0517,2021/2022,8,2021,football-data.co.uk,2026-05-11 11:53:34.057291
8589934615,2021-08-28,Elche,Sevilla,1,1,D,5.0,3.6,1.72,5.5,3.48,1.8,0.2,0.2778,0.5814,1.0592,2021/2022,8,2021,football-data.co.uk,2026-05-11 11:53:34.057291
8589934616,2021-08-28,Sociedad,Levante,1,0,H,1.53,4.2,6.0,1.58,4.29,6.33,0.6536,0.2381,0.1667,1.0584,2021/2022,8,2021,football-data.co.uk,2026-05-11 11:53:34.057291
8589934617,2021-08-28,Betis,Real Madrid,0,1,A,4.2,3.8,1.8,4.32,3.88,1.87,0.2381,0.2632,0.5556,1.0568,2021/2022,8,2021,football-data.co.uk,2026-05-11 11:53:34.057291
8589934618,2021-08-29,Barcelona,Getafe,2,1,H,1.4,4.75,7.5,1.4,4.89,9.26,0.7143,0.2105,0.1333,1.0581,2021/2022,8,2021,football-data.co.uk,2026-05-11 11:53:34.057291
8589934619,2021-08-29,Cadiz,Osasuna,2,3,A,3.2,3.0,2.45,3.3,3.15,2.49,0.3125,0.3333,0.4082,1.054,2021/2022,8,2021,football-data.co.uk,2026-05-11 11:53:34.057291
8589934620,2021-08-29,Vallecano,Granada,4,0,H,2.55,3.2,2.87,2.63,3.3,2.95,0.3922,0.3125,0.3484,1.0531,2021/2022,8,2021,football-data.co.uk,2026-05-11 11:53:34.057291
8589934621,2021-08-29,Ath Madrid,Villarreal,2,2,D,1.75,3.4,5.25,1.78,3.52,5.68,0.5714,0.2941,0.1905,1.056,2021/2022,8,2021,football-data.co.uk,2026-05-11 11:53:34.057291
8589934622,2021-09-11,Levante,Vallecano,1,1,D,2.1,3.4,3.5,2.13,3.53,3.71,0.4762,0.2941,0.2857,1.056,2021/2022,9,2021,football-data.co.uk,2026-05-11 11:53:34.057291
8589934623,2021-09-11,Ath Bilbao,Mallorca,2,0,H,1.72,3.6,5.25,1.74,3.76,5.52,0.5814,0.2778,0.1905,1.0496,2021/2022,9,2021,football-data.co.uk,2026-05-11 11:53:34.057291
8589934624,2021-09-12,Espanol,Ath Madrid,1,2,A,4.33,3.3,1.9,4.38,3.53,1.95,0.2309,0.303,0.5263,1.0603,2021/2022,9,2021,football-data.co.uk,2026-05-11 11:53:34.057291
8589934625,2021-09-12,Osasuna,Valencia,1,4,A,2.4,3.2,3.1,2.5,3.17,3.26,0.4167,0.3125,0.3226,1.0517,2021/2022,9,2021,football-data.co.uk,2026-05-11 11:53:34.057291
8589934626,2021-09-12,Cadiz,Sociedad,0,2,A,5.0,3.6,1.75,5.67,3.5,1.78,0.2,0.2778,0.5714,1.0492,2021/2022,9,2021,football-data.co.uk,2026-05-11 11:53:34.057291
8589934627,2021-09-12,Real Madrid,Celta,5,2,H,1.36,5.25,8.0,1.38,5.48,8.4,0.7353,0.1905,0.125,1.0508,2021/2022,9,2021,football-data.co.uk,2026-05-11 11:53:34.057291
8589934628,2021-09-13,Getafe,Elche,0,1,A,1.8,3.4,4.75,1.87,3.48,4.94,0.5556,0.2941,0.2105,1.0602,2021/2022,9,2021,football-data.co.uk,2026-05-11 11:53:34.057291
8589934629,2021-09-13,Granada,Betis,1,2,A,3.1,3.25,2.37,3.13,3.38,2.46,0.3226,0.3077,0.4219,1.0522,2021/2022,9,2021,football-data.co.uk,2026-05-11 11:53:34.057291
8589934630,2021-09-17,Celta,Cadiz,1,2,A,1.45,4.33,7.0,1.52,4.32,7.42,0.6897,0.2309,0.1429,1.0635,2021/2022,9,2021,football-data.co.uk,2026-05-11 11:53:34.057291
8589934631,2021-09-18,Vallecano,Getafe,3,0,H,2.37,2.9,3.4,2.5,3.02,3.43,0.4219,0.3448,0.2941,1.0609,2021/2022,9,2021,football-data.co.uk,2026-05-11 11:53:34.057291
8589934632,2021-09-18,Ath Madrid,Ath Bilbao,0,0,D,1.65,3.6,6.0,1.67,3.65,6.56,0.6061,0.2778,0.1667,1.0505,2021/2022,9,2021,football-data.co.uk,2026-05-11 11:53:34.057291
8589934633,2021-09-18,Elche,Levante,1,1,D,2.4,3.1,3.2,2.52,3.18,3.22,0.4167,0.3226,0.3125,1.0517,2021/2022,9,2021,football-data.co.uk,2026-05-11 11:53:34.057291
8589934634,2021-09-18,Alaves,Osasuna,0,2,A,3.1,3.0,2.55,3.1,3.13,2.63,0.3226,0.3333,0.3922,1.0481,2021/2022,9,2021,football-data.co.uk,2026-05-11 11:53:34.057291
8589934635,2021-09-19,Mallorca,Villarreal,0,0,D,3.5,3.0,2.3,3.62,3.2,2.31,0.2857,0.3333,0.4348,1.0538,2021/2022,9,2021,football-data.co.uk,2026-05-11 11:53:34.057291
8589934636,2021-09-19,Sociedad,Sevilla,0,0,D,2.55,3.2,2.87,2.76,3.2,2.89,0.3922,0.3125,0.3484,1.0531,2021/2022,9,2021,football-data.co.uk,2026-05-11 11:53:34.057291
8589934637,2021-09-19,Betis,Espanol,2,2,D,2.0,3.2,4.2,2.06,3.43,4.06,0.5,0.3125,0.2381,1.0506,2021/2022,9,2021,football-data.co.uk,2026-05-11 11:53:34.057291
8589934638,2021-09-19,Valencia,Real Madrid,1,2,A,3.8,3.8,1.9,3.78,4.02,1.96,0.2632,0.2632,0.5263,1.0526,2021/2022,9,2021,football-data.co.uk,2026-05-11 11:53:34.057291
8589934639,2021-09-20,Barcelona,Granada,1,1,D,1.28,5.75,10.0,1.29,5.96,12.35,0.7813,0.1739,0.1,1.0552,2021/2022,9,2021,football-data.co.uk,2026-05-11 11:53:34.057291
8589934640,2021-09-21,Getafe,Ath Madrid,1,2,A,6.0,3.5,1.66,6.53,3.54,1.7,0.1667,0.2857,0.6024,1.0548,2021/2022,9,2021,football-data.co.uk,2026-05-11 11:53:34.057291
8589934641,2021-09-21,Ath Bilbao,Vallecano,1,2,A,1.85,3.5,4.33,1.9,3.46,4.81,0.5405,0.2857,0.2309,1.0572,2021/2022,9,2021,football-data.co.uk,2026-05-11 11:53:34.057291
8589934642,2021-09-21,Levante,Celta,0,2,A,2.6,3.4,2.7,2.7,3.46,2.76,0.3846,0.2941,0.3704,1.0491,2021/2022,9,2021,football-data.co.uk,2026-05-11 11:53:34.057291
8589934643,2021-09-22,Espanol,Alaves,1,0,H,1.8,3.5,4.75,1.88,3.46,4.98,0.5556,0.2857,0.2105,1.0518,2021/2022,9,2021,football-data.co.uk,2026-05-11 11:53:34.057291
8589934644,2021-09-22,Sevilla,Valencia,3,1,H,1.61,3.8,6.0,1.65,4.04,5.81,0.6211,0.2632,0.1667,1.0509,2021/2022,9,2021,football-data.co.uk,2026-05-11 11:53:34.057291
8589934645,2021-09-22,Real Madrid,Mallorca,6,1,H,1.22,6.5,12.0,1.24,6.66,13.03,0.8197,0.1538,0.0833,1.0569,2021/2022,9,2021,football-data.co.uk,2026-05-11 11:53:34.057291
8589934646,2021-09-22,Villarreal,Elche,4,1,H,1.5,4.2,6.5,1.51,4.33,7.71,0.6667,0.2381,0.1538,1.0586,2021/2022,9,2021,football-data.co.uk,2026-05-11 11:53:34.057291
8589934647,2021-09-23,Granada,Sociedad,2,3,A,4.2,3.4,1.9,4.22,3.56,1.98,0.2381,0.2941,0.5263,1.0585,2021/2022,9,2021,football-data.co.uk,2026-05-11 11:53:34.057291
8589934648,2021-09-23,Osasuna,Betis,1,3,A,2.37,3.25,3.0,2.37,3.38,3.28,0.4219,0.3077,0.3333,1.063,2021/2022,9,2021,football-data.co.uk,2026-05-11 11:53:34.057291
8589934649,2021-09-23,Cadiz,Barcelona,0,0,D,6.0,4.33,1.5,6.38,4.48,1.55,0.1667,0.2309,0.6667,1.0643,2021/2022,9,2021,football-data.co.uk,2026-05-11 11:53:34.057291
8589934650,2021-09-25,Alaves,Ath Madrid,1,0,H,7.5,4.0,1.5,7.51,3.99,1.56,0.1333,0.25,0.6667,1.05,2021/2022,9,2021,football-data.co.uk,2026-05-11 11:53:34.057291
8589934651,2021-09-25,Valencia,Ath Bilbao,1,1,D,2.6,3.2,2.8,2.71,3.25,2.89,0.3846,0.3125,0.3571,1.0543,2021/2022,9,2021,football-data.co.uk,2026-05-11 11:53:34.057291
8589934652,2021-09-25,Sevilla,Espanol,2,0,H,1.57,3.8,6.5,1.63,3.9,6.38,0.6369,0.2632,0.1538,1.0539,2021/2022,9,2021,football-data.co.uk,2026-05-11 11:53:34.057291
8589934653,2021-09-25,Real Madrid,Villarreal,0,0,D,1.5,4.75,5.75,1.52,4.87,6.25,0.6667,0.2105,0.1739,1.0511,2021/2022,9,2021,football-data.co.uk,2026-05-11 11:53:34.057291
8589934654,2021-09-26,Mallorca,Osasuna,2,3,A,2.7,3.2,2.75,2.85,3.21,2.79,0.3704,0.3125,0.3636,1.0465,2021/2022,9,2021,football-data.co.uk,2026-05-11 11:53:34.057291
8589934655,2021-09-26,Barcelona,Levante,3,0,H,1.4,5.5,6.5,1.45,5.07,7.23,0.7143,0.1818,0.1538,1.05,2021/2022,9,2021,football-data.co.uk,2026-05-11 11:53:34.057291
8589934656,2021-09-26,Sociedad,Elche,1,0,H,1.4,4.5,9.0,1.47,4.43,8.53,0.7143,0.2222,0.1111,1.0476,2021/2022,9,2021,football-data.co.uk,2026-05-11 11:53:34.057291
8589934657,2021-09-26,Vallecano,Cadiz,3,1,H,1.6,3.8,6.0,1.68,3.82,6.02,0.625,0.2632,0.1667,1.0548,2021/2022,9,2021,football-data.co.uk,2026-05-11 11:53:34.057291
8589934658,2021-09-26,Betis,Getafe,2,0,H,1.75,3.6,4.75,1.78,3.9,4.9,0.5714,0.2778,0.2105,1.0597,2021/2022,9,2021,football-data.co.uk,2026-05-11 11:53:34.057291
8589934659,2021-09-27,Celta,Granada,1,0,H,1.61,4.0,5.5,1.65,4.19,5.54,0.6211,0.25,0.1818,1.0529,2021/2022,9,2021,football-data.co.uk,2026-05-11 11:53:34.057291
8589934660,2021-10-01,Ath Bilbao,Alaves,1,0,H,1.53,3.75,7.5,1.59,3.89,7.16,0.6536,0.2667,0.1333,1.0536,2021/2022,10,2021,football-data.co.uk,2026-05-11 11:53:34.057291
8589934661,2021-10-02,Osasuna,Vallecano,1,0,H,2.15,3.4,3.4,2.2,3.47,3.57,0.4651,0.2941,0.2941,1.0534,2021/2022,10,2021,football-data.co.uk,2026-05-11 11:53:34.057291
8589934662,2021-10-02,Mallorca,Levante,1,0,H,2.1,3.2,3.4,2.22,3.51,3.49,0.4762,0.3125,0.2941,1.0828,2021/2022,10,2021,football-data.co.uk,2026-05-11 11:53:34.057291
8589934663,2021-10-02,Cadiz,Valencia,0,0,D,3.4,3.0,2.3,3.45,3.08,2.46,0.2941,0.3333,0.4348,1.0622,2021/2022,10,2021,football-data.co.uk,2026-05-11 11:53:34.057291
8589934664,2021-10-02,Ath Madrid,Barcelona,2,0,H,1.9,3.5,4.0,1.92,3.61,4.43,0.5263,0.2857,0.25,1.062,2021/2022,10,2021,football-data.co.uk,2026-05-11 11:53:34.057291
8589934665,2021-10-03,Elche,Celta,1,0,H,3.3,3.2,2.3,3.52,3.17,2.37,0.303,0.3125,0.4348,1.0503,2021/2022,10,2021,football-data.co.uk,2026-05-11 11:53:34.057291
8589934666,2021-10-03,Espanol,Real Madrid,2,1,H,5.0,4.0,1.66,5.15,4.15,1.69,0.2,0.25,0.6024,1.0524,2021/2022,10,2021,football-data.co.uk,2026-05-11 11:53:34.057291
8589934667,2021-10-03,Getafe,Sociedad,1,1,D,3.6,3.1,2.2,3.77,3.17,2.26,0.2778,0.3226,0.4545,1.0549,2021/2022,10,2021,football-data.co.uk,2026-05-11 11:53:34.057291
8589934668,2021-10-03,Villarreal,Betis,2,0,H,2.0,3.6,3.6,2.03,3.83,3.71,0.5,0.2778,0.2778,1.0556,2021/2022,10,2021,football-data.co.uk,2026-05-11 11:53:34.057291
8589934669,2021-10-03,Granada,Sevilla,1,0,H,4.8,3.4,1.72,5.36,3.62,1.78,0.2083,0.2941,0.5814,1.0838,2021/2022,10,2021,football-data.co.uk,2026-05-11 11:53:34.057291
8589934670,2021-10-16,Levante,Getafe,0,0,D,2.5,2.9,3.25,2.61,2.92,3.38,0.4,0.3448,0.3077,1.0525,2021/2022,10,2021,football-data.co.uk,2026-05-11 11:53:34.057291
8589934671,2021-10-16,Sociedad,Mallorca,1,0,H,1.4,4.5,8.5,1.44,4.51,9.05,0.7143,0.2222,0.1176,1.0542,2021/2022,10,2021,football-data.co.uk,2026-05-11 11:53:34.057291
8589934672,2021-10-17,Vallecano,Elche,2,1,H,1.8,3.5,4.75,1.84,3.73,4.7,0.5556,0.2857,0.2105,1.0518,2021/2022,10,2021,football-data.co.uk,2026-05-11 11:53:34.057291
8589934673,2021-10-17,Celta,Sevilla,0,1,A,3.4,3.25,2.2,3.57,3.22,2.32,0.2941,0.3077,0.4545,1.0564,2021/2022,10,2021,football-data.co.uk,2026-05-11 11:53:34.057291
8589934674,2021-10-17,Villarreal,Osasuna,1,2,A,1.66,3.75,5.25,1.67,4.07,5.55,0.6024,0.2667,0.1905,1.0596,2021/2022,10,2021,football-data.co.uk,2026-05-11 11:53:34.057291
8589934675,2021-10-17,Barcelona,Valencia,3,1,H,1.5,4.33,6.5,1.56,4.29,6.66,0.6667,0.2309,0.1538,1.0515,2021/2022,10,2021,football-data.co.uk,2026-05-11 11:53:34.057291
8589934676,2021-10-18,Alaves,Betis,0,1,A,3.5,3.3,2.15,3.62,3.46,2.19,0.2857,0.303,0.4651,1.0539,2021/2022,10,2021,football-data.co.uk,2026-05-11 11:53:34.057291
8589934677,2021-10-18,Espanol,Cadiz,2,0,H,1.66,3.6,5.75,1.68,3.88,5.84,0.6024,0.2778,0.1739,1.0541,2021/2022,10,2021,football-data.co.uk,2026-05-11 11:53:34.057291
8589934678,2021-10-22,Osasuna,Granada,1,1,D,1.72,3.5,5.25,1.81,3.57,5.25,0.5814,0.2857,0.1905,1.0576,2021/2022,10,2021,football-data.co.uk,2026-05-11 11:53:34.057291
8589934679,2021-10-23,Valencia,Mallorca,2,2,D,1.66,3.8,5.25,1.7,3.99,5.35,0.6024,0.2632,0.1905,1.056,2021/2022,10,2021,football-data.co.uk,2026-05-11 11:53:34.057291
8589934680,2021-10-23,Cadiz,Alaves,0,2,A,2.5,2.9,3.2,2.7,2.97,3.18,0.4,0.3448,0.3125,1.0573,2021/2022,10,2021,football-data.co.uk,2026-05-11 11:53:34.057291
8589934681,2021-10-23,Elche,Espanol,2,2,D,2.7,3.0,2.87,2.82,3.0,2.99,0.3704,0.3333,0.3484,1.0521,2021/2022,10,2021,football-data.co.uk,2026-05-11 11:53:34.057291
8589934682,2021-10-23,Ath Bilbao,Villarreal,2,1,H,2.45,3.0,3.2,2.52,3.24,3.16,0.4082,0.3333,0.3125,1.054,2021/2022,10,2021,football-data.co.uk,2026-05-11 11:53:34.057291
8589934683,2021-10-24,Sevilla,Levante,5,3,H,1.44,4.2,8.0,1.46,4.65,8.09,0.6944,0.2381,0.125,1.0575,2021/2022,10,2021,football-data.co.uk,2026-05-11 11:53:34.057291
8589934684,2021-10-24,Barcelona,Real Madrid,1,2,A,2.75,3.6,2.45,2.73,3.85,2.53,0.3636,0.2778,0.4082,1.0496,2021/2022,10,2021,football-data.co.uk,2026-05-11 11:53:34.057291
8589934685,2021-10-24,Betis,Vallecano,3,2,H,1.83,3.75,4.2,1.83,3.84,4.6,0.5464,0.2667,0.2381,1.0512,2021/2022,10,2021,football-data.co.uk,2026-05-11 11:53:34.057291
8589934686,2021-10-24,Ath Madrid,Sociedad,2,2,D,1.61,3.7,6.0,1.65,3.94,6.09,0.6211,0.2703,0.1667,1.0581,2021/2022,10,2021,football-data.co.uk,2026-05-11 11:53:34.057291
8589934687,2021-10-25,Getafe,Celta,0,3,A,2.5,3.0,3.1,2.77,2.95,3.11,0.4,0.3333,0.3226,1.0559,2021/2022,10,2021,football-data.co.uk,2026-05-11 11:53:34.057291
8589934688,2021-10-26,Alaves,Elche,1,0,H,2.3,3.0,3.5,2.4,3.04,3.61,0.4348,0.3333,0.2857,1.0538,2021/2022,10,2021,football-data.co.uk,2026-05-11 11:53:34.057291
8589934689,2021-10-26,Espanol,Ath Bilbao,1,1,D,2.9,3.0,2.62,3.03,3.06,2.74,0.3448,0.3333,0.3817,1.0598,2021/2022,10,2021,football-data.co.uk,2026-05-11 11:53:34.057291
8589934690,2021-10-26,Villarreal,Cadiz,3,3,D,1.3,5.5,9.5,1.33,5.59,10.83,0.7692,0.1818,0.1053,1.0563,2021/2022,10,2021,football-data.co.uk,2026-05-11 11:53:34.057291
8589934691,2021-10-27,Mallorca,Sevilla,1,1,D,5.5,3.3,1.75,5.49,3.28,1.86,0.1818,0.303,0.5714,1.0563,2021/2022,10,2021,football-data.co.uk,2026-05-11 11:53:34.057291
8589934692,2021-10-27,Vallecano,Barcelona,1,0,H,4.33,3.75,1.8,4.51,3.83,1.85,0.2309,0.2667,0.5556,1.0532,2021/2022,10,2021,football-data.co.uk,2026-05-11 11:53:34.057291
8589934693,2021-10-27,Betis,Valencia,4,1,H,1.85,3.5,4.5,1.88,3.64,4.56,0.5405,0.2857,0.2222,1.0485,2021/2022,10,2021,football-data.co.uk,2026-05-11 11:53:34.057291
8589934694,2021-10-27,Real Madrid,Osasuna,0,0,D,1.3,5.5,9.0,1.34,5.88,8.94,0.7692,0.1818,0.1111,1.0622,2021/2022,10,2021,football-data.co.uk,2026-05-11 11:53:34.057291
8589934695,2021-10-28,Celta,Sociedad,0,2,A,2.87,3.4,2.45,2.82,3.48,2.63,0.3484,0.2941,0.4082,1.0507,2021/2022,10,2021,football-data.co.uk,2026-05-11 11:53:34.057291
8589934696,2021-10-28,Granada,Getafe,1,1,D,2.6,2.8,3.25,2.67,2.88,3.34,0.3846,0.3571,0.3077,1.0495,2021/2022,10,2021,football-data.co.uk,2026-05-11 11:53:34.057291
8589934697,2021-10-28,Levante,Ath Madrid,2,2,D,5.5,3.8,1.65,5.99,3.64,1.71,0.1818,0.2632,0.6061,1.051,2021/2022,10,2021,football-data.co.uk,2026-05-11 11:53:34.057291
8589934698,2021-10-30,Elche,Real Madrid,1,2,A,7.5,4.5,1.44,7.96,4.62,1.46,0.1333,0.2222,0.6944,1.05,2021/2022,10,2021,football-data.co.uk,2026-05-11 11:53:34.057291
8589934699,2021-10-30,Sevilla,Osasuna,2,0,H,1.53,4.0,7.0,1.52,4.41,7.05,0.6536,0.25,0.1429,1.0465,2021/2022,10,2021,football-data.co.uk,2026-05-11 11:53:34.057291
8589934700,2021-10-30,Valencia,Villarreal,2,0,H,2.9,3.4,2.45,3.0,3.51,2.47,0.3448,0.2941,0.4082,1.0471,2021/2022,10,2021,football-data.co.uk,2026-05-11 11:53:34.057291
8589934701,2021-10-30,Barcelona,Alaves,1,1,D,1.28,5.5,11.0,1.32,5.79,10.48,0.7813,0.1818,0.0909,1.054,2021/2022,10,2021,football-data.co.uk,2026-05-11 11:53:34.057291
8589934702,2021-10-31,Cadiz,Mallorca,1,1,D,2.5,3.0,3.2,2.68,2.99,3.18,0.4,0.3333,0.3125,1.0458,2021/2022,10,2021,football-data.co.uk,2026-05-11 11:53:34.057291
8589934703,2021-10-31,Ath Madrid,Betis,3,0,H,1.6,3.8,6.0,1.61,4.02,6.46,0.625,0.2632,0.1667,1.0548,2021/2022,10,2021,football-data.co.uk,2026-05-11 11:53:34.057291
8589934704,2021-10-31,Getafe,Espanol,2,1,H,2.45,3.0,3.2,2.44,3.13,3.41,0.4082,0.3333,0.3125,1.054,2021/2022,10,2021,football-data.co.uk,2026-05-11 11:53:34.057291
8589934705,2021-10-31,Sociedad,Ath Bilbao,1,1,D,2.1,3.2,3.8,2.19,3.17,3.99,0.4762,0.3125,0.2632,1.0518,2021/2022,10,2021,football-data.co.uk,2026-05-11 11:53:34.057291
8589934706,2021-11-01,Vallecano,Celta,0,0,D,2.37,3.25,3.1,2.41,3.49,3.12,0.4219,0.3077,0.3226,1.0522,2021/2022,11,2021,football-data.co.uk,2026-05-11 11:53:34.057291
8589934707,2021-11-01,Levante,Granada,0,3,A,1.95,3.4,4.0,2.05,3.49,4.03,0.5128,0.2941,0.25,1.0569,2021/2022,11,2021,football-data.co.uk,2026-05-11 11:53:34.057291
8589934708,2021-11-05,Ath Bilbao,Cadiz,0,1,A,1.36,4.75,9.0,1.38,4.97,10.07,0.7353,0.2105,0.1111,1.0569,2021/2022,11,2021,football-data.co.uk,2026-05-11 11:53:34.057291
8589934709,2021-11-06,Espanol,Granada,2,0,H,1.85,3.4,4.5,1.91,3.49,4.71,0.5405,0.2941,0.2222,1.0569,2021/2022,11,2021,football-data.co.uk,2026-05-11 11:53:34.057291
8589934710,2021-11-06,Celta,Barcelona,3,3,D,3.3,3.6,2.1,3.43,3.72,2.17,0.303,0.2778,0.4762,1.057,2021/2022,11,2021,football-data.co.uk,2026-05-11 11:53:34.057291
8589934711,2021-11-06,Alaves,Levante,2,1,H,2.5,3.0,3.2,2.51,3.09,3.33,0.4,0.3333,0.3125,1.0458,2021/2022,11,2021,football-data.co.uk,2026-05-11 11:53:34.057291
8589934712,2021-11-06,Real Madrid,Vallecano,2,1,H,1.33,5.5,8.0,1.4,5.57,7.75,0.7519,0.1818,0.125,1.0587,2021/2022,11,2021,football-data.co.uk,2026-05-11 11:53:34.057291
8589934713,2021-11-07,Villarreal,Getafe,1,0,H,1.5,4.0,7.0,1.53,4.27,7.29,0.6667,0.25,0.1429,1.0595,2021/2022,11,2021,football-data.co.uk,2026-05-11 11:53:34.057291
8589934714,2021-11-07,Valencia,Ath Madrid,3,3,D,4.5,3.2,1.95,4.72,3.25,1.98,0.2222,0.3125,0.5128,1.0475,2021/2022,11,2021,football-data.co.uk,2026-05-11 11:53:34.057291
8589934715,2021-11-07,Mallorca,Elche,2,2,D,2.05,3.0,4.33,2.09,3.14,4.43,0.4878,0.3333,0.2309,1.0521,2021/2022,11,2021,football-data.co.uk,2026-05-11 11:53:34.057291
8589934716,2021-11-07,Osasuna,Sociedad,0,2,A,3.1,3.3,2.35,3.19,3.41,2.41,0.3226,0.303,0.4255,1.0511,2021/2022,11,2021,football-data.co.uk,2026-05-11 11:53:34.057291
8589934717,2021-11-07,Betis,Sevilla,0,2,A,3.0,3.3,2.45,3.07,3.35,2.51,0.3333,0.303,0.4082,1.0445,2021/2022,11,2021,football-data.co.uk,2026-05-11 11:53:34.057291
8589934718,2021-11-19,Levante,Ath Bilbao,0,0,D,3.5,3.3,2.15,3.61,3.29,2.27,0.2857,0.303,0.4651,1.0539,2021/2022,11,2021,football-data.co.uk,2026-05-11 11:53:34.057291
8589934719,2021-11-20,Celta,Villarreal,1,1,D,2.75,3.3,2.55,2.86,3.32,2.69,0.3636,0.303,0.3922,1.0588,2021/2022,11,2021,football-data.co.uk,2026-05-11 11:53:34.057291
8589934720,2021-11-20,Sevilla,Alaves,2,2,D,1.44,4.33,8.5,1.42,4.67,9.34,0.6944,0.2309,0.1176,1.043,2021/2022,11,2021,football-data.co.uk,2026-05-11 11:53:34.057291
8589934721,2021-11-20,Ath Madrid,Osasuna,1,0,H,1.44,4.33,8.0,1.41,4.66,9.76,0.6944,0.2309,0.125,1.0504,2021/2022,11,2021,football-data.co.uk,2026-05-11 11:53:34.057291
8589934722,2021-11-20,Barcelona,Espanol,1,0,H,1.36,5.25,7.5,1.39,5.19,8.96,0.7353,0.1905,0.1333,1.0591,2021/2022,11,2021,football-data.co.uk,2026-05-11 11:53:34.057291
8589934723,2021-11-21,Getafe,Cadiz,4,0,H,2.0,3.1,4.33,2.04,3.19,4.55,0.5,0.3226,0.2309,1.0535,2021/2022,11,2021,football-data.co.uk,2026-05-11 11:53:34.057291
8589934724,2021-11-21,Granada,Real Madrid,1,4,A,7.0,4.5,1.45,7.56,4.63,1.48,0.1429,0.2222,0.6897,1.0547,2021/2022,11,2021,football-data.co.uk,2026-05-11 11:53:34.057291
8589934725,2021-11-21,Elche,Betis,0,3,A,3.6,3.4,2.1,3.59,3.43,2.21,0.2778,0.2941,0.4762,1.0481,2021/2022,11,2021,football-data.co.uk,2026-05-11 11:53:34.057291
8589934726,2021-11-21,Sociedad,Valencia,0,0,D,1.72,3.8,4.75,1.74,4.03,4.97,0.5814,0.2632,0.2105,1.0551,2021/2022,11,2021,football-data.co.uk,2026-05-11 11:53:34.057291
8589934727,2021-11-22,Vallecano,Mallorca,3,1,H,1.8,3.5,4.75,1.85,3.5,5.01,0.5556,0.2857,0.2105,1.0518,2021/2022,11,2021,football-data.co.uk,2026-05-11 11:53:34.057291
8589934728,2021-11-26,Ath Bilbao,Granada,2,2,D,1.36,4.75,9.5,1.42,4.69,9.41,0.7353,0.2105,0.1053,1.0511,2021/2022,11,2021,football-data.co.uk,2026-05-11 11:53:34.057291
8589934729,2021-11-27,Alaves,Celta,1,2,A,2.9,3.1,2.55,3.09,3.19,2.6,0.3448,0.3226,0.3922,1.0596,2021/2022,11,2021,football-data.co.uk,2026-05-11 11:53:34.057291
8589934730,2021-11-27,Valencia,Vallecano,1,1,D,2.0,3.4,3.9,2.04,3.44,4.13,0.5,0.2941,0.2564,1.0505,2021/2022,11,2021,football-data.co.uk,2026-05-11 11:53:34.057291
8589934731,2021-11-27,Mallorca,Getafe,0,0,D,2.3,2.9,3.75,2.36,2.98,3.8,0.4348,0.3448,0.2667,1.0463,2021/2022,11,2021,football-data.co.uk,2026-05-11 11:53:34.057291
8589934732,2021-11-27,Villarreal,Barcelona,1,3,A,2.7,3.4,2.6,2.75,3.53,2.66,0.3704,0.2941,0.3846,1.0491,2021/2022,11,2021,football-data.co.uk,2026-05-11 11:53:34.057291
8589934733,2021-11-28,Betis,Levante,3,1,H,1.66,4.2,4.75,1.68,4.41,4.98,0.6024,0.2381,0.2105,1.051,2021/2022,11,2021,football-data.co.uk,2026-05-11 11:53:34.057291
8589934734,2021-11-28,Espanol,Sociedad,1,0,H,3.2,3.2,2.3,3.29,3.26,2.43,0.3125,0.3125,0.4348,1.0598,2021/2022,11,2021,football-data.co.uk,2026-05-11 11:53:34.057291
8589934735,2021-11-28,Cadiz,Ath Madrid,1,4,A,8.0,3.8,1.5,8.13,4.1,1.52,0.125,0.2632,0.6667,1.0548,2021/2022,11,2021,football-data.co.uk,2026-05-11 11:53:34.057291
8589934736,2021-11-28,Real Madrid,Sevilla,2,1,H,1.7,4.0,4.75,1.68,4.17,5.2,0.5882,0.25,0.2105,1.0488,2021/2022,11,2021,football-data.co.uk,2026-05-11 11:53:34.057291
8589934737,2021-11-29,Osasuna,Elche,1,1,D,1.8,3.4,4.75,1.87,3.5,4.92,0.5556,0.2941,0.2105,1.0602,2021/2022,11,2021,football-data.co.uk,2026-05-11 11:53:34.057291
8589934738,2021-12-01,Real Madrid,Ath Bilbao,1,0,H,1.44,4.75,7.0,,,,0.6944,0.2105,0.1429,1.0478,2021/2022,12,2021,football-data.co.uk,2026-05-11 11:53:34.057291
8589934739,2021-12-03,Granada,Alaves,2,1,H,2.37,3.1,3.25,2.47,3.16,3.32,0.4219,0.3226,0.3077,1.0522,2021/2022,12,2021,football-data.co.uk,2026-05-11 11:53:34.057291
8589934740,2021-12-04,Sevilla,Villarreal,1,0,H,2.0,3.3,4.0,2.05,3.41,4.13,0.5,0.303,0.25,1.053,2021/2022,12,2021,football-data.co.uk,2026-05-11 11:53:34.057291
8589934741,2021-12-04,Barcelona,Betis,0,1,A,1.5,4.5,6.5,1.52,4.8,6.28,0.6667,0.2222,0.1538,1.0427,2021/2022,12,2021,football-data.co.uk,2026-05-11 11:53:34.057291
8589934742,2021-12-04,Ath Madrid,Mallorca,1,2,A,1.3,5.25,11.0,1.33,5.34,11.81,0.7692,0.1905,0.0909,1.0506,2021/2022,12,2021,football-data.co.uk,2026-05-11 11:53:34.057291
8589934743,2021-12-04,Sociedad,Real Madrid,0,2,A,3.3,3.3,2.25,3.31,3.58,2.27,0.303,0.303,0.4444,1.0505,2021/2022,12,2021,football-data.co.uk,2026-05-11 11:53:34.057291
8589934744,2021-12-05,Vallecano,Espanol,1,0,H,2.15,3.1,3.8,2.16,3.31,3.87,0.4651,0.3226,0.2632,1.0509,2021/2022,12,2021,football-data.co.uk,2026-05-11 11:53:34.057291
8589934745,2021-12-05,Elche,Cadiz,3,1,H,2.05,3.1,4.2,2.02,3.36,4.36,0.4878,0.3226,0.2381,1.0485,2021/2022,12,2021,football-data.co.uk,2026-05-11 11:53:34.057291
8589934746,2021-12-05,Levante,Osasuna,0,0,D,2.4,3.2,3.1,2.56,3.25,3.1,0.4167,0.3125,0.3226,1.0517,2021/2022,12,2021,football-data.co.uk,2026-05-11 11:53:34.057291
8589934747,2021-12-05,Celta,Valencia,1,2,A,2.1,3.25,3.75,2.16,3.4,3.77,0.4762,0.3077,0.2667,1.0505,2021/2022,12,2021,football-data.co.uk,2026-05-11 11:53:34.057291
8589934748,2021-12-06,Getafe,Ath Bilbao,0,0,D,3.5,3.0,2.3,3.54,3.11,2.39,0.2857,0.3333,0.4348,1.0538,2021/2022,12,2021,football-data.co.uk,2026-05-11 11:53:34.057291
8589934749,2021-12-10,Mallorca,Celta,0,0,D,2.5,3.0,3.1,2.62,3.0,3.26,0.4,0.3333,0.3226,1.0559,2021/2022,12,2021,football-data.co.uk,2026-05-11 11:53:34.057291
8589934750,2021-12-11,Espanol,Levante,4,3,H,2.05,3.3,3.8,2.07,3.43,4.02,0.4878,0.303,0.2632,1.054,2021/2022,12,2021,football-data.co.uk,2026-05-11 11:53:34.057291
8589934751,2021-12-11,Alaves,Getafe,1,1,D,2.45,2.9,3.2,2.61,2.88,3.43,0.4082,0.3448,0.3125,1.0655,2021/2022,12,2021,football-data.co.uk,2026-05-11 11:53:34.057291
8589934752,2021-12-11,Valencia,Elche,2,1,H,1.75,3.5,5.0,1.79,3.54,5.44,0.5714,0.2857,0.2,1.0571,2021/2022,12,2021,football-data.co.uk,2026-05-11 11:53:34.057291
8589934753,2021-12-11,Ath Bilbao,Sevilla,0,1,A,2.5,3.0,3.1,2.58,3.1,3.21,0.4,0.3333,0.3226,1.0559,2021/2022,12,2021,football-data.co.uk,2026-05-11 11:53:34.057291
8589934754,2021-12-12,Villarreal,Vallecano,2,0,H,1.72,3.8,4.75,1.78,3.94,4.8,0.5814,0.2632,0.2105,1.0551,2021/2022,12,2021,football-data.co.uk,2026-05-11 11:53:34.057291
8589934755,2021-12-12,Osasuna,Barcelona,2,2,D,4.0,3.5,1.9,3.98,3.57,2.03,0.25,0.2857,0.5263,1.062,2021/2022,12,2021,football-data.co.uk,2026-05-11 11:53:34.057291
8589934756,2021-12-12,Betis,Sociedad,4,0,H,2.25,3.3,3.3,2.36,3.35,3.35,0.4444,0.303,0.303,1.0505,2021/2022,12,2021,football-data.co.uk,2026-05-11 11:53:34.057291
8589934757,2021-12-12,Real Madrid,Ath Madrid,2,0,H,2.05,3.5,3.6,2.11,3.57,3.73,0.4878,0.2857,0.2778,1.0513,2021/2022,12,2021,football-data.co.uk,2026-05-11 11:53:34.057291
8589934758,2021-12-13,Cadiz,Granada,1,1,D,2.6,3.1,2.9,2.68,3.13,3.04,0.3846,0.3226,0.3448,1.052,2021/2022,12,2021,football-data.co.uk,2026-05-11 11:53:34.057291
8589934759,2021-12-17,Celta,Espanol,3,1,H,1.95,3.4,4.0,1.99,3.52,4.23,0.5128,0.2941,0.25,1.0569,2021/2022,12,2021,football-data.co.uk,2026-05-11 11:53:34.057291
8589934760,2021-12-18,Vallecano,Alaves,2,0,H,1.72,3.6,5.0,1.82,3.5,5.3,0.5814,0.2778,0.2,1.0592,2021/2022,12,2021,football-data.co.uk,2026-05-11 11:53:34.057291
8589934761,2021-12-18,Sociedad,Villarreal,1,3,A,2.15,3.3,3.5,2.31,3.24,3.57,0.4651,0.303,0.2857,1.0539,2021/2022,12,2021,football-data.co.uk,2026-05-11 11:53:34.057291
8589934762,2021-12-18,Barcelona,Elche,3,2,H,1.3,5.5,10.0,1.36,5.25,10.02,0.7692,0.1818,0.1,1.051,2021/2022,12,2021,football-data.co.uk,2026-05-11 11:53:34.057291
8589934763,2021-12-18,Sevilla,Ath Madrid,2,1,H,2.75,3.0,2.8,2.89,3.0,2.92,0.3636,0.3333,0.3571,1.0541,2021/2022,12,2021,football-data.co.uk,2026-05-11 11:53:34.057291
8589934764,2021-12-19,Granada,Mallorca,4,1,H,2.5,3.0,3.1,2.57,3.04,3.3,0.4,0.3333,0.3226,1.0559,2021/2022,12,2021,football-data.co.uk,2026-05-11 11:53:34.057291
8589934765,2021-12-19,Ath Bilbao,Betis,3,2,H,2.15,3.25,3.5,2.29,3.29,3.54,0.4651,0.3077,0.2857,1.0585,2021/2022,12,2021,football-data.co.uk,2026-05-11 11:53:34.057291
8589934766,2021-12-19,Getafe,Osasuna,1,0,H,2.4,2.9,3.4,2.53,2.95,3.48,0.4167,0.3448,0.2941,1.0556,2021/2022,12,2021,football-data.co.uk,2026-05-11 11:53:34.057291
8589934767,2021-12-19,Real Madrid,Cadiz,0,0,D,1.2,7.5,11.0,1.24,6.82,12.54,0.8333,0.1333,0.0909,1.0576,2021/2022,12,2021,football-data.co.uk,2026-05-11 11:53:34.057291
8589934768,2021-12-20,Levante,Valencia,3,4,A,2.7,3.2,2.75,2.79,3.38,2.72,0.3704,0.3125,0.3636,1.0465,2021/2022,12,2021,football-data.co.uk,2026-05-11 11:53:34.057291
8589934769,2021-12-21,Villarreal,Alaves,5,2,H,1.33,5.0,9.5,1.37,5.34,9.3,0.7519,0.2,0.1053,1.0571,2021/2022,12,2021,football-data.co.uk,2026-05-11 11:53:34.057291
8589934770,2021-12-21,Sevilla,Barcelona,1,1,D,2.5,3.2,2.9,2.61,3.29,2.98,0.4,0.3125,0.3448,1.0573,2021/2022,12,2021,football-data.co.uk,2026-05-11 11:53:34.057291
8589934771,2021-12-22,Granada,Ath Madrid,2,1,H,6.0,3.7,1.61,6.81,3.82,1.62,0.1667,0.2703,0.6211,1.0581,2021/2022,12,2021,football-data.co.uk,2026-05-11 11:53:34.057291
8589934772,2021-12-22,Ath Bilbao,Real Madrid,1,2,A,3.4,3.5,2.1,3.49,3.59,2.19,0.2941,0.2857,0.4762,1.056,2021/2022,12,2021,football-data.co.uk,2026-05-11 11:53:34.057291
8589934773,2021-12-31,Valencia,Espanol,1,2,A,1.8,3.8,4.2,1.81,3.83,4.71,0.5556,0.2632,0.2381,1.0568,2021/2022,12,2021,football-data.co.uk,2026-05-11 11:53:34.057291
8589934774,2022-01-02,Getafe,Real Madrid,1,0,H,5.5,3.75,1.65,5.88,3.71,1.68,0.1818,0.2667,0.6061,1.0545,2021/2022,1,2022,football-data.co.uk,2026-05-11 11:53:34.057291
8589934775,2022-01-02,Ath Madrid,Vallecano,2,0,H,1.36,4.5,9.5,1.38,4.72,9.96,0.7353,0.2222,0.1053,1.0628,2021/2022,1,2022,football-data.co.uk,2026-05-11 11:53:34.057291
8589934776,2022-01-02,Elche,Granada,0,0,D,2.5,3.1,3.0,2.58,3.09,3.12,0.4,0.3226,0.3333,1.0559,2021/2022,1,2022,football-data.co.uk,2026-05-11 11:53:34.057291
8589934777,2022-01-02,Alaves,Sociedad,1,1,D,3.5,3.1,2.25,3.58,3.15,2.29,0.2857,0.3226,0.4444,1.0527,2021/2022,1,2022,football-data.co.uk,2026-05-11 11:53:34.057291
8589934778,2022-01-02,Betis,Celta,0,2,A,1.72,3.75,4.75,1.79,3.71,4.83,0.5814,0.2667,0.2105,1.0586,2021/2022,1,2022,football-data.co.uk,2026-05-11 11:53:34.057291
8589934779,2022-01-02,Mallorca,Barcelona,0,1,A,3.4,3.4,2.15,3.7,3.33,2.16,0.2941,0.2941,0.4651,1.0534,2021/2022,1,2022,football-data.co.uk,2026-05-11 11:53:34.057291
8589934780,2022-01-03,Villarreal,Levante,5,0,H,1.4,5.0,7.0,1.44,5.02,6.97,0.7143,0.2,0.1429,1.0571,2021/2022,1,2022,football-data.co.uk,2026-05-11 11:53:34.057291
8589934781,2022-01-03,Osasuna,Ath Bilbao,1,3,A,3.1,3.0,2.5,3.24,2.96,2.59,0.3226,0.3333,0.4,1.0559,2021/2022,1,2022,football-data.co.uk,2026-05-11 11:53:34.057291
8589934782,2022-01-03,Cadiz,Sevilla,0,1,A,4.75,3.3,1.85,5.06,3.32,1.86,0.2105,0.303,0.5405,1.0541,2021/2022,1,2022,football-data.co.uk,2026-05-11 11:53:34.057291
8589934783,2022-01-08,Levante,Mallorca,2,0,H,2.2,3.25,3.4,2.22,3.3,3.58,0.4545,0.3077,0.2941,1.0564,2021/2022,1,2022,football-data.co.uk,2026-05-11 11:53:34.057291
8589934784,2022-01-08,Sociedad,Celta,1,0,H,1.83,3.3,4.75,1.88,3.43,4.68,0.5464,0.303,0.2105,1.06,2021/2022,1,2022,football-data.co.uk,2026-05-11 11:53:34.057291
8589934785,2022-01-08,Granada,Barcelona,1,1,D,4.5,3.8,1.75,4.64,3.77,1.8,0.2222,0.2632,0.5714,1.0568,2021/2022,1,2022,football-data.co.uk,2026-05-11 11:53:34.057291
8589934786,2022-01-08,Real Madrid,Valencia,4,1,H,1.37,5.0,8.0,1.35,5.35,9.07,0.7299,0.2,0.125,1.0549,2021/2022,1,2022,football-data.co.uk,2026-05-11 11:53:34.057291
8589934787,2022-01-09,Vallecano,Betis,1,1,D,2.5,3.4,2.8,2.57,3.51,2.79,0.4,0.2941,0.3571,1.0513,2021/2022,1,2022,football-data.co.uk,2026-05-11 11:53:34.057291
8589934788,2022-01-09,Sevilla,Getafe,1,0,H,1.61,3.4,7.5,1.57,3.72,7.56,0.6211,0.2941,0.1333,1.0486,2021/2022,1,2022,football-data.co.uk,2026-05-11 11:53:34.057291
8589934789,2022-01-09,Alaves,Ath Bilbao,0,0,D,4.0,3.3,1.95,3.96,3.42,2.04,0.25,0.303,0.5128,1.0659,2021/2022,1,2022,football-data.co.uk,2026-05-11 11:53:34.057291
8589934790,2022-01-09,Osasuna,Cadiz,2,0,H,1.75,3.3,5.75,1.75,3.3,6.13,0.5714,0.303,0.1739,1.0484,2021/2022,1,2022,football-data.co.uk,2026-05-11 11:53:34.057291
8589934791,2022-01-09,Villarreal,Ath Madrid,2,2,D,2.8,3.2,2.62,2.87,3.2,2.69,0.3571,0.3125,0.3817,1.0513,2021/2022,1,2022,football-data.co.uk,2026-05-11 11:53:34.057291
8589934792,2022-01-10,Espanol,Elche,1,2,A,1.9,3.25,4.5,1.88,3.31,4.97,0.5263,0.3077,0.2222,1.0562,2021/2022,1,2022,football-data.co.uk,2026-05-11 11:53:34.057291
8589934793,2022-01-16,Elche,Villarreal,1,0,H,4.5,3.6,1.8,4.95,3.79,1.75,0.2222,0.2778,0.5556,1.0556,2021/2022,1,2022,football-data.co.uk,2026-05-11 11:53:34.057291
8589934794,2022-01-18,Betis,Alaves,4,0,H,1.45,4.33,7.0,1.48,4.47,7.18,0.6897,0.2309,0.1429,1.0635,2021/2022,1,2022,football-data.co.uk,2026-05-11 11:53:34.057291
8589934795,2022-01-18,Cadiz,Espanol,2,2,D,3.25,3.1,2.37,3.27,3.13,2.45,0.3077,0.3226,0.4219,1.0522,2021/2022,1,2022,football-data.co.uk,2026-05-11 11:53:34.057291
8589934796,2022-01-19,Celta,Osasuna,2,0,H,1.85,3.5,4.33,1.88,3.42,4.75,0.5405,0.2857,0.2309,1.0572,2021/2022,1,2022,football-data.co.uk,2026-05-11 11:53:34.057291
8589934797,2022-01-19,Valencia,Sevilla,1,1,D,3.3,3.25,2.25,3.23,3.17,2.45,0.303,0.3077,0.4444,1.0552,2021/2022,1,2022,football-data.co.uk,2026-05-11 11:53:34.057291
8589934798,2022-01-20,Getafe,Granada,4,2,H,2.1,3.2,3.8,2.13,3.15,4.04,0.4762,0.3125,0.2632,1.0518,2021/2022,1,2022,football-data.co.uk,2026-05-11 11:53:34.057291
8589934799,2022-01-21,Espanol,Betis,1,4,A,3.25,3.25,2.25,3.21,3.38,2.35,0.3077,0.3077,0.4444,1.0598,2021/2022,1,2022,football-data.co.uk,2026-05-11 11:53:34.057291
8589934800,2022-01-22,Levante,Cadiz,0,2,A,1.8,3.5,5.0,1.76,3.77,4.93,0.5556,0.2857,0.2,1.0413,2021/2022,1,2022,football-data.co.uk,2026-05-11 11:53:34.057291
8589934801,2022-01-22,Villarreal,Mallorca,3,0,H,1.44,4.33,8.0,1.41,4.84,8.29,0.6944,0.2309,0.125,1.0504,2021/2022,1,2022,football-data.co.uk,2026-05-11 11:53:34.057291
8589934802,2022-01-22,Sevilla,Celta,2,2,D,1.75,3.5,5.25,1.79,3.58,5.05,0.5714,0.2857,0.1905,1.0476,2021/2022,1,2022,football-data.co.uk,2026-05-11 11:53:34.057291
8589934803,2022-01-22,Ath Madrid,Valencia,3,2,H,1.44,4.2,8.5,1.47,4.28,8.02,0.6944,0.2381,0.1176,1.0502,2021/2022,1,2022,football-data.co.uk,2026-05-11 11:53:34.057291
8589934804,2022-01-23,Granada,Osasuna,0,2,A,2.5,3.2,3.0,2.62,3.0,3.14,0.4,0.3125,0.3333,1.0458,2021/2022,1,2022,football-data.co.uk,2026-05-11 11:53:34.057291
8589934805,2022-01-23,Real Madrid,Elche,2,2,D,1.16,8.0,15.0,1.15,8.12,21.4,0.8621,0.125,0.0667,1.0537,2021/2022,1,2022,football-data.co.uk,2026-05-11 11:53:34.057291
8589934806,2022-01-23,Sociedad,Getafe,0,0,D,1.66,3.5,6.0,1.66,3.42,7.07,0.6024,0.2857,0.1667,1.0548,2021/2022,1,2022,football-data.co.uk,2026-05-11 11:53:34.057291
8589934807,2022-01-23,Vallecano,Ath Bilbao,0,1,A,2.75,3.0,2.8,2.96,2.8,2.96,0.3636,0.3333,0.3571,1.0541,2021/2022,1,2022,football-data.co.uk,2026-05-11 11:53:34.057291
8589934808,2022-01-23,Alaves,Barcelona,0,1,A,6.0,4.0,1.57,5.85,4.46,1.56,0.1667,0.25,0.6369,1.0536,2021/2022,1,2022,football-data.co.uk,2026-05-11 11:53:34.057291
8589934809,2022-02-04,Getafe,Levante,3,0,H,1.95,3.1,4.5,2.08,3.11,4.52,0.5128,0.3226,0.2222,1.0576,2021/2022,2,2022,football-data.co.uk,2026-05-11 11:53:34.057291
8589934810,2022-02-05,Elche,Alaves,3,1,H,2.37,3.1,3.3,2.49,2.98,3.39,0.4219,0.3226,0.303,1.0476,2021/2022,2,2022,football-data.co.uk,2026-05-11 11:53:34.057291
8589934811,2022-02-05,Mallorca,Cadiz,2,1,H,1.83,3.4,4.6,1.81,3.4,5.28,0.5464,0.2941,0.2174,1.058,2021/2022,2,2022,football-data.co.uk,2026-05-11 11:53:34.057291
8589934812,2022-02-05,Celta,Vallecano,2,0,H,1.9,3.4,4.33,2.0,3.28,4.34,0.5263,0.2941,0.2309,1.0514,2021/2022,2,2022,football-data.co.uk,2026-05-11 11:53:34.057291
8589934813,2022-02-05,Osasuna,Sevilla,0,0,D,3.6,3.2,2.15,3.66,3.04,2.32,0.2778,0.3125,0.4651,1.0554,2021/2022,2,2022,football-data.co.uk,2026-05-11 11:53:34.057291
8589934814,2022-02-06,Valencia,Sociedad,0,0,D,2.87,3.2,2.6,2.93,3.27,2.59,0.3484,0.3125,0.3846,1.0455,2021/2022,2,2022,football-data.co.uk,2026-05-11 11:53:34.057291
8589934815,2022-02-06,Barcelona,Ath Madrid,4,2,H,2.25,3.4,3.2,2.36,3.35,3.22,0.4444,0.2941,0.3125,1.0511,2021/2022,2,2022,football-data.co.uk,2026-05-11 11:53:34.057291
8589934816,2022-02-06,Betis,Villarreal,0,2,A,2.37,3.5,2.9,2.46,3.57,2.88,0.4219,0.2857,0.3448,1.0525,2021/2022,2,2022,football-data.co.uk,2026-05-11 11:53:34.057291
8589934817,2022-02-06,Real Madrid,Granada,1,0,H,1.25,6.0,11.0,1.24,6.39,12.64,0.8,0.1667,0.0909,1.0576,2021/2022,2,2022,football-data.co.uk,2026-05-11 11:53:34.057291
8589934818,2022-02-07,Ath Bilbao,Espanol,2,1,H,1.6,3.8,6.0,1.64,3.73,6.28,0.625,0.2632,0.1667,1.0548,2021/2022,2,2022,football-data.co.uk,2026-05-11 11:53:34.057291
8589934819,2022-02-11,Sevilla,Elche,2,0,H,1.45,4.33,7.5,1.46,4.41,8.95,0.6897,0.2309,0.1333,1.0539,2021/2022,2,2022,football-data.co.uk,2026-05-11 11:53:34.057291
8589934820,2022-02-12,Cadiz,Celta,0,0,D,3.8,3.4,2.05,4.12,3.35,2.08,0.2632,0.2941,0.4878,1.0451,2021/2022,2,2022,football-data.co.uk,2026-05-11 11:53:34.057291
8589934821,2022-02-12,Villarreal,Real Madrid,0,0,D,2.5,3.5,2.7,2.66,3.55,2.74,0.4,0.2857,0.3704,1.0561,2021/2022,2,2022,football-data.co.uk,2026-05-11 11:53:34.057291
8589934822,2022-02-12,Vallecano,Osasuna,0,3,A,2.15,3.25,3.5,2.22,3.22,3.81,0.4651,0.3077,0.2857,1.0585,2021/2022,2,2022,football-data.co.uk,2026-05-11 11:53:34.057291
8589934823,2022-02-12,Ath Madrid,Getafe,4,3,H,1.45,4.2,8.0,1.45,4.31,9.71,0.6897,0.2381,0.125,1.0528,2021/2022,2,2022,football-data.co.uk,2026-05-11 11:53:34.057291
8589934824,2022-02-13,Alaves,Valencia,2,1,H,2.8,3.2,2.6,2.92,3.33,2.64,0.3571,0.3125,0.3846,1.0543,2021/2022,2,2022,football-data.co.uk,2026-05-11 11:53:34.057291
8589934825,2022-02-13,Levante,Betis,2,4,A,3.4,3.6,2.1,3.39,3.87,2.13,0.2941,0.2778,0.4762,1.0481,2021/2022,2,2022,football-data.co.uk,2026-05-11 11:53:34.057291
8589934826,2022-02-13,Sociedad,Granada,2,0,H,1.4,4.5,9.0,1.41,4.88,8.84,0.7143,0.2222,0.1111,1.0476,2021/2022,2,2022,football-data.co.uk,2026-05-11 11:53:34.057291
8589934827,2022-02-13,Espanol,Barcelona,2,2,D,5.0,3.6,1.75,4.86,3.97,1.76,0.2,0.2778,0.5714,1.0492,2021/2022,2,2022,football-data.co.uk,2026-05-11 11:53:34.057291
8589934828,2022-02-14,Mallorca,Ath Bilbao,3,2,H,3.4,3.1,2.3,3.46,3.21,2.38,0.2941,0.3226,0.4348,1.0515,2021/2022,2,2022,football-data.co.uk,2026-05-11 11:53:34.057291
8589934829,2022-02-16,Ath Madrid,Levante,0,1,A,1.33,5.25,9.0,1.32,5.48,11.51,0.7519,0.1905,0.1111,1.0535,2021/2022,2,2022,football-data.co.uk,2026-05-11 11:53:34.057291
8589934830,2022-02-18,Elche,Vallecano,2,1,H,3.0,3.0,2.62,3.15,2.94,2.74,0.3333,0.3333,0.3817,1.0483,2021/2022,2,2022,football-data.co.uk,2026-05-11 11:53:34.057291
8589934831,2022-02-19,Granada,Villarreal,1,4,A,4.0,3.4,1.95,4.32,3.57,1.95,0.25,0.2941,0.5128,1.0569,2021/2022,2,2022,football-data.co.uk,2026-05-11 11:53:34.057291
8589934832,2022-02-19,Osasuna,Ath Madrid,0,3,A,3.9,3.25,2.05,3.97,3.36,2.11,0.2564,0.3077,0.4878,1.0519,2021/2022,2,2022,football-data.co.uk,2026-05-11 11:53:34.057291
8589934833,2022-02-19,Cadiz,Getafe,1,1,D,3.2,2.9,2.55,3.32,2.95,2.62,0.3125,0.3448,0.3922,1.0495,2021/2022,2,2022,football-data.co.uk,2026-05-11 11:53:34.057291
8589934834,2022-02-19,Real Madrid,Alaves,3,0,H,1.22,6.5,12.0,1.21,6.85,16.62,0.8197,0.1538,0.0833,1.0569,2021/2022,2,2022,football-data.co.uk,2026-05-11 11:53:34.057291
8589934835,2022-02-20,Espanol,Sevilla,1,1,D,3.4,3.3,2.2,3.67,3.27,2.25,0.2941,0.303,0.4545,1.0517,2021/2022,2,2022,football-data.co.uk,2026-05-11 11:53:34.057291
8589934836,2022-02-20,Valencia,Barcelona,1,4,A,3.6,3.5,2.05,3.76,3.86,2.01,0.2778,0.2857,0.4878,1.0513,2021/2022,2,2022,football-data.co.uk,2026-05-11 11:53:34.057291
8589934837,2022-02-20,Betis,Mallorca,2,1,H,1.6,4.0,5.75,1.56,4.17,6.81,0.625,0.25,0.1739,1.0489,2021/2022,2,2022,football-data.co.uk,2026-05-11 11:53:34.057291
8589934838,2022-02-20,Ath Bilbao,Sociedad,4,0,H,2.37,3.0,3.4,2.52,2.89,3.59,0.4219,0.3333,0.2941,1.0494,2021/2022,2,2022,football-data.co.uk,2026-05-11 11:53:34.057291
8589934839,2022-02-21,Celta,Levante,1,1,D,1.6,3.8,6.0,1.63,4.35,5.47,0.625,0.2632,0.1667,1.0548,2021/2022,2,2022,football-data.co.uk,2026-05-11 11:53:34.057291
8589934840,2022-02-25,Levante,Elche,3,0,H,2.05,3.4,3.75,2.11,3.28,4.1,0.4878,0.2941,0.2667,1.0486,2021/2022,2,2022,football-data.co.uk,2026-05-11 11:53:34.057291
8589934841,2022-02-26,Mallorca,Valencia,0,1,A,2.4,3.1,3.1,2.48,3.17,3.29,0.4167,0.3226,0.3226,1.0618,2021/2022,2,2022,football-data.co.uk,2026-05-11 11:53:34.057291
8589934842,2022-02-26,Getafe,Alaves,2,2,D,1.95,3.0,4.75,1.95,3.14,5.2,0.5128,0.3333,0.2105,1.0567,2021/2022,2,2022,football-data.co.uk,2026-05-11 11:53:34.057291
8589934843,2022-02-26,Vallecano,Real Madrid,0,1,A,5.0,3.8,1.66,5.33,4.21,1.67,0.2,0.2632,0.6024,1.0656,2021/2022,2,2022,football-data.co.uk,2026-05-11 11:53:34.057291
8589934844,2022-02-26,Ath Madrid,Celta,2,0,H,1.61,3.8,6.0,1.65,3.85,6.34,0.6211,0.2632,0.1667,1.0509,2021/2022,2,2022,football-data.co.uk,2026-05-11 11:53:34.057291
8589934845,2022-02-27,Villarreal,Espanol,5,1,H,1.5,4.2,7.0,1.5,4.4,7.65,0.6667,0.2381,0.1429,1.0476,2021/2022,2,2022,football-data.co.uk,2026-05-11 11:53:34.057291
8589934846,2022-02-27,Sevilla,Betis,2,1,H,2.2,3.25,3.5,2.29,3.22,3.63,0.4545,0.3077,0.2857,1.048,2021/2022,2,2022,football-data.co.uk,2026-05-11 11:53:34.057291
8589934847,2022-02-27,Sociedad,Osasuna,1,0,H,1.85,3.4,4.75,1.91,3.27,5.14,0.5405,0.2941,0.2105,1.0452,2021/2022,2,2022,football-data.co.uk,2026-05-11 11:53:34.057291
8589934848,2022-02-27,Barcelona,Ath Bilbao,4,0,H,1.6,4.2,5.25,1.57,4.31,6.36,0.625,0.2381,0.1905,1.0536,2021/2022,2,2022,football-data.co.uk,2026-05-11 11:53:34.057291
8589934849,2022-02-28,Granada,Cadiz,0,0,D,2.0,3.3,4.0,2.02,3.4,4.27,0.5,0.303,0.25,1.053,2021/2022,2,2022,football-data.co.uk,2026-05-11 11:53:34.057291
8589934850,2022-03-02,Mallorca,Sociedad,0,2,A,3.4,3.2,2.25,3.61,3.22,2.3,0.2941,0.3125,0.4444,1.0511,2021/2022,3,2022,football-data.co.uk,2026-05-11 11:53:34.057291
8589934851,2022-03-04,Alaves,Sevilla,0,0,D,4.5,3.1,1.95,4.74,3.14,2.02,0.2222,0.3226,0.5128,1.0576,2021/2022,3,2022,football-data.co.uk,2026-05-11 11:53:34.057291
8589934852,2022-03-05,Osasuna,Villarreal,1,0,H,3.5,3.4,2.1,3.77,3.41,2.15,0.2857,0.2941,0.4762,1.056,2021/2022,3,2022,football-data.co.uk,2026-05-11 11:53:34.057291
8589934853,2022-03-05,Espanol,Getafe,2,0,H,2.15,3.0,3.6,2.31,3.09,3.75,0.4651,0.3333,0.2778,1.0762,2021/2022,3,2022,football-data.co.uk,2026-05-11 11:53:34.057291
8589934854,2022-03-05,Valencia,Granada,3,1,H,1.75,3.6,4.5,1.79,3.79,4.92,0.5714,0.2778,0.2222,1.0714,2021/2022,3,2022,football-data.co.uk,2026-05-11 11:53:34.057291
8589934855,2022-03-05,Real Madrid,Sociedad,4,1,H,1.6,4.2,5.25,1.64,4.21,5.65,0.625,0.2381,0.1905,1.0536,2021/2022,3,2022,football-data.co.uk,2026-05-11 11:53:34.057291
8589934856,2022-03-06,Cadiz,Vallecano,2,0,H,2.7,3.1,2.7,2.93,3.06,2.82,0.3704,0.3226,0.3704,1.0633,2021/2022,3,2022,football-data.co.uk,2026-05-11 11:53:34.057291
8589934857,2022-03-06,Elche,Barcelona,1,2,A,7.5,4.33,1.4,8.27,4.81,1.43,0.1333,0.2309,0.7143,1.0786,2021/2022,3,2022,football-data.co.uk,2026-05-11 11:53:34.057291
8589934858,2022-03-06,Celta,Mallorca,4,3,H,1.75,3.4,5.25,1.76,3.51,5.82,0.5714,0.2941,0.1905,1.056,2021/2022,3,2022,football-data.co.uk,2026-05-11 11:53:34.057291
8589934859,2022-03-06,Betis,Ath Madrid,1,3,A,3.0,3.2,2.37,3.28,3.25,2.44,0.3333,0.3125,0.4219,1.0678,2021/2022,3,2022,football-data.co.uk,2026-05-11 11:53:34.057291
8589934860,2022-03-07,Ath Bilbao,Levante,3,1,H,1.57,4.0,5.5,1.58,4.19,6.53,0.6369,0.25,0.1818,1.0688,2021/2022,3,2022,football-data.co.uk,2026-05-11 11:53:34.057291
8589934861,2022-03-11,Ath Madrid,Cadiz,2,1,H,1.36,4.6,9.5,1.39,4.62,11.13,0.7353,0.2174,0.1053,1.0579,2021/2022,3,2022,football-data.co.uk,2026-05-11 11:53:34.057291
8589934862,2022-03-12,Levante,Espanol,1,1,D,2.3,3.3,3.2,2.36,3.5,3.2,0.4348,0.303,0.3125,1.0503,2021/2022,3,2022,football-data.co.uk,2026-05-11 11:53:34.057291
8589934863,2022-03-12,Granada,Elche,0,1,A,2.25,3.2,3.4,2.33,3.21,3.56,0.4444,0.3125,0.2941,1.0511,2021/2022,3,2022,football-data.co.uk,2026-05-11 11:53:34.057291
8589934864,2022-03-12,Villarreal,Celta,1,0,H,1.65,4.2,4.75,1.68,4.25,5.18,0.6061,0.2381,0.2105,1.0547,2021/2022,3,2022,football-data.co.uk,2026-05-11 11:53:34.057291
8589934865,2022-03-12,Getafe,Valencia,0,0,D,2.37,3.2,3.2,2.43,3.1,3.47,0.4219,0.3125,0.3125,1.0469,2021/2022,3,2022,football-data.co.uk,2026-05-11 11:53:34.057291
8589934866,2022-03-13,Vallecano,Sevilla,1,1,D,3.4,3.1,2.3,3.44,3.23,2.37,0.2941,0.3226,0.4348,1.0515,2021/2022,3,2022,football-data.co.uk,2026-05-11 11:53:34.057291
8589934867,2022-03-13,Betis,Ath Bilbao,1,0,H,2.3,3.3,3.2,2.47,3.21,3.28,0.4348,0.303,0.3125,1.0503,2021/2022,3,2022,football-data.co.uk,2026-05-11 11:53:34.057291
8589934868,2022-03-13,Sociedad,Alaves,1,0,H,1.53,4.0,7.0,1.52,4.23,7.68,0.6536,0.25,0.1429,1.0465,2021/2022,3,2022,football-data.co.uk,2026-05-11 11:53:34.057291
8589934869,2022-03-13,Barcelona,Osasuna,4,0,H,1.33,4.75,10.0,1.35,5.37,10.09,0.7519,0.2105,0.1,1.0624,2021/2022,3,2022,football-data.co.uk,2026-05-11 11:53:34.057291
8589934870,2022-03-14,Mallorca,Real Madrid,0,3,A,6.0,4.0,1.57,6.3,4.39,1.56,0.1667,0.25,0.6369,1.0536,2021/2022,3,2022,football-data.co.uk,2026-05-11 11:53:34.057291
8589934871,2022-03-18,Ath Bilbao,Getafe,1,1,D,1.72,3.2,6.0,1.76,3.28,6.56,0.5814,0.3125,0.1667,1.0606,2021/2022,3,2022,football-data.co.uk,2026-05-11 11:53:34.057291
8589934872,2022-03-19,Alaves,Granada,2,3,A,2.0,3.3,4.0,2.06,3.32,4.22,0.5,0.303,0.25,1.053,2021/2022,3,2022,football-data.co.uk,2026-05-11 11:53:34.057291
8589934873,2022-03-19,Elche,Valencia,0,1,A,2.62,3.25,2.7,2.79,3.18,2.86,0.3817,0.3077,0.3704,1.0597,2021/2022,3,2022,football-data.co.uk,2026-05-11 11:53:34.057291
8589934874,2022-03-19,Osasuna,Levante,3,1,H,1.9,3.5,4.2,1.93,3.6,4.41,0.5263,0.2857,0.2381,1.0501,2021/2022,3,2022,football-data.co.uk,2026-05-11 11:53:34.057291
8589934875,2022-03-19,Vallecano,Ath Madrid,0,1,A,4.0,3.25,2.0,4.1,3.44,2.05,0.25,0.3077,0.5,1.0577,2021/2022,3,2022,football-data.co.uk,2026-05-11 11:53:34.057291
8589934876,2022-03-20,Espanol,Mallorca,1,0,H,2.05,3.5,3.5,2.15,3.48,3.7,0.4878,0.2857,0.2857,1.0592,2021/2022,3,2022,football-data.co.uk,2026-05-11 11:53:34.057291
8589934877,2022-03-20,Cadiz,Villarreal,1,0,H,4.75,3.5,1.83,4.94,3.58,1.85,0.2105,0.2857,0.5464,1.0427,2021/2022,3,2022,football-data.co.uk,2026-05-11 11:53:34.057291
8589934878,2022-03-20,Celta,Betis,0,0,D,2.2,3.5,3.2,2.22,3.54,3.45,0.4545,0.2857,0.3125,1.0528,2021/2022,3,2022,football-data.co.uk,2026-05-11 11:53:34.057291
8589934879,2022-03-20,Sevilla,Sociedad,0,0,D,2.05,3.25,3.8,2.16,3.21,4.01,0.4878,0.3077,0.2632,1.0587,2021/2022,3,2022,football-data.co.uk,2026-05-11 11:53:34.057291
8589934880,2022-03-20,Real Madrid,Barcelona,0,4,A,2.15,3.6,3.25,2.2,3.73,3.34,0.4651,0.2778,0.3077,1.0506,2021/2022,3,2022,football-data.co.uk,2026-05-11 11:53:34.057291
8589934881,2022-04-02,Getafe,Mallorca,1,0,H,2.15,3.0,4.0,2.22,3.05,4.1,0.4651,0.3333,0.25,1.0484,2021/2022,4,2022,football-data.co.uk,2026-05-11 11:53:34.057291
8589934882,2022-04-02,Levante,Villarreal,2,0,H,3.8,3.6,1.95,3.89,3.79,1.99,0.2632,0.2778,0.5128,1.0538,2021/2022,4,2022,football-data.co.uk,2026-05-11 11:53:34.057291
8589934883,2022-04-02,Celta,Real Madrid,1,2,A,4.0,3.6,1.9,4.19,3.76,1.93,0.25,0.2778,0.5263,1.0541,2021/2022,4,2022,football-data.co.uk,2026-05-11 11:53:34.057291
8589934884,2022-04-02,Ath Madrid,Alaves,4,1,H,1.33,4.8,10.0,1.38,4.76,11.11,0.7519,0.2083,0.1,1.0602,2021/2022,4,2022,football-data.co.uk,2026-05-11 11:53:34.057291
8589934885,2022-04-03,Ath Bilbao,Elche,2,1,H,1.45,4.2,7.5,1.49,4.47,7.67,0.6897,0.2381,0.1333,1.0611,2021/2022,4,2022,football-data.co.uk,2026-05-11 11:53:34.057291
8589934886,2022-04-03,Betis,Osasuna,4,1,H,1.9,3.5,4.0,2.0,3.42,4.34,0.5263,0.2857,0.25,1.062,2021/2022,4,2022,football-data.co.uk,2026-05-11 11:53:34.057291
8589934887,2022-04-03,Granada,Vallecano,2,2,D,2.6,3.1,2.9,2.71,3.15,2.99,0.3846,0.3226,0.3448,1.052,2021/2022,4,2022,football-data.co.uk,2026-05-11 11:53:34.057291
8589934888,2022-04-03,Valencia,Cadiz,0,0,D,1.85,3.3,4.75,1.92,3.36,4.88,0.5405,0.303,0.2105,1.0541,2021/2022,4,2022,football-data.co.uk,2026-05-11 11:53:34.057291
8589934889,2022-04-03,Barcelona,Sevilla,1,0,H,1.45,4.5,7.0,1.47,4.75,7.34,0.6897,0.2222,0.1429,1.0547,2021/2022,4,2022,football-data.co.uk,2026-05-11 11:53:34.057291
8589934890,2022-04-04,Sociedad,Espanol,1,0,H,1.6,4.0,5.75,1.58,4.32,6.16,0.625,0.25,0.1739,1.0489,2021/2022,4,2022,football-data.co.uk,2026-05-11 11:53:34.057291
8589934891,2022-04-08,Sevilla,Granada,4,2,H,1.5,4.33,7.0,1.48,4.4,8.07,0.6667,0.2309,0.1429,1.0405,2021/2022,4,2022,football-data.co.uk,2026-05-11 11:53:34.057291
8589934892,2022-04-09,Cadiz,Betis,1,2,A,3.4,3.2,2.25,3.58,3.25,2.3,0.2941,0.3125,0.4444,1.0511,2021/2022,4,2022,football-data.co.uk,2026-05-11 11:53:34.057291
8589934893,2022-04-09,Mallorca,Ath Madrid,1,0,H,4.0,3.4,1.95,4.51,3.42,1.96,0.25,0.2941,0.5128,1.0569,2021/2022,4,2022,football-data.co.uk,2026-05-11 11:53:34.057291
8589934894,2022-04-09,Villarreal,Ath Bilbao,1,1,D,2.3,3.4,3.1,2.39,3.33,3.29,0.4348,0.2941,0.3226,1.0515,2021/2022,4,2022,football-data.co.uk,2026-05-11 11:53:34.057291
8589934895,2022-04-09,Real Madrid,Getafe,2,0,H,1.4,4.5,8.5,1.41,4.75,9.55,0.7143,0.2222,0.1176,1.0542,2021/2022,4,2022,football-data.co.uk,2026-05-11 11:53:34.057291
8589934896,2022-04-10,Osasuna,Alaves,1,0,H,1.95,3.3,4.33,1.99,3.28,4.62,0.5128,0.303,0.2309,1.0468,2021/2022,4,2022,football-data.co.uk,2026-05-11 11:53:34.057291
8589934897,2022-04-10,Espanol,Celta,1,0,H,2.75,3.2,2.7,2.92,3.14,2.77,0.3636,0.3125,0.3704,1.0465,2021/2022,4,2022,football-data.co.uk,2026-05-11 11:53:34.057291
8589934898,2022-04-10,Elche,Sociedad,1,2,A,3.9,3.4,2.0,3.93,3.58,2.05,0.2564,0.2941,0.5,1.0505,2021/2022,4,2022,football-data.co.uk,2026-05-11 11:53:34.057291
8589934899,2022-04-10,Levante,Barcelona,2,3,A,6.0,5.0,1.45,6.99,5.05,1.46,0.1667,0.2,0.6897,1.0563,2021/2022,4,2022,football-data.co.uk,2026-05-11 11:53:34.057291
8589934900,2022-04-11,Vallecano,Valencia,1,1,D,2.2,3.3,3.3,2.26,3.33,3.59,0.4545,0.303,0.303,1.0606,2021/2022,4,2022,football-data.co.uk,2026-05-11 11:53:34.057291
8589934901,2022-04-15,Sociedad,Betis,0,0,D,2.1,3.5,3.4,2.17,3.55,3.57,0.4762,0.2857,0.2941,1.056,2021/2022,4,2022,football-data.co.uk,2026-05-11 11:53:34.057291
8589934902,2022-04-16,Elche,Mallorca,3,0,H,2.7,3.0,2.9,2.77,3.06,3.0,0.3704,0.3333,0.3448,1.0485,2021/2022,4,2022,football-data.co.uk,2026-05-11 11:53:34.057291
8589934903,2022-04-16,Alaves,Vallecano,1,0,H,2.7,3.1,2.8,2.78,3.21,2.85,0.3704,0.3226,0.3571,1.0501,2021/2022,4,2022,football-data.co.uk,2026-05-11 11:53:34.057291
8589934904,2022-04-16,Valencia,Osasuna,1,2,A,2.15,3.2,3.7,2.18,3.3,3.83,0.4651,0.3125,0.2703,1.0479,2021/2022,4,2022,football-data.co.uk,2026-05-11 11:53:34.057291
8589934905,2022-04-16,Getafe,Villarreal,1,2,A,3.1,3.1,2.5,3.21,3.13,2.56,0.3226,0.3226,0.4,1.0452,2021/2022,4,2022,football-data.co.uk,2026-05-11 11:53:34.057291
8589934906,2022-04-17,Granada,Levante,1,4,A,2.37,3.4,3.0,2.4,3.65,3.02,0.4219,0.2941,0.3333,1.0494,2021/2022,4,2022,football-data.co.uk,2026-05-11 11:53:34.057291
8589934907,2022-04-17,Ath Madrid,Espanol,2,1,H,1.4,4.5,8.5,1.44,4.68,8.65,0.7143,0.2222,0.1176,1.0542,2021/2022,4,2022,football-data.co.uk,2026-05-11 11:53:34.057291
8589934908,2022-04-17,Ath Bilbao,Celta,0,2,A,1.75,3.6,5.0,1.85,3.67,4.78,0.5714,0.2778,0.2,1.0492,2021/2022,4,2022,football-data.co.uk,2026-05-11 11:53:34.057291
8589934909,2022-04-17,Sevilla,Real Madrid,2,3,A,3.0,3.4,2.4,3.01,3.48,2.49,0.3333,0.2941,0.4167,1.0441,2021/2022,4,2022,football-data.co.uk,2026-05-11 11:53:34.057291
8589934910,2022-04-18,Barcelona,Cadiz,0,1,A,1.2,6.5,15.0,1.23,6.78,14.85,0.8333,0.1538,0.0667,1.0538,2021/2022,4,2022,football-data.co.uk,2026-05-11 11:53:34.057291
8589934911,2022-04-19,Mallorca,Alaves,2,1,H,1.95,3.3,4.2,2.0,3.28,4.55,0.5128,0.303,0.2381,1.0539,2021/2022,4,2022,football-data.co.uk,2026-05-11 11:53:34.057291
8589934912,2022-04-19,Betis,Elche,0,1,A,1.55,4.0,6.0,1.55,4.35,6.75,0.6452,0.25,0.1667,1.0618,2021/2022,4,2022,football-data.co.uk,2026-05-11 11:53:34.057291
8589934913,2022-04-19,Villarreal,Valencia,2,0,H,1.44,4.75,6.5,1.45,4.91,7.61,0.6944,0.2105,0.1538,1.0588,2021/2022,4,2022,football-data.co.uk,2026-05-11 11:53:34.057291
8589934914,2022-04-20,Ath Madrid,Granada,0,0,D,1.3,5.25,10.0,1.31,5.71,11.41,0.7692,0.1905,0.1,1.0597,2021/2022,4,2022,football-data.co.uk,2026-05-11 11:53:34.057291
8589934915,2022-04-20,Celta,Getafe,0,2,A,2.15,3.1,3.75,2.24,3.12,3.93,0.4651,0.3226,0.2667,1.0544,2021/2022,4,2022,football-data.co.uk,2026-05-11 11:53:34.057291
8589934916,2022-04-20,Osasuna,Real Madrid,1,3,A,5.0,3.75,1.66,5.67,3.9,1.69,0.2,0.2667,0.6024,1.0691,2021/2022,4,2022,football-data.co.uk,2026-05-11 11:53:34.057291
8589934917,2022-04-21,Espanol,Vallecano,0,1,A,2.37,3.2,3.1,2.5,3.2,3.23,0.4219,0.3125,0.3226,1.057,2021/2022,4,2022,football-data.co.uk,2026-05-11 11:53:34.057291
8589934918,2022-04-21,Levante,Sevilla,2,3,A,3.5,3.5,2.1,3.53,3.54,2.19,0.2857,0.2857,0.4762,1.0476,2021/2022,4,2022,football-data.co.uk,2026-05-11 11:53:34.057291
8589934919,2022-04-21,Cadiz,Ath Bilbao,2,3,A,3.4,3.0,2.3,3.57,3.13,2.37,0.2941,0.3333,0.4348,1.0622,2021/2022,4,2022,football-data.co.uk,2026-05-11 11:53:34.057291
8589934920,2022-04-21,Sociedad,Barcelona,0,1,A,3.5,3.5,2.1,3.48,3.7,2.15,0.2857,0.2857,0.4762,1.0476,2021/2022,4,2022,football-data.co.uk,2026-05-11 11:53:34.057291
8589934921,2022-04-24,Barcelona,Vallecano,0,1,A,1.3,5.5,10.0,1.33,5.56,10.84,0.7692,0.1818,0.1,1.051,2021/2022,4,2022,football-data.co.uk,2026-05-11 11:53:34.057291
8589934922,2022-04-29,Sevilla,Cadiz,1,1,D,1.65,3.5,6.0,1.65,3.77,6.57,0.6061,0.2857,0.1667,1.0584,2021/2022,4,2022,football-data.co.uk,2026-05-11 11:53:34.057291
8589934923,2022-04-30,Alaves,Villarreal,2,1,H,3.4,3.5,2.1,3.56,3.45,2.21,0.2941,0.2857,0.4762,1.056,2021/2022,4,2022,football-data.co.uk,2026-05-11 11:53:34.057291
8589934924,2022-04-30,Real Madrid,Espanol,4,0,H,1.5,4.5,6.0,1.51,4.58,6.99,0.6667,0.2222,0.1667,1.0556,2021/2022,4,2022,football-data.co.uk,2026-05-11 11:53:34.057291
8589934925,2022-04-30,Valencia,Levante,1,1,D,2.2,3.5,3.2,2.33,3.6,3.17,0.4545,0.2857,0.3125,1.0528,2021/2022,4,2022,football-data.co.uk,2026-05-11 11:53:34.057291
8589934926,2022-04-30,Ath Bilbao,Ath Madrid,2,0,H,3.0,3.0,2.55,3.08,3.14,2.64,0.3333,0.3333,0.3922,1.0588,2021/2022,4,2022,football-data.co.uk,2026-05-11 11:53:34.057291
8589934927,2022-05-01,Elche,Osasuna,1,1,D,2.8,3.2,2.7,2.87,3.19,2.78,0.3571,0.3125,0.3704,1.04,2021/2022,5,2022,football-data.co.uk,2026-05-11 11:53:34.057291
8589934928,2022-05-01,Granada,Celta,1,1,D,2.8,3.2,2.62,2.94,3.31,2.63,0.3571,0.3125,0.3817,1.0513,2021/2022,5,2022,football-data.co.uk,2026-05-11 11:53:34.057291
8589934929,2022-05-01,Vallecano,Sociedad,1,1,D,3.3,3.1,2.37,3.31,3.27,2.41,0.303,0.3226,0.4219,1.0476,2021/2022,5,2022,football-data.co.uk,2026-05-11 11:53:34.057291
8589934930,2022-05-01,Barcelona,Mallorca,2,1,H,1.3,5.5,9.0,1.32,5.85,10.03,0.7692,0.1818,0.1111,1.0622,2021/2022,5,2022,football-data.co.uk,2026-05-11 11:53:34.057291
8589934931,2022-05-02,Getafe,Betis,0,0,D,2.75,3.1,2.7,2.89,3.17,2.77,0.3636,0.3226,0.3704,1.0566,2021/2022,5,2022,football-data.co.uk,2026-05-11 11:53:34.057291
8589934932,2022-05-06,Levante,Sociedad,2,1,H,3.3,3.6,2.1,3.53,3.57,2.18,0.303,0.2778,0.4762,1.057,2021/2022,5,2022,football-data.co.uk,2026-05-11 11:53:34.057291
8589934933,2022-05-07,Mallorca,Granada,2,6,A,1.95,3.5,4.0,2.05,3.36,4.23,0.5128,0.2857,0.25,1.0485,2021/2022,5,2022,football-data.co.uk,2026-05-11 11:53:34.057291
8589934934,2022-05-07,Ath Bilbao,Valencia,0,0,D,1.55,4.0,6.5,1.56,4.27,6.65,0.6452,0.25,0.1538,1.049,2021/2022,5,2022,football-data.co.uk,2026-05-11 11:53:34.057291
8589934935,2022-05-07,Cadiz,Elche,3,0,H,1.7,3.75,5.0,1.75,3.75,5.38,0.5882,0.2667,0.2,1.0549,2021/2022,5,2022,football-data.co.uk,2026-05-11 11:53:34.057291
8589934936,2022-05-07,Celta,Alaves,4,0,H,1.9,3.4,4.33,1.94,3.47,4.55,0.5263,0.2941,0.2309,1.0514,2021/2022,5,2022,football-data.co.uk,2026-05-11 11:53:34.057291
8589934937,2022-05-07,Betis,Barcelona,1,2,A,3.0,3.6,2.25,3.17,3.83,2.24,0.3333,0.2778,0.4444,1.0556,2021/2022,5,2022,football-data.co.uk,2026-05-11 11:53:34.057291
8589934938,2022-05-08,Getafe,Vallecano,0,0,D,2.05,3.1,4.2,2.16,3.04,4.34,0.4878,0.3226,0.2381,1.0485,2021/2022,5,2022,football-data.co.uk,2026-05-11 11:53:34.057291
8589934939,2022-05-08,Villarreal,Sevilla,1,1,D,2.3,3.3,3.1,2.42,3.32,3.24,0.4348,0.303,0.3226,1.0604,2021/2022,5,2022,football-data.co.uk,2026-05-11 11:53:34.057291
8589934940,2022-05-08,Espanol,Osasuna,1,1,D,2.3,3.3,3.2,2.39,3.34,3.29,0.4348,0.303,0.3125,1.0503,2021/2022,5,2022,football-data.co.uk,2026-05-11 11:53:34.057291
8589934941,2022-05-08,Ath Madrid,Real Madrid,1,0,H,2.1,3.5,3.5,2.14,3.58,3.62,0.4762,0.2857,0.2857,1.0476,2021/2022,5,2022,football-data.co.uk,2026-05-11 11:53:34.057291
8589934942,2022-05-10,Valencia,Betis,0,3,A,3.1,3.4,2.2,3.24,3.46,2.36,0.3226,0.2941,0.4545,1.0712,2021/2022,5,2022,football-data.co.uk,2026-05-11 11:53:34.057291
8589934943,2022-05-10,Granada,Ath Bilbao,1,0,H,3.2,3.3,2.25,3.35,3.42,2.32,0.3125,0.303,0.4444,1.06,2021/2022,5,2022,football-data.co.uk,2026-05-11 11:53:34.057291
8589934944,2022-05-10,Barcelona,Celta,3,1,H,1.44,5.0,6.0,1.45,5.06,7.17,0.6944,0.2,0.1667,1.0611,2021/2022,5,2022,football-data.co.uk,2026-05-11 11:53:34.057291
8589934945,2022-05-11,Alaves,Espanol,2,1,H,2.1,3.4,3.5,2.16,3.6,3.55,0.4762,0.2941,0.2857,1.056,2021/2022,5,2022,football-data.co.uk,2026-05-11 11:53:34.057291
8589934946,2022-05-11,Osasuna,Getafe,1,1,D,2.7,2.9,3.0,2.79,2.98,3.05,0.3704,0.3448,0.3333,1.0485,2021/2022,5,2022,football-data.co.uk,2026-05-11 11:53:34.057291
8589934947,2022-05-11,Sevilla,Mallorca,0,0,D,1.61,4.0,5.5,1.63,3.96,6.24,0.6211,0.25,0.1818,1.0529,2021/2022,5,2022,football-data.co.uk,2026-05-11 11:53:34.057291
8589934948,2022-05-11,Elche,Ath Madrid,0,2,A,6.0,3.6,1.65,5.92,3.71,1.71,0.1667,0.2778,0.6061,1.0505,2021/2022,5,2022,football-data.co.uk,2026-05-11 11:53:34.057291
8589934949,2022-05-12,Sociedad,Cadiz,3,0,H,1.66,3.6,5.5,1.7,3.71,6.0,0.6024,0.2778,0.1818,1.062,2021/2022,5,2022,football-data.co.uk,2026-05-11 11:53:34.057291
8589934950,2022-05-12,Vallecano,Villarreal,1,5,A,4.2,3.8,1.8,4.55,3.84,1.84,0.2381,0.2632,0.5556,1.0568,2021/2022,5,2022,football-data.co.uk,2026-05-11 11:53:34.057291
8589934951,2022-05-12,Real Madrid,Levante,6,0,H,1.45,5.25,5.5,1.52,5.11,5.87,0.6897,0.1905,0.1818,1.0619,2021/2022,5,2022,football-data.co.uk,2026-05-11 11:53:34.057291
8589934952,2022-05-14,Espanol,Valencia,1,1,D,2.5,3.4,2.8,2.58,3.33,2.94,0.4,0.2941,0.3571,1.0513,2021/2022,5,2022,football-data.co.uk,2026-05-11 11:53:34.057291
8589934953,2022-05-15,Ath Bilbao,Osasuna,2,0,H,1.53,4.2,6.0,1.55,4.38,6.3,0.6536,0.2381,0.1667,1.0584,2021/2022,5,2022,football-data.co.uk,2026-05-11 11:53:34.057291
8589934954,2022-05-15,Ath Madrid,Sevilla,1,1,D,2.25,3.0,3.6,2.36,2.97,3.73,0.4444,0.3333,0.2778,1.0556,2021/2022,5,2022,football-data.co.uk,2026-05-11 11:53:34.057291
8589934955,2022-05-15,Betis,Granada,2,0,H,1.5,4.33,6.0,1.53,4.32,6.79,0.6667,0.2309,0.1667,1.0643,2021/2022,5,2022,football-data.co.uk,2026-05-11 11:53:34.057291
8589934956,2022-05-15,Cadiz,Real Madrid,1,1,D,3.3,3.3,2.2,3.37,3.46,2.26,0.303,0.303,0.4545,1.0606,2021/2022,5,2022,football-data.co.uk,2026-05-11 11:53:34.057291
8589934957,2022-05-15,Celta,Elche,1,0,H,1.65,3.8,5.5,1.63,3.95,6.03,0.6061,0.2632,0.1818,1.051,2021/2022,5,2022,football-data.co.uk,2026-05-11 11:53:34.057291
8589934958,2022-05-15,Getafe,Barcelona,0,0,D,3.75,3.25,2.1,3.75,3.22,2.22,0.2667,0.3077,0.4762,1.0505,2021/2022,5,2022,football-data.co.uk,2026-05-11 11:53:34.057291
8589934959,2022-05-15,Levante,Alaves,3,1,H,2.8,3.8,2.25,3.04,3.8,2.29,0.3571,0.2632,0.4444,1.0647,2021/2022,5,2022,football-data.co.uk,2026-05-11 11:53:34.057291
8589934960,2022-05-15,Mallorca,Vallecano,2,1,H,1.57,3.8,6.5,1.64,3.97,5.88,0.6369,0.2632,0.1538,1.0539,2021/2022,5,2022,football-data.co.uk,2026-05-11 11:53:34.057291
8589934961,2022-05-15,Villarreal,Sociedad,1,2,A,2.1,3.6,3.3,2.17,3.74,3.33,0.4762,0.2778,0.303,1.057,2021/2022,5,2022,football-data.co.uk,2026-05-11 11:53:34.057291
8589934962,2022-05-20,Real Madrid,Betis,0,0,D,1.65,4.5,4.33,1.72,4.4,4.53,0.6061,0.2222,0.2309,1.0592,2021/2022,5,2022,football-data.co.uk,2026-05-11 11:53:34.057291
8589934963,2022-05-20,Vallecano,Levante,2,4,A,1.85,4.0,3.8,1.89,4.07,3.91,0.5405,0.25,0.2632,1.0537,2021/2022,5,2022,football-data.co.uk,2026-05-11 11:53:34.057291
8589934964,2022-05-21,Valencia,Celta,2,0,H,2.75,3.3,2.62,2.79,3.33,2.71,0.3636,0.303,0.3817,1.0483,2021/2022,5,2022,football-data.co.uk,2026-05-11 11:53:34.057291
8589934965,2022-05-22,Elche,Getafe,3,1,H,3.1,2.87,2.62,3.13,2.93,2.73,0.3226,0.3484,0.3817,1.0527,2021/2022,5,2022,football-data.co.uk,2026-05-11 11:53:34.057291
8589934966,2022-05-22,Alaves,Cadiz,0,1,A,4.2,3.7,1.83,4.25,3.72,1.91,0.2381,0.2703,0.5464,1.0548,2021/2022,5,2022,football-data.co.uk,2026-05-11 11:53:34.057291
8589934967,2022-05-22,Granada,Espanol,0,0,D,1.44,4.33,7.5,1.45,4.76,7.65,0.6944,0.2309,0.1333,1.0587,2021/2022,5,2022,football-data.co.uk,2026-05-11 11:53:34.057291
8589934968,2022-05-22,Osasuna,Mallorca,0,2,A,3.3,3.4,2.2,3.41,3.46,2.24,0.303,0.2941,0.4545,1.0517,2021/2022,5,2022,football-data.co.uk,2026-05-11 11:53:34.057291
8589934969,2022-05-22,Barcelona,Villarreal,0,2,A,2.1,4.0,3.0,2.17,3.98,3.15,0.4762,0.25,0.3333,1.0595,2021/2022,5,2022,football-data.co.uk,2026-05-11 11:53:34.057291
8589934970,2022-05-22,Sevilla,Ath Bilbao,1,0,H,2.5,3.3,2.87,2.59,3.32,2.94,0.4,0.303,0.3484,1.0515,2021/2022,5,2022,football-data.co.uk,2026-05-11 11:53:34.057291
8589934971,2022-05-22,Sociedad,Ath Madrid,1,2,A,2.62,3.3,2.7,2.71,3.31,2.8,0.3817,0.303,0.3704,1.0551,2021/2022,5,2022,football-data.co.uk,2026-05-11 11:53:34.057291
17179869184,2022-08-12,Osasuna,Sevilla,2,1,H,3.2,3.1,2.4,3.38,3.1,2.48,0.3125,0.3226,0.4167,1.0517,2022/2023,8,2022,football-data.co.uk,2026-05-11 11:53:34.057291
17179869185,2022-08-13,Celta,Espanol,2,2,D,1.8,3.75,4.75,1.81,3.75,4.87,0.5556,0.2667,0.2105,1.0327,2022/2023,8,2022,football-data.co.uk,2026-05-11 11:53:34.057291
17179869186,2022-08-13,Valladolid,Villarreal,0,3,A,3.9,3.6,1.9,4.05,3.78,1.95,0.2564,0.2778,0.5263,1.0605,2022/2023,8,2022,football-data.co.uk,2026-05-11 11:53:34.057291
17179869187,2022-08-13,Barcelona,Vallecano,0,0,D,1.22,7.0,12.0,1.22,6.83,15.0,0.8197,0.1429,0.0833,1.0459,2022/2023,8,2022,football-data.co.uk,2026-05-11 11:53:34.057291
17179869188,2022-08-14,Cadiz,Sociedad,0,1,A,3.6,3.2,2.2,3.62,3.29,2.26,0.2778,0.3125,0.4545,1.0448,2022/2023,8,2022,football-data.co.uk,2026-05-11 11:53:34.057291
17179869189,2022-08-14,Valencia,Girona,1,0,H,1.85,3.4,4.5,1.94,3.42,4.65,0.5405,0.2941,0.2222,1.0569,2022/2023,8,2022,football-data.co.uk,2026-05-11 11:53:34.057291
17179869190,2022-08-14,Almeria,Real Madrid,1,2,A,7.5,5.0,1.4,7.38,5.0,1.45,0.1333,0.2,0.7143,1.0476,2022/2023,8,2022,football-data.co.uk,2026-05-11 11:53:34.057291
17179869191,2022-08-15,Ath Bilbao,Mallorca,0,0,D,1.6,3.75,6.5,1.61,3.94,6.73,0.625,0.2667,0.1538,1.0455,2022/2023,8,2022,football-data.co.uk,2026-05-11 11:53:34.057291
17179869192,2022-08-15,Getafe,Ath Madrid,0,3,A,5.0,3.1,1.9,4.99,3.14,1.98,0.2,0.3226,0.5263,1.0489,2022/2023,8,2022,football-data.co.uk,2026-05-11 11:53:34.057291
17179869193,2022-08-15,Betis,Elche,3,0,H,1.44,4.5,7.0,1.46,4.74,7.71,0.6944,0.2222,0.1429,1.0595,2022/2023,8,2022,football-data.co.uk,2026-05-11 11:53:34.057291
17179869194,2022-08-19,Espanol,Vallecano,0,2,A,2.45,3.1,3.1,2.56,3.04,3.3,0.4082,0.3226,0.3226,1.0533,2022/2023,8,2022,football-data.co.uk,2026-05-11 11:53:34.057291
17179869195,2022-08-19,Sevilla,Valladolid,1,1,D,1.5,4.2,6.5,1.56,4.21,6.92,0.6667,0.2381,0.1538,1.0586,2022/2023,8,2022,football-data.co.uk,2026-05-11 11:53:34.057291
17179869196,2022-08-20,Osasuna,Cadiz,2,0,H,1.9,3.25,4.5,1.97,3.27,4.76,0.5263,0.3077,0.2222,1.0562,2022/2023,8,2022,football-data.co.uk,2026-05-11 11:53:34.057291
17179869197,2022-08-20,Mallorca,Betis,1,2,A,3.1,3.2,2.4,3.18,3.35,2.44,0.3226,0.3125,0.4167,1.0517,2022/2023,8,2022,football-data.co.uk,2026-05-11 11:53:34.057291
17179869198,2022-08-20,Celta,Real Madrid,1,4,A,4.5,4.2,1.66,4.79,4.34,1.71,0.2222,0.2381,0.6024,1.0627,2022/2023,8,2022,football-data.co.uk,2026-05-11 11:53:34.057291
17179869199,2022-08-21,Ath Bilbao,Valencia,1,0,H,1.8,3.75,4.5,1.81,3.59,5.2,0.5556,0.2667,0.2222,1.0444,2022/2023,8,2022,football-data.co.uk,2026-05-11 11:53:34.057291
17179869200,2022-08-21,Ath Madrid,Villarreal,0,2,A,1.85,3.5,4.33,1.96,3.55,4.3,0.5405,0.2857,0.2309,1.0572,2022/2023,8,2022,football-data.co.uk,2026-05-11 11:53:34.057291
17179869201,2022-08-21,Sociedad,Barcelona,1,4,A,3.3,3.6,2.1,3.46,3.7,2.16,0.303,0.2778,0.4762,1.057,2022/2023,8,2022,football-data.co.uk,2026-05-11 11:53:34.057291
17179869202,2022-08-22,Elche,Almeria,1,1,D,2.5,3.2,3.0,2.6,3.2,3.08,0.4,0.3125,0.3333,1.0458,2022/2023,8,2022,football-data.co.uk,2026-05-11 11:53:34.057291
17179869203,2022-08-22,Girona,Getafe,3,1,H,2.8,2.9,2.9,2.85,2.83,3.15,0.3571,0.3448,0.3448,1.0468,2022/2023,8,2022,football-data.co.uk,2026-05-11 11:53:34.057291
17179869204,2022-08-26,Girona,Celta,0,1,A,2.8,3.1,2.75,2.81,3.15,2.87,0.3571,0.3226,0.3636,1.0434,2022/2023,8,2022,football-data.co.uk,2026-05-11 11:53:34.057291
17179869205,2022-08-26,Betis,Osasuna,1,0,H,1.8,3.6,4.75,1.82,3.77,4.78,0.5556,0.2778,0.2105,1.0439,2022/2023,8,2022,football-data.co.uk,2026-05-11 11:53:34.057291
17179869206,2022-08-27,Elche,Sociedad,0,1,A,3.6,3.2,2.15,3.82,3.21,2.23,0.2778,0.3125,0.4651,1.0554,2022/2023,8,2022,football-data.co.uk,2026-05-11 11:53:34.057291
17179869207,2022-08-27,Vallecano,Mallorca,0,2,A,2.05,3.25,4.0,2.08,3.23,4.3,0.4878,0.3077,0.25,1.0455,2022/2023,8,2022,football-data.co.uk,2026-05-11 11:53:34.057291
17179869208,2022-08-27,Almeria,Sevilla,2,1,H,3.6,3.25,2.15,3.72,3.29,2.23,0.2778,0.3077,0.4651,1.0506,2022/2023,8,2022,football-data.co.uk,2026-05-11 11:53:34.057291
17179869209,2022-08-28,Getafe,Villarreal,0,0,D,4.33,3.4,1.85,4.64,3.43,1.93,0.2309,0.2941,0.5405,1.0656,2022/2023,8,2022,football-data.co.uk,2026-05-11 11:53:34.057291
17179869210,2022-08-28,Barcelona,Valladolid,4,0,H,1.14,8.5,15.0,1.17,8.8,17.21,0.8772,0.1176,0.0667,1.0615,2022/2023,8,2022,football-data.co.uk,2026-05-11 11:53:34.057291
17179869211,2022-08-28,Espanol,Real Madrid,1,3,A,6.5,4.75,1.45,6.72,5.12,1.47,0.1538,0.2105,0.6897,1.054,2022/2023,8,2022,football-data.co.uk,2026-05-11 11:53:34.057291
17179869212,2022-08-29,Cadiz,Ath Bilbao,0,4,A,3.6,3.2,2.15,3.99,3.15,2.2,0.2778,0.3125,0.4651,1.0554,2022/2023,8,2022,football-data.co.uk,2026-05-11 11:53:34.057291
17179869213,2022-08-29,Valencia,Ath Madrid,0,1,A,4.0,3.3,2.0,4.13,3.37,2.06,0.25,0.303,0.5,1.053,2022/2023,8,2022,football-data.co.uk,2026-05-11 11:53:34.057291
17179869214,2022-09-02,Celta,Cadiz,3,0,H,1.66,3.6,5.5,1.67,3.74,6.33,0.6024,0.2778,0.1818,1.062,2022/2023,9,2022,football-data.co.uk,2026-05-11 11:53:34.057291
17179869215,2022-09-03,Mallorca,Girona,1,1,D,2.15,3.2,3.6,2.19,3.17,4.0,0.4651,0.3125,0.2778,1.0554,2022/2023,9,2022,football-data.co.uk,2026-05-11 11:53:34.057291
17179869216,2022-09-03,Real Madrid,Betis,2,1,H,1.4,5.25,6.5,1.46,5.19,6.72,0.7143,0.1905,0.1538,1.0586,2022/2023,9,2022,football-data.co.uk,2026-05-11 11:53:34.057291
17179869217,2022-09-03,Sociedad,Ath Madrid,1,1,D,2.9,3.2,2.55,3.04,3.22,2.62,0.3448,0.3125,0.3922,1.0495,2022/2023,9,2022,football-data.co.uk,2026-05-11 11:53:34.057291
17179869218,2022-09-03,Sevilla,Barcelona,0,3,A,4.5,3.6,1.8,4.67,3.77,1.83,0.2222,0.2778,0.5556,1.0556,2022/2023,9,2022,football-data.co.uk,2026-05-11 11:53:34.057291
17179869219,2022-09-04,Osasuna,Vallecano,2,1,H,2.0,3.1,4.33,2.07,3.09,4.61,0.5,0.3226,0.2309,1.0535,2022/2023,9,2022,football-data.co.uk,2026-05-11 11:53:34.057291
17179869220,2022-09-04,Ath Bilbao,Espanol,0,1,A,1.53,4.0,6.5,1.58,4.07,6.75,0.6536,0.25,0.1538,1.0574,2022/2023,9,2022,football-data.co.uk,2026-05-11 11:53:34.057291
17179869221,2022-09-04,Villarreal,Elche,4,0,H,1.33,5.0,10.0,1.37,5.17,9.9,0.7519,0.2,0.1,1.0519,2022/2023,9,2022,football-data.co.uk,2026-05-11 11:53:34.057291
17179869222,2022-09-04,Valencia,Getafe,5,1,H,1.9,3.2,4.5,2.01,3.12,4.85,0.5263,0.3125,0.2222,1.061,2022/2023,9,2022,football-data.co.uk,2026-05-11 11:53:34.057291
17179869223,2022-09-05,Valladolid,Almeria,1,0,H,2.3,3.3,3.1,2.38,3.32,3.31,0.4348,0.303,0.3226,1.0604,2022/2023,9,2022,football-data.co.uk,2026-05-11 11:53:34.057291
17179869224,2022-09-09,Girona,Valladolid,2,1,H,2.25,3.25,3.4,2.3,3.23,3.61,0.4444,0.3077,0.2941,1.0463,2022/2023,9,2022,football-data.co.uk,2026-05-11 11:53:34.057291
17179869225,2022-09-10,Vallecano,Valencia,2,1,H,2.62,3.1,2.87,2.69,3.16,3.0,0.3817,0.3226,0.3484,1.0527,2022/2023,9,2022,football-data.co.uk,2026-05-11 11:53:34.057291
17179869226,2022-09-10,Espanol,Sevilla,2,3,A,2.87,3.25,2.5,3.0,3.27,2.61,0.3484,0.3077,0.4,1.0561,2022/2023,9,2022,football-data.co.uk,2026-05-11 11:53:34.057291
17179869227,2022-09-10,Cadiz,Barcelona,0,4,A,13.0,6.5,1.22,14.0,6.18,1.25,0.0769,0.1538,0.8197,1.0504,2022/2023,9,2022,football-data.co.uk,2026-05-11 11:53:34.057291
17179869228,2022-09-10,Ath Madrid,Celta,4,1,H,1.61,3.8,6.0,1.66,3.87,6.07,0.6211,0.2632,0.1667,1.0509,2022/2023,9,2022,football-data.co.uk,2026-05-11 11:53:34.057291
17179869229,2022-09-11,Real Madrid,Mallorca,4,1,H,1.25,6.0,11.0,1.28,6.19,11.58,0.8,0.1667,0.0909,1.0576,2022/2023,9,2022,football-data.co.uk,2026-05-11 11:53:34.057291
17179869230,2022-09-11,Elche,Ath Bilbao,1,4,A,4.0,3.6,1.9,4.31,3.54,1.96,0.25,0.2778,0.5263,1.0541,2022/2023,9,2022,football-data.co.uk,2026-05-11 11:53:34.057291
17179869231,2022-09-11,Getafe,Sociedad,2,1,H,3.75,3.0,2.15,3.98,3.12,2.22,0.2667,0.3333,0.4651,1.0651,2022/2023,9,2022,football-data.co.uk,2026-05-11 11:53:34.057291
17179869232,2022-09-11,Betis,Villarreal,1,0,H,2.8,3.4,2.5,2.95,3.54,2.5,0.3571,0.2941,0.4,1.0513,2022/2023,9,2022,football-data.co.uk,2026-05-11 11:53:34.057291
17179869233,2022-09-12,Almeria,Osasuna,0,1,A,2.6,3.25,2.75,2.76,3.24,2.85,0.3846,0.3077,0.3636,1.0559,2022/2023,9,2022,football-data.co.uk,2026-05-11 11:53:34.057291
17179869234,2022-09-16,Valladolid,Cadiz,0,1,A,2.0,3.25,4.0,2.05,3.24,4.42,0.5,0.3077,0.25,1.0577,2022/2023,9,2022,football-data.co.uk,2026-05-11 11:53:34.057291
17179869235,2022-09-17,Mallorca,Almeria,1,0,H,2.0,3.3,4.0,2.04,3.33,4.3,0.5,0.303,0.25,1.053,2022/2023,9,2022,football-data.co.uk,2026-05-11 11:53:34.057291
17179869236,2022-09-17,Barcelona,Elche,3,0,H,1.08,11.0,26.0,1.11,11.42,23.95,0.9259,0.0909,0.0385,1.0553,2022/2023,9,2022,football-data.co.uk,2026-05-11 11:53:34.057291
17179869237,2022-09-17,Valencia,Celta,3,0,H,2.3,3.2,3.3,2.42,3.22,3.36,0.4348,0.3125,0.303,1.0503,2022/2023,9,2022,football-data.co.uk,2026-05-11 11:53:34.057291
17179869238,2022-09-17,Ath Bilbao,Vallecano,3,2,H,1.53,4.0,6.5,1.56,4.19,6.92,0.6536,0.25,0.1538,1.0574,2022/2023,9,2022,football-data.co.uk,2026-05-11 11:53:34.057291
17179869239,2022-09-18,Osasuna,Getafe,0,2,A,1.8,3.4,5.0,1.88,3.25,5.45,0.5556,0.2941,0.2,1.0497,2022/2023,9,2022,football-data.co.uk,2026-05-11 11:53:34.057291
17179869240,2022-09-18,Villarreal,Sevilla,1,1,D,1.7,3.8,5.0,1.72,3.97,5.19,0.5882,0.2632,0.2,1.0514,2022/2023,9,2022,football-data.co.uk,2026-05-11 11:53:34.057291
17179869241,2022-09-18,Betis,Girona,2,1,H,1.75,3.6,5.0,1.78,3.63,5.4,0.5714,0.2778,0.2,1.0492,2022/2023,9,2022,football-data.co.uk,2026-05-11 11:53:34.057291
17179869242,2022-09-18,Sociedad,Espanol,2,1,H,1.7,3.6,5.0,1.76,3.87,5.11,0.5882,0.2778,0.2,1.066,2022/2023,9,2022,football-data.co.uk,2026-05-11 11:53:34.057291
17179869243,2022-09-18,Ath Madrid,Real Madrid,1,2,A,3.1,3.4,2.3,3.23,3.54,2.33,0.3226,0.2941,0.4348,1.0515,2022/2023,9,2022,football-data.co.uk,2026-05-11 11:53:34.057291
17179869244,2022-09-30,Ath Bilbao,Almeria,4,0,H,1.33,5.0,9.5,1.39,5.0,9.35,0.7519,0.2,0.1053,1.0571,2022/2023,9,2022,football-data.co.uk,2026-05-11 11:53:34.057291
17179869245,2022-10-01,Cadiz,Villarreal,0,0,D,6.0,4.0,1.57,5.82,4.1,1.64,0.1667,0.25,0.6369,1.0536,2022/2023,10,2022,football-data.co.uk,2026-05-11 11:53:34.057291
17179869246,2022-10-01,Getafe,Valladolid,2,3,A,2.3,3.0,3.5,2.36,3.1,3.62,0.4348,0.3333,0.2857,1.0538,2022/2023,10,2022,football-data.co.uk,2026-05-11 11:53:34.057291
17179869247,2022-10-01,Sevilla,Ath Madrid,0,2,A,3.0,3.2,2.5,3.15,3.25,2.52,0.3333,0.3125,0.4,1.0458,2022/2023,10,2022,football-data.co.uk,2026-05-11 11:53:34.057291
17179869248,2022-10-01,Mallorca,Barcelona,0,1,A,9.0,5.0,1.36,8.8,5.53,1.37,0.1111,0.2,0.7353,1.0464,2022/2023,10,2022,football-data.co.uk,2026-05-11 11:53:34.057291
17179869249,2022-10-02,Espanol,Valencia,2,2,D,2.62,3.3,2.7,2.8,3.29,2.77,0.3817,0.303,0.3704,1.0551,2022/2023,10,2022,football-data.co.uk,2026-05-11 11:53:34.057291
17179869250,2022-10-02,Celta,Betis,1,0,H,2.45,3.4,2.87,2.51,3.49,2.96,0.4082,0.2941,0.3484,1.0507,2022/2023,10,2022,football-data.co.uk,2026-05-11 11:53:34.057291
17179869251,2022-10-02,Girona,Sociedad,3,5,A,3.25,3.2,2.3,3.37,3.34,2.35,0.3077,0.3125,0.4348,1.055,2022/2023,10,2022,football-data.co.uk,2026-05-11 11:53:34.057291
17179869252,2022-10-02,Real Madrid,Osasuna,1,1,D,1.3,5.5,9.5,1.35,5.63,9.33,0.7692,0.1818,0.1053,1.0563,2022/2023,10,2022,football-data.co.uk,2026-05-11 11:53:34.057291
17179869253,2022-10-03,Vallecano,Elche,2,1,H,1.72,3.6,5.25,1.74,3.82,5.31,0.5814,0.2778,0.1905,1.0496,2022/2023,10,2022,football-data.co.uk,2026-05-11 11:53:34.057291
17179869254,2022-10-07,Osasuna,Valencia,1,2,A,2.4,3.2,3.1,2.46,3.27,3.22,0.4167,0.3125,0.3226,1.0517,2022/2023,10,2022,football-data.co.uk,2026-05-11 11:53:34.057291
17179869255,2022-10-08,Almeria,Vallecano,3,1,H,2.9,3.3,2.55,3.12,3.23,2.55,0.3448,0.303,0.3922,1.04,2022/2023,10,2022,football-data.co.uk,2026-05-11 11:53:34.057291
17179869256,2022-10-08,Ath Madrid,Girona,2,1,H,1.45,4.33,7.5,1.51,4.47,7.32,0.6897,0.2309,0.1333,1.0539,2022/2023,10,2022,football-data.co.uk,2026-05-11 11:53:34.057291
17179869257,2022-10-08,Sevilla,Ath Bilbao,1,1,D,3.0,3.3,2.4,3.1,3.36,2.49,0.3333,0.303,0.4167,1.053,2022/2023,10,2022,football-data.co.uk,2026-05-11 11:53:34.057291
17179869258,2022-10-08,Getafe,Real Madrid,0,1,A,6.5,4.5,1.5,7.16,4.59,1.5,0.1538,0.2222,0.6667,1.0427,2022/2023,10,2022,football-data.co.uk,2026-05-11 11:53:34.057291
17179869259,2022-10-09,Valladolid,Betis,0,0,D,2.8,3.4,2.4,2.99,3.46,2.51,0.3571,0.2941,0.4167,1.0679,2022/2023,10,2022,football-data.co.uk,2026-05-11 11:53:34.057291
17179869260,2022-10-09,Cadiz,Espanol,2,2,D,2.87,3.2,2.55,3.02,3.12,2.7,0.3484,0.3125,0.3922,1.0531,2022/2023,10,2022,football-data.co.uk,2026-05-11 11:53:34.057291
17179869261,2022-10-09,Sociedad,Villarreal,1,0,H,2.5,3.4,2.75,2.64,3.35,2.9,0.4,0.2941,0.3636,1.0578,2022/2023,10,2022,football-data.co.uk,2026-05-11 11:53:34.057291
17179869262,2022-10-09,Barcelona,Celta,1,0,H,1.28,6.0,9.0,1.29,5.99,11.48,0.7813,0.1667,0.1111,1.059,2022/2023,10,2022,football-data.co.uk,2026-05-11 11:53:34.057291
17179869263,2022-10-10,Elche,Mallorca,1,1,D,3.0,3.1,2.5,3.21,3.05,2.61,0.3333,0.3226,0.4,1.0559,2022/2023,10,2022,football-data.co.uk,2026-05-11 11:53:34.057291
17179869264,2022-10-14,Vallecano,Getafe,0,0,D,2.05,3.2,3.8,2.09,3.16,4.39,0.4878,0.3125,0.2632,1.0635,2022/2023,10,2022,football-data.co.uk,2026-05-11 11:53:34.057291
17179869265,2022-10-15,Girona,Cadiz,1,1,D,1.9,3.3,4.5,1.97,3.22,4.9,0.5263,0.303,0.2222,1.0516,2022/2023,10,2022,football-data.co.uk,2026-05-11 11:53:34.057291
17179869266,2022-10-15,Valencia,Elche,2,2,D,1.4,4.75,7.5,1.42,4.98,8.4,0.7143,0.2105,0.1333,1.0581,2022/2023,10,2022,football-data.co.uk,2026-05-11 11:53:34.057291
17179869267,2022-10-15,Mallorca,Sevilla,0,1,A,2.9,3.0,2.7,2.95,3.14,2.74,0.3448,0.3333,0.3704,1.0485,2022/2023,10,2022,football-data.co.uk,2026-05-11 11:53:34.057291
17179869268,2022-10-15,Ath Bilbao,Ath Madrid,0,1,A,2.45,3.2,3.0,2.48,3.31,3.17,0.4082,0.3125,0.3333,1.054,2022/2023,10,2022,football-data.co.uk,2026-05-11 11:53:34.057291
17179869269,2022-10-16,Celta,Sociedad,1,2,A,2.6,3.2,2.8,2.65,3.25,2.97,0.3846,0.3125,0.3571,1.0543,2022/2023,10,2022,football-data.co.uk,2026-05-11 11:53:34.057291
17179869270,2022-10-16,Real Madrid,Barcelona,3,1,H,2.2,3.6,3.1,2.32,3.65,3.16,0.4545,0.2778,0.3226,1.0549,2022/2023,10,2022,football-data.co.uk,2026-05-11 11:53:34.057291
17179869271,2022-10-16,Espanol,Valladolid,1,0,H,2.2,3.3,3.5,2.25,3.36,3.57,0.4545,0.303,0.2857,1.0433,2022/2023,10,2022,football-data.co.uk,2026-05-11 11:53:34.057291
17179869272,2022-10-16,Betis,Almeria,3,1,H,1.57,4.1,5.75,1.58,4.35,6.09,0.6369,0.2439,0.1739,1.0548,2022/2023,10,2022,football-data.co.uk,2026-05-11 11:53:34.057291
17179869273,2022-10-17,Villarreal,Osasuna,2,0,H,1.57,4.2,6.0,1.58,4.28,6.33,0.6369,0.2381,0.1667,1.0417,2022/2023,10,2022,football-data.co.uk,2026-05-11 11:53:34.057291
17179869274,2022-10-18,Sevilla,Valencia,1,1,D,2.25,3.4,3.2,2.34,3.43,3.3,0.4444,0.2941,0.3125,1.0511,2022/2023,10,2022,football-data.co.uk,2026-05-11 11:53:34.057291
17179869275,2022-10-18,Getafe,Ath Bilbao,2,2,D,4.75,3.3,1.83,4.72,3.39,1.93,0.2105,0.303,0.5464,1.06,2022/2023,10,2022,football-data.co.uk,2026-05-11 11:53:34.057291
17179869276,2022-10-18,Ath Madrid,Vallecano,1,1,D,1.55,3.75,7.0,1.53,4.07,8.09,0.6452,0.2667,0.1429,1.0547,2022/2023,10,2022,football-data.co.uk,2026-05-11 11:53:34.057291
17179869277,2022-10-19,Cadiz,Betis,0,0,D,4.0,3.3,2.0,3.84,3.33,2.16,0.25,0.303,0.5,1.053,2022/2023,10,2022,football-data.co.uk,2026-05-11 11:53:34.057291
17179869278,2022-10-19,Valladolid,Celta,4,1,H,2.9,3.3,2.45,3.01,3.35,2.56,0.3448,0.303,0.4082,1.056,2022/2023,10,2022,football-data.co.uk,2026-05-11 11:53:34.057291
17179869279,2022-10-19,Sociedad,Mallorca,1,0,H,1.55,4.0,6.5,1.56,4.12,7.06,0.6452,0.25,0.1538,1.049,2022/2023,10,2022,football-data.co.uk,2026-05-11 11:53:34.057291
17179869280,2022-10-19,Elche,Real Madrid,0,3,A,8.5,5.75,1.3,9.9,5.69,1.34,0.1176,0.1739,0.7692,1.0608,2022/2023,10,2022,football-data.co.uk,2026-05-11 11:53:34.057291
17179869281,2022-10-20,Almeria,Girona,3,2,H,2.6,3.25,2.8,2.69,3.32,2.87,0.3846,0.3077,0.3571,1.0495,2022/2023,10,2022,football-data.co.uk,2026-05-11 11:53:34.057291
17179869282,2022-10-20,Osasuna,Espanol,1,0,H,2.05,3.6,3.5,2.1,3.51,3.82,0.4878,0.2778,0.2857,1.0513,2022/2023,10,2022,football-data.co.uk,2026-05-11 11:53:34.057291
17179869283,2022-10-20,Barcelona,Villarreal,3,0,H,1.5,4.5,6.0,1.5,4.91,6.48,0.6667,0.2222,0.1667,1.0556,2022/2023,10,2022,football-data.co.uk,2026-05-11 11:53:34.057291
17179869284,2022-10-22,Vallecano,Cadiz,5,1,H,1.72,3.5,5.25,1.76,3.64,5.52,0.5814,0.2857,0.1905,1.0576,2022/2023,10,2022,football-data.co.uk,2026-05-11 11:53:34.057291
17179869285,2022-10-22,Valladolid,Sociedad,1,0,H,3.6,3.4,2.05,3.76,3.46,2.14,0.2778,0.2941,0.4878,1.0597,2022/2023,10,2022,football-data.co.uk,2026-05-11 11:53:34.057291
17179869286,2022-10-22,Valencia,Mallorca,1,2,A,1.75,3.5,5.0,1.77,3.68,5.36,0.5714,0.2857,0.2,1.0571,2022/2023,10,2022,football-data.co.uk,2026-05-11 11:53:34.057291
17179869287,2022-10-22,Real Madrid,Sevilla,3,1,H,1.36,4.75,8.5,1.39,5.03,9.33,0.7353,0.2105,0.1176,1.0635,2022/2023,10,2022,football-data.co.uk,2026-05-11 11:53:34.057291
17179869288,2022-10-23,Espanol,Elche,2,2,D,1.66,3.75,5.25,1.7,3.97,5.37,0.6024,0.2667,0.1905,1.0596,2022/2023,10,2022,football-data.co.uk,2026-05-11 11:53:34.057291
17179869289,2022-10-23,Betis,Ath Madrid,1,2,A,3.2,3.3,2.3,3.18,3.42,2.41,0.3125,0.303,0.4348,1.0503,2022/2023,10,2022,football-data.co.uk,2026-05-11 11:53:34.057291
17179869290,2022-10-23,Girona,Osasuna,1,1,D,2.55,3.2,2.9,2.64,3.24,3.0,0.3922,0.3125,0.3448,1.0495,2022/2023,10,2022,football-data.co.uk,2026-05-11 11:53:34.057291
17179869291,2022-10-23,Villarreal,Almeria,2,1,H,1.36,4.75,9.0,1.37,5.29,9.27,0.7353,0.2105,0.1111,1.0569,2022/2023,10,2022,football-data.co.uk,2026-05-11 11:53:34.057291
17179869292,2022-10-23,Barcelona,Ath Bilbao,4,0,H,1.55,4.5,5.5,1.56,4.62,5.94,0.6452,0.2222,0.1818,1.0492,2022/2023,10,2022,football-data.co.uk,2026-05-11 11:53:34.057291
17179869293,2022-10-24,Celta,Getafe,1,1,D,1.75,3.5,5.0,1.79,3.54,5.42,0.5714,0.2857,0.2,1.0571,2022/2023,10,2022,football-data.co.uk,2026-05-11 11:53:34.057291
17179869294,2022-10-28,Mallorca,Espanol,1,1,D,2.25,3.1,3.4,2.34,3.09,3.69,0.4444,0.3226,0.2941,1.0611,2022/2023,10,2022,football-data.co.uk,2026-05-11 11:53:34.057291
17179869295,2022-10-29,Almeria,Celta,3,1,H,3.3,3.3,2.25,3.4,3.44,2.28,0.303,0.303,0.4444,1.0505,2022/2023,10,2022,football-data.co.uk,2026-05-11 11:53:34.057291
17179869296,2022-10-29,Cadiz,Ath Madrid,3,2,H,7.0,3.6,1.6,7.07,3.8,1.61,0.1429,0.2778,0.625,1.0456,2022/2023,10,2022,football-data.co.uk,2026-05-11 11:53:34.057291
17179869297,2022-10-29,Sevilla,Vallecano,0,1,A,2.0,3.3,4.0,2.02,3.46,4.21,0.5,0.303,0.25,1.053,2022/2023,10,2022,football-data.co.uk,2026-05-11 11:53:34.057291
17179869298,2022-10-29,Valencia,Barcelona,0,1,A,5.0,4.33,1.57,5.55,4.48,1.61,0.2,0.2309,0.6369,1.0679,2022/2023,10,2022,football-data.co.uk,2026-05-11 11:53:34.057291
17179869299,2022-10-30,Osasuna,Valladolid,2,0,H,1.9,3.4,4.33,1.93,3.49,4.55,0.5263,0.2941,0.2309,1.0514,2022/2023,10,2022,football-data.co.uk,2026-05-11 11:53:34.057291
17179869300,2022-10-30,Real Madrid,Girona,1,1,D,1.2,6.5,13.0,1.22,7.06,14.02,0.8333,0.1538,0.0769,1.0641,2022/2023,10,2022,football-data.co.uk,2026-05-11 11:53:34.057291
17179869301,2022-10-30,Ath Bilbao,Villarreal,1,0,H,2.2,3.3,3.4,2.22,3.49,3.5,0.4545,0.303,0.2941,1.0517,2022/2023,10,2022,football-data.co.uk,2026-05-11 11:53:34.057291
17179869302,2022-10-30,Sociedad,Betis,0,2,A,2.0,3.5,3.8,2.11,3.45,3.87,0.5,0.2857,0.2632,1.0489,2022/2023,10,2022,football-data.co.uk,2026-05-11 11:53:34.057291
17179869303,2022-10-31,Elche,Getafe,0,1,A,2.7,3.0,2.87,2.76,3.08,2.98,0.3704,0.3333,0.3484,1.0521,2022/2023,10,2022,football-data.co.uk,2026-05-11 11:53:34.057291
17179869304,2022-11-04,Girona,Ath Bilbao,2,1,H,3.75,3.5,2.0,3.94,3.66,2.02,0.2667,0.2857,0.5,1.0524,2022/2023,11,2022,football-data.co.uk,2026-05-11 11:53:34.057291
17179869305,2022-11-05,Getafe,Cadiz,0,0,D,2.2,3.1,3.75,2.24,3.1,3.94,0.4545,0.3226,0.2667,1.0438,2022/2023,11,2022,football-data.co.uk,2026-05-11 11:53:34.057291
17179869306,2022-11-05,Valladolid,Elche,2,1,H,1.83,3.6,4.33,1.83,3.85,4.62,0.5464,0.2778,0.2309,1.0552,2022/2023,11,2022,football-data.co.uk,2026-05-11 11:53:34.057291
17179869307,2022-11-05,Celta,Osasuna,1,2,A,2.1,3.3,3.75,2.19,3.36,3.73,0.4762,0.303,0.2667,1.0459,2022/2023,11,2022,football-data.co.uk,2026-05-11 11:53:34.057291
17179869308,2022-11-05,Barcelona,Almeria,2,0,H,1.08,10.0,26.0,1.1,11.76,29.47,0.9259,0.1,0.0385,1.0644,2022/2023,11,2022,football-data.co.uk,2026-05-11 11:53:34.057291
17179869309,2022-11-06,Ath Madrid,Espanol,1,1,D,1.44,4.5,8.0,1.45,4.49,8.64,0.6944,0.2222,0.125,1.0417,2022/2023,11,2022,football-data.co.uk,2026-05-11 11:53:34.057291
17179869310,2022-11-06,Sociedad,Valencia,1,1,D,1.95,3.4,4.0,1.98,3.45,4.4,0.5128,0.2941,0.25,1.0569,2022/2023,11,2022,football-data.co.uk,2026-05-11 11:53:34.057291
17179869311,2022-11-06,Villarreal,Mallorca,0,2,A,1.57,4.0,5.75,1.63,4.02,6.22,0.6369,0.25,0.1739,1.0609,2022/2023,11,2022,football-data.co.uk,2026-05-11 11:53:34.057291
17179869312,2022-11-06,Betis,Sevilla,1,1,D,2.2,3.2,3.6,2.19,3.33,3.77,0.4545,0.3125,0.2778,1.0448,2022/2023,11,2022,football-data.co.uk,2026-05-11 11:53:34.057291
17179869313,2022-11-07,Vallecano,Real Madrid,3,2,H,4.75,4.2,1.65,5.6,4.1,1.66,0.2105,0.2381,0.6061,1.0547,2022/2023,11,2022,football-data.co.uk,2026-05-11 11:53:34.057291
17179869314,2022-11-08,Elche,Girona,1,2,A,3.25,3.3,2.2,3.42,3.35,2.32,0.3077,0.303,0.4545,1.0653,2022/2023,11,2022,football-data.co.uk,2026-05-11 11:53:34.057291
17179869315,2022-11-08,Ath Bilbao,Valladolid,3,0,H,1.4,4.5,7.5,1.44,4.71,8.39,0.7143,0.2222,0.1333,1.0698,2022/2023,11,2022,football-data.co.uk,2026-05-11 11:53:34.057291
17179869316,2022-11-08,Osasuna,Barcelona,1,2,A,5.75,4.2,1.53,6.35,4.36,1.56,0.1739,0.2381,0.6536,1.0656,2022/2023,11,2022,football-data.co.uk,2026-05-11 11:53:34.057291
17179869317,2022-11-09,Almeria,Getafe,1,0,H,2.15,3.3,3.5,2.27,3.2,3.72,0.4651,0.303,0.2857,1.0539,2022/2023,11,2022,football-data.co.uk,2026-05-11 11:53:34.057291
17179869318,2022-11-09,Sevilla,Sociedad,1,2,A,2.6,3.2,2.8,2.66,3.25,2.96,0.3846,0.3125,0.3571,1.0543,2022/2023,11,2022,football-data.co.uk,2026-05-11 11:53:34.057291
17179869319,2022-11-09,Espanol,Villarreal,0,1,A,3.2,3.2,2.37,3.17,3.36,2.44,0.3125,0.3125,0.4219,1.0469,2022/2023,11,2022,football-data.co.uk,2026-05-11 11:53:34.057291
17179869320,2022-11-09,Mallorca,Ath Madrid,1,0,H,3.8,3.1,2.1,3.92,3.23,2.19,0.2632,0.3226,0.4762,1.0619,2022/2023,11,2022,football-data.co.uk,2026-05-11 11:53:34.057291
17179869321,2022-11-10,Vallecano,Celta,0,0,D,2.2,3.2,3.5,2.19,3.34,3.76,0.4545,0.3125,0.2857,1.0528,2022/2023,11,2022,football-data.co.uk,2026-05-11 11:53:34.057291
17179869322,2022-11-10,Valencia,Betis,3,0,H,2.1,3.4,3.6,2.2,3.4,3.65,0.4762,0.2941,0.2778,1.0481,2022/2023,11,2022,football-data.co.uk,2026-05-11 11:53:34.057291
17179869323,2022-11-10,Real Madrid,Cadiz,2,1,H,1.14,8.5,15.0,1.15,9.0,22.56,0.8772,0.1176,0.0667,1.0615,2022/2023,11,2022,football-data.co.uk,2026-05-11 11:53:34.057291
17179869324,2022-12-29,Girona,Vallecano,2,2,D,2.3,3.2,3.3,2.34,3.37,3.37,0.4348,0.3125,0.303,1.0503,2022/2023,12,2022,football-data.co.uk,2026-05-11 11:53:34.057291
17179869325,2022-12-29,Betis,Ath Bilbao,0,0,D,2.88,3.3,2.5,2.95,3.47,2.53,0.3472,0.303,0.4,1.0503,2022/2023,12,2022,football-data.co.uk,2026-05-11 11:53:34.057291
17179869326,2022-12-29,Ath Madrid,Elche,2,0,H,1.29,5.5,10.0,1.3,5.88,11.76,0.7752,0.1818,0.1,1.057,2022/2023,12,2022,football-data.co.uk,2026-05-11 11:53:34.057291
17179869327,2022-12-30,Getafe,Mallorca,2,0,H,2.75,2.75,3.1,2.91,2.78,3.15,0.3636,0.3636,0.3226,1.0499,2022/2023,12,2022,football-data.co.uk,2026-05-11 11:53:34.057291
17179869328,2022-12-30,Cadiz,Almeria,1,1,D,2.38,3.1,3.25,2.39,3.23,3.39,0.4202,0.3226,0.3077,1.0504,2022/2023,12,2022,football-data.co.uk,2026-05-11 11:53:34.057291
17179869329,2022-12-30,Celta,Sevilla,1,1,D,2.2,3.3,3.4,2.24,3.43,3.52,0.4545,0.303,0.2941,1.0517,2022/2023,12,2022,football-data.co.uk,2026-05-11 11:53:34.057291
17179869330,2022-12-30,Valladolid,Real Madrid,0,2,A,6.5,4.75,1.45,6.56,4.71,1.51,0.1538,0.2105,0.6897,1.054,2022/2023,12,2022,football-data.co.uk,2026-05-11 11:53:34.057291
17179869331,2022-12-31,Barcelona,Espanol,1,1,D,1.25,6.5,10.0,1.26,6.57,11.89,0.8,0.1538,0.1,1.0538,2022/2023,12,2022,football-data.co.uk,2026-05-11 11:53:34.057291
17179869332,2022-12-31,Sociedad,Osasuna,2,0,H,1.85,3.3,4.75,1.92,3.48,4.67,0.5405,0.303,0.2105,1.0541,2022/2023,12,2022,football-data.co.uk,2026-05-11 11:53:34.057291
17179869333,2022-12-31,Villarreal,Valencia,2,1,H,1.95,3.4,4.2,2.02,3.4,4.29,0.5128,0.2941,0.2381,1.045,2022/2023,12,2022,football-data.co.uk,2026-05-11 11:53:34.057291
17179869334,2023-01-06,Elche,Celta,0,1,A,4.0,3.25,1.95,4.26,3.31,2.06,0.25,0.3077,0.5128,1.0705,2022/2023,1,2023,football-data.co.uk,2026-05-11 11:53:34.057291
17179869335,2023-01-06,Valencia,Cadiz,0,1,A,1.57,4.0,5.75,1.61,4.15,6.2,0.6369,0.25,0.1739,1.0609,2022/2023,1,2023,football-data.co.uk,2026-05-11 11:53:34.057291
17179869336,2023-01-07,Villarreal,Real Madrid,2,1,H,3.25,3.8,2.05,3.42,3.86,2.12,0.3077,0.2632,0.4878,1.0587,2022/2023,1,2023,football-data.co.uk,2026-05-11 11:53:34.057291
17179869337,2023-01-07,Mallorca,Valladolid,1,0,H,1.95,3.3,4.2,1.99,3.39,4.45,0.5128,0.303,0.2381,1.0539,2022/2023,1,2023,football-data.co.uk,2026-05-11 11:53:34.057291
17179869338,2023-01-07,Espanol,Girona,2,2,D,2.25,3.4,3.2,2.37,3.44,3.23,0.4444,0.2941,0.3125,1.0511,2022/2023,1,2023,football-data.co.uk,2026-05-11 11:53:34.057291
17179869339,2023-01-08,Almeria,Sociedad,0,2,A,4.2,3.3,1.95,4.35,3.37,2.01,0.2381,0.303,0.5128,1.0539,2022/2023,1,2023,football-data.co.uk,2026-05-11 11:53:34.057291
17179869340,2023-01-08,Vallecano,Betis,1,2,A,2.3,3.3,3.2,2.38,3.33,3.31,0.4348,0.303,0.3125,1.0503,2022/2023,1,2023,football-data.co.uk,2026-05-11 11:53:34.057291
17179869341,2023-01-08,Sevilla,Getafe,2,1,H,1.75,3.4,5.25,1.79,3.49,5.58,0.5714,0.2941,0.1905,1.056,2022/2023,1,2023,football-data.co.uk,2026-05-11 11:53:34.057291
17179869342,2023-01-08,Ath Madrid,Barcelona,0,1,A,3.1,3.4,2.3,3.21,3.51,2.35,0.3226,0.2941,0.4348,1.0515,2022/2023,1,2023,football-data.co.uk,2026-05-11 11:53:34.057291
17179869343,2023-01-09,Ath Bilbao,Osasuna,0,0,D,1.67,3.6,5.75,1.7,3.65,6.1,0.5988,0.2778,0.1739,1.0505,2022/2023,1,2023,football-data.co.uk,2026-05-11 11:53:34.057291
17179869344,2023-01-13,Celta,Villarreal,1,1,D,2.88,3.3,2.5,2.86,3.37,2.67,0.3472,0.303,0.4,1.0503,2022/2023,1,2023,football-data.co.uk,2026-05-11 11:53:34.057291
17179869345,2023-01-14,Valladolid,Vallecano,0,1,A,2.75,3.25,2.63,2.86,3.3,2.72,0.3636,0.3077,0.3802,1.0516,2022/2023,1,2023,football-data.co.uk,2026-05-11 11:53:34.057291
17179869346,2023-01-14,Girona,Sevilla,2,1,H,2.38,3.4,3.0,2.43,3.42,3.14,0.4202,0.2941,0.3333,1.0476,2022/2023,1,2023,football-data.co.uk,2026-05-11 11:53:34.057291
17179869347,2023-01-14,Osasuna,Mallorca,1,0,H,2.0,3.1,4.33,2.11,3.1,4.43,0.5,0.3226,0.2309,1.0535,2022/2023,1,2023,football-data.co.uk,2026-05-11 11:53:34.057291
17179869348,2023-01-14,Sociedad,Ath Bilbao,3,1,H,2.4,3.2,3.1,2.47,3.25,3.23,0.4167,0.3125,0.3226,1.0517,2022/2023,1,2023,football-data.co.uk,2026-05-11 11:53:34.057291
17179869349,2023-01-15,Getafe,Espanol,1,2,A,2.5,3.0,3.1,2.59,3.02,3.29,0.4,0.3333,0.3226,1.0559,2022/2023,1,2023,football-data.co.uk,2026-05-11 11:53:34.057291
17179869350,2023-01-15,Almeria,Ath Madrid,1,1,D,5.0,3.75,1.7,5.1,3.94,1.74,0.2,0.2667,0.5882,1.0549,2022/2023,1,2023,football-data.co.uk,2026-05-11 11:53:34.057291
17179869351,2023-01-16,Cadiz,Elche,1,1,D,1.91,3.4,4.33,1.97,3.43,4.44,0.5236,0.2941,0.2309,1.0486,2022/2023,1,2023,football-data.co.uk,2026-05-11 11:53:34.057291
17179869352,2023-01-20,Mallorca,Celta,1,0,H,2.8,2.75,3.0,2.89,2.79,3.15,0.3571,0.3636,0.3333,1.0541,2022/2023,1,2023,football-data.co.uk,2026-05-11 11:53:34.057291
17179869353,2023-01-21,Vallecano,Sociedad,0,2,A,3.1,3.2,2.38,3.21,3.23,2.49,0.3226,0.3125,0.4202,1.0552,2022/2023,1,2023,football-data.co.uk,2026-05-11 11:53:34.057291
17179869354,2023-01-21,Espanol,Betis,1,0,H,2.7,3.2,2.7,2.87,3.16,2.8,0.3704,0.3125,0.3704,1.0532,2022/2023,1,2023,football-data.co.uk,2026-05-11 11:53:34.057291
17179869355,2023-01-21,Ath Madrid,Valladolid,3,0,H,1.4,4.75,8.5,1.4,4.87,9.39,0.7143,0.2105,0.1176,1.0425,2022/2023,1,2023,football-data.co.uk,2026-05-11 11:53:34.057291
17179869356,2023-01-21,Sevilla,Cadiz,1,0,H,1.7,3.75,5.0,1.71,3.78,5.65,0.5882,0.2667,0.2,1.0549,2022/2023,1,2023,football-data.co.uk,2026-05-11 11:53:34.057291
17179869357,2023-01-22,Villarreal,Girona,1,0,H,1.73,3.8,4.5,1.76,4.06,4.76,0.578,0.2632,0.2222,1.0634,2022/2023,1,2023,football-data.co.uk,2026-05-11 11:53:34.057291
17179869358,2023-01-22,Elche,Osasuna,1,1,D,3.5,3.25,2.15,3.8,3.26,2.21,0.2857,0.3077,0.4651,1.0585,2022/2023,1,2023,football-data.co.uk,2026-05-11 11:53:34.057291
17179869359,2023-01-22,Barcelona,Getafe,1,0,H,1.18,8.0,15.0,1.19,7.62,17.95,0.8475,0.125,0.0667,1.0391,2022/2023,1,2023,football-data.co.uk,2026-05-11 11:53:34.057291
17179869360,2023-01-22,Ath Bilbao,Real Madrid,0,2,A,2.9,3.4,2.38,3.0,3.5,2.48,0.3448,0.2941,0.4202,1.0591,2022/2023,1,2023,football-data.co.uk,2026-05-11 11:53:34.057291
17179869361,2023-01-23,Valencia,Almeria,2,2,D,1.6,4.2,5.25,1.65,4.25,5.51,0.625,0.2381,0.1905,1.0536,2022/2023,1,2023,football-data.co.uk,2026-05-11 11:53:34.057291
17179869362,2023-01-27,Almeria,Espanol,3,1,H,2.38,3.1,3.2,2.44,3.22,3.32,0.4202,0.3226,0.3125,1.0552,2022/2023,1,2023,football-data.co.uk,2026-05-11 11:53:34.057291
17179869363,2023-01-28,Cadiz,Mallorca,2,0,H,2.88,2.8,2.9,2.98,2.82,3.02,0.3472,0.3571,0.3448,1.0492,2022/2023,1,2023,football-data.co.uk,2026-05-11 11:53:34.057291
17179869364,2023-01-28,Girona,Barcelona,0,1,A,5.0,4.33,1.57,5.32,4.39,1.64,0.2,0.2309,0.6369,1.0679,2022/2023,1,2023,football-data.co.uk,2026-05-11 11:53:34.057291
17179869365,2023-01-28,Sevilla,Elche,3,0,H,1.53,4.0,7.0,1.53,4.21,7.42,0.6536,0.25,0.1429,1.0465,2022/2023,1,2023,football-data.co.uk,2026-05-11 11:53:34.057291
17179869366,2023-01-28,Getafe,Betis,0,1,A,3.2,2.88,2.63,3.3,2.88,2.69,0.3125,0.3472,0.3802,1.04,2022/2023,1,2023,football-data.co.uk,2026-05-11 11:53:34.057291
17179869367,2023-01-29,Valladolid,Valencia,1,0,H,3.25,3.1,2.4,3.24,3.28,2.45,0.3077,0.3226,0.4167,1.0469,2022/2023,1,2023,football-data.co.uk,2026-05-11 11:53:34.057291
17179869368,2023-01-29,Osasuna,Ath Madrid,0,1,A,3.6,3.1,2.2,3.85,3.24,2.2,0.2778,0.3226,0.4545,1.0549,2022/2023,1,2023,football-data.co.uk,2026-05-11 11:53:34.057291
17179869369,2023-01-29,Celta,Ath Bilbao,1,0,H,2.88,3.0,2.7,2.94,3.09,2.8,0.3472,0.3333,0.3704,1.0509,2022/2023,1,2023,football-data.co.uk,2026-05-11 11:53:34.057291
17179869370,2023-01-29,Real Madrid,Sociedad,0,0,D,1.67,3.8,5.0,1.73,4.02,5.05,0.5988,0.2632,0.2,1.062,2022/2023,1,2023,football-data.co.uk,2026-05-11 11:53:34.057291
17179869371,2023-01-30,Villarreal,Vallecano,0,1,A,1.67,3.8,5.25,1.72,3.85,5.41,0.5988,0.2632,0.1905,1.0524,2022/2023,1,2023,football-data.co.uk,2026-05-11 11:53:34.057291
17179869372,2023-02-01,Betis,Barcelona,1,2,A,5.0,3.8,1.67,5.24,4.17,1.68,0.2,0.2632,0.5988,1.062,2022/2023,2,2023,football-data.co.uk,2026-05-11 11:53:34.057291
17179869373,2023-02-02,Real Madrid,Valencia,2,0,H,1.44,4.75,6.5,1.43,5.17,7.39,0.6944,0.2105,0.1538,1.0588,2022/2023,2,2023,football-data.co.uk,2026-05-11 11:53:34.057291
17179869374,2023-02-03,Ath Bilbao,Cadiz,4,1,H,1.36,4.5,9.5,1.39,4.75,10.29,0.7353,0.2222,0.1053,1.0628,2022/2023,2,2023,football-data.co.uk,2026-05-11 11:53:34.057291
17179869375,2023-02-04,Espanol,Osasuna,1,1,D,2.55,3.0,3.0,2.69,3.07,3.08,0.3922,0.3333,0.3333,1.0588,2022/2023,2,2023,football-data.co.uk,2026-05-11 11:53:34.057291
17179869376,2023-02-04,Elche,Villarreal,3,1,H,5.0,3.8,1.67,5.62,3.85,1.7,0.2,0.2632,0.5988,1.062,2022/2023,2,2023,football-data.co.uk,2026-05-11 11:53:34.057291
17179869377,2023-02-04,Ath Madrid,Getafe,1,1,D,1.4,4.33,9.0,1.42,4.31,10.91,0.7143,0.2309,0.1111,1.0563,2022/2023,2,2023,football-data.co.uk,2026-05-11 11:53:34.057291
17179869378,2023-02-04,Betis,Celta,3,4,A,2.2,3.2,3.5,2.23,3.18,3.85,0.4545,0.3125,0.2857,1.0528,2022/2023,2,2023,football-data.co.uk,2026-05-11 11:53:34.057291
17179869379,2023-02-05,Mallorca,Real Madrid,1,0,H,5.0,3.5,1.73,5.22,3.7,1.78,0.2,0.2857,0.578,1.0637,2022/2023,2,2023,football-data.co.uk,2026-05-11 11:53:34.057291
17179869380,2023-02-05,Girona,Valencia,1,0,H,2.2,3.2,3.5,2.28,3.39,3.47,0.4545,0.3125,0.2857,1.0528,2022/2023,2,2023,football-data.co.uk,2026-05-11 11:53:34.057291
17179869381,2023-02-05,Sociedad,Valladolid,0,1,A,1.44,4.33,7.5,1.45,4.45,8.9,0.6944,0.2309,0.1333,1.0587,2022/2023,2,2023,football-data.co.uk,2026-05-11 11:53:34.057291
17179869382,2023-02-05,Barcelona,Sevilla,3,0,H,1.33,5.25,8.5,1.34,5.51,10.19,0.7519,0.1905,0.1176,1.06,2022/2023,2,2023,football-data.co.uk,2026-05-11 11:53:34.057291
17179869383,2023-02-06,Vallecano,Almeria,2,0,H,1.73,3.6,5.0,1.76,3.8,5.19,0.578,0.2778,0.2,1.0558,2022/2023,2,2023,football-data.co.uk,2026-05-11 11:53:34.057291
17179869384,2023-02-10,Cadiz,Girona,2,0,H,3.0,3.2,2.45,3.19,3.2,2.53,0.3333,0.3125,0.4082,1.054,2022/2023,2,2023,football-data.co.uk,2026-05-11 11:53:34.057291
17179869385,2023-02-11,Almeria,Betis,2,3,A,2.8,3.4,2.5,3.04,3.38,2.52,0.3571,0.2941,0.4,1.0513,2022/2023,2,2023,football-data.co.uk,2026-05-11 11:53:34.057291
17179869386,2023-02-11,Sevilla,Mallorca,2,0,H,1.91,3.2,4.5,1.99,3.17,4.88,0.5236,0.3125,0.2222,1.0583,2022/2023,2,2023,football-data.co.uk,2026-05-11 11:53:34.057291
17179869387,2023-02-11,Valencia,Ath Bilbao,1,2,A,3.0,3.2,2.45,3.13,3.28,2.51,0.3333,0.3125,0.4082,1.054,2022/2023,2,2023,football-data.co.uk,2026-05-11 11:53:34.057291
17179869388,2023-02-12,Getafe,Vallecano,1,1,D,2.8,2.9,2.88,2.96,2.85,3.01,0.3571,0.3448,0.3472,1.0492,2022/2023,2,2023,football-data.co.uk,2026-05-11 11:53:34.057291
17179869389,2023-02-12,Celta,Ath Madrid,0,1,A,3.6,3.1,2.2,3.78,3.25,2.22,0.2778,0.3226,0.4545,1.0549,2022/2023,2,2023,football-data.co.uk,2026-05-11 11:53:34.057291
17179869390,2023-02-12,Valladolid,Osasuna,0,0,D,2.75,3.1,2.7,2.86,3.09,2.87,0.3636,0.3226,0.3704,1.0566,2022/2023,2,2023,football-data.co.uk,2026-05-11 11:53:34.057291
17179869391,2023-02-12,Villarreal,Barcelona,0,1,A,3.75,4.0,1.85,4.32,3.96,1.85,0.2667,0.25,0.5405,1.0572,2022/2023,2,2023,football-data.co.uk,2026-05-11 11:53:34.057291
17179869392,2023-02-13,Espanol,Sociedad,2,3,A,3.5,3.0,2.3,3.66,3.12,2.33,0.2857,0.3333,0.4348,1.0538,2022/2023,2,2023,football-data.co.uk,2026-05-11 11:53:34.057291
17179869393,2023-02-15,Real Madrid,Elche,4,0,H,1.18,7.5,15.0,1.2,7.35,15.54,0.8475,0.1333,0.0667,1.0475,2022/2023,2,2023,football-data.co.uk,2026-05-11 11:53:34.057291
17179869394,2023-02-17,Girona,Almeria,6,2,H,1.8,3.75,4.33,1.86,3.71,4.61,0.5556,0.2667,0.2309,1.0532,2022/2023,2,2023,football-data.co.uk,2026-05-11 11:53:34.057291
17179869395,2023-02-18,Sociedad,Celta,1,1,D,1.8,3.3,5.25,1.81,3.5,5.39,0.5556,0.303,0.1905,1.0491,2022/2023,2,2023,football-data.co.uk,2026-05-11 11:53:34.057291
17179869396,2023-02-18,Betis,Valladolid,2,1,H,1.6,3.75,6.5,1.66,3.91,5.98,0.625,0.2667,0.1538,1.0455,2022/2023,2,2023,football-data.co.uk,2026-05-11 11:53:34.057291
17179869397,2023-02-18,Mallorca,Villarreal,4,2,H,3.2,3.0,2.45,3.53,2.95,2.5,0.3125,0.3333,0.4082,1.054,2022/2023,2,2023,football-data.co.uk,2026-05-11 11:53:34.057291
17179869398,2023-02-18,Osasuna,Real Madrid,0,2,A,4.33,3.6,1.8,4.73,3.7,1.85,0.2309,0.2778,0.5556,1.0643,2022/2023,2,2023,football-data.co.uk,2026-05-11 11:53:34.057291
17179869399,2023-02-19,Elche,Espanol,0,1,A,2.9,3.1,2.63,2.97,3.19,2.69,0.3448,0.3226,0.3802,1.0476,2022/2023,2,2023,football-data.co.uk,2026-05-11 11:53:34.057291
17179869400,2023-02-19,Vallecano,Sevilla,1,1,D,2.5,3.1,3.0,2.55,3.22,3.14,0.4,0.3226,0.3333,1.0559,2022/2023,2,2023,football-data.co.uk,2026-05-11 11:53:34.057291
17179869401,2023-02-19,Ath Madrid,Ath Bilbao,1,0,H,2.0,3.3,4.0,2.07,3.31,4.19,0.5,0.303,0.25,1.053,2022/2023,2,2023,football-data.co.uk,2026-05-11 11:53:34.057291
17179869402,2023-02-19,Barcelona,Cadiz,2,0,H,1.18,7.0,13.0,1.22,7.16,14.53,0.8475,0.1429,0.0769,1.0672,2022/2023,2,2023,football-data.co.uk,2026-05-11 11:53:34.057291
17179869403,2023-02-20,Getafe,Valencia,1,0,H,2.75,3.0,2.8,2.91,2.94,2.96,0.3636,0.3333,0.3571,1.0541,2022/2023,2,2023,football-data.co.uk,2026-05-11 11:53:34.057291
17179869404,2023-02-24,Elche,Betis,2,3,A,3.5,3.3,2.1,3.8,3.4,2.15,0.2857,0.303,0.4762,1.0649,2022/2023,2,2023,football-data.co.uk,2026-05-11 11:53:34.057291
17179869405,2023-02-25,Espanol,Mallorca,2,1,H,2.5,2.9,3.2,2.63,2.97,3.28,0.4,0.3448,0.3125,1.0573,2022/2023,2,2023,football-data.co.uk,2026-05-11 11:53:34.057291
17179869406,2023-02-25,Cadiz,Vallecano,1,0,H,2.9,3.0,2.7,3.09,2.98,2.76,0.3448,0.3333,0.3704,1.0485,2022/2023,2,2023,football-data.co.uk,2026-05-11 11:53:34.057291
17179869407,2023-02-25,Real Madrid,Ath Madrid,1,1,D,1.8,3.5,5.0,1.85,3.64,4.77,0.5556,0.2857,0.2,1.0413,2022/2023,2,2023,football-data.co.uk,2026-05-11 11:53:34.057291
17179869408,2023-02-25,Valencia,Sociedad,1,0,H,3.1,3.1,2.5,3.25,3.26,2.45,0.3226,0.3226,0.4,1.0452,2022/2023,2,2023,football-data.co.uk,2026-05-11 11:53:34.057291
17179869409,2023-02-26,Ath Bilbao,Girona,2,3,A,1.67,3.8,5.25,1.71,3.81,5.63,0.5988,0.2632,0.1905,1.0524,2022/2023,2,2023,football-data.co.uk,2026-05-11 11:53:34.057291
17179869410,2023-02-26,Celta,Valladolid,3,0,H,1.7,3.75,5.25,1.69,3.83,5.85,0.5882,0.2667,0.1905,1.0454,2022/2023,2,2023,football-data.co.uk,2026-05-11 11:53:34.057291
17179869411,2023-02-26,Almeria,Barcelona,1,0,H,7.0,4.75,1.44,7.08,5.02,1.46,0.1429,0.2105,0.6944,1.0478,2022/2023,2,2023,football-data.co.uk,2026-05-11 11:53:34.057291
17179869412,2023-02-26,Sevilla,Osasuna,2,3,A,1.85,3.25,4.5,1.88,3.53,4.74,0.5405,0.3077,0.2222,1.0705,2022/2023,2,2023,football-data.co.uk,2026-05-11 11:53:34.057291
17179869413,2023-02-27,Villarreal,Getafe,2,1,H,1.67,3.6,5.75,1.7,3.68,6.1,0.5988,0.2778,0.1739,1.0505,2022/2023,2,2023,football-data.co.uk,2026-05-11 11:53:34.057291
17179869414,2023-03-03,Sociedad,Cadiz,0,0,D,1.5,3.9,7.5,1.55,3.98,7.79,0.6667,0.2564,0.1333,1.0564,2022/2023,3,2023,football-data.co.uk,2026-05-11 11:53:34.057291
17179869415,2023-03-04,Getafe,Girona,3,2,H,2.75,3.0,2.8,2.84,2.95,2.97,0.3636,0.3333,0.3571,1.0541,2022/2023,3,2023,football-data.co.uk,2026-05-11 11:53:34.057291
17179869416,2023-03-04,Almeria,Villarreal,0,2,A,3.5,3.6,2.05,3.56,3.71,2.09,0.2857,0.2778,0.4878,1.0513,2022/2023,3,2023,football-data.co.uk,2026-05-11 11:53:34.057291
17179869417,2023-03-04,Mallorca,Elche,0,1,A,1.7,3.4,5.75,1.71,3.43,6.49,0.5882,0.2941,0.1739,1.0563,2022/2023,3,2023,football-data.co.uk,2026-05-11 11:53:34.057291
17179869418,2023-03-04,Ath Madrid,Sevilla,6,1,H,1.67,3.6,5.25,1.7,3.75,5.71,0.5988,0.2778,0.1905,1.0671,2022/2023,3,2023,football-data.co.uk,2026-05-11 11:53:34.057291
17179869419,2023-03-05,Valladolid,Espanol,2,1,H,2.5,3.2,2.88,2.59,3.24,3.0,0.4,0.3125,0.3472,1.0597,2022/2023,3,2023,football-data.co.uk,2026-05-11 11:53:34.057291
17179869420,2023-03-05,Barcelona,Valencia,1,0,H,1.53,4.5,5.75,1.53,4.42,6.57,0.6536,0.2222,0.1739,1.0497,2022/2023,3,2023,football-data.co.uk,2026-05-11 11:53:34.057291
17179869421,2023-03-05,Vallecano,Ath Bilbao,0,0,D,2.9,3.1,2.6,3.18,3.08,2.57,0.3448,0.3226,0.3846,1.052,2022/2023,3,2023,football-data.co.uk,2026-05-11 11:53:34.057291
17179869422,2023-03-05,Betis,Real Madrid,0,0,D,4.75,3.75,1.73,4.64,3.93,1.79,0.2105,0.2667,0.578,1.0552,2022/2023,3,2023,football-data.co.uk,2026-05-11 11:53:34.057291
17179869423,2023-03-06,Osasuna,Celta,0,0,D,2.8,3.0,2.8,2.85,3.07,2.86,0.3571,0.3333,0.3571,1.0476,2022/2023,3,2023,football-data.co.uk,2026-05-11 11:53:34.057291
17179869424,2023-03-10,Cadiz,Getafe,2,2,D,2.5,2.88,3.3,2.57,2.87,3.51,0.4,0.3472,0.303,1.0503,2022/2023,3,2023,football-data.co.uk,2026-05-11 11:53:34.057291
17179869425,2023-03-11,Real Madrid,Espanol,3,1,H,1.25,6.5,9.5,1.27,6.17,11.72,0.8,0.1538,0.1053,1.0591,2022/2023,3,2023,football-data.co.uk,2026-05-11 11:53:34.057291
17179869426,2023-03-11,Elche,Valladolid,1,1,D,2.7,3.3,2.7,2.72,3.35,2.77,0.3704,0.303,0.3704,1.0438,2022/2023,3,2023,football-data.co.uk,2026-05-11 11:53:34.057291
17179869427,2023-03-11,Celta,Vallecano,3,0,H,2.1,3.2,4.0,2.13,3.2,4.05,0.4762,0.3125,0.25,1.0387,2022/2023,3,2023,football-data.co.uk,2026-05-11 11:53:34.057291
17179869428,2023-03-11,Valencia,Osasuna,1,0,H,2.1,3.2,3.8,2.12,3.24,4.04,0.4762,0.3125,0.2632,1.0518,2022/2023,3,2023,football-data.co.uk,2026-05-11 11:53:34.057291
17179869429,2023-03-12,Mallorca,Sociedad,1,1,D,3.5,2.9,2.38,3.68,2.92,2.42,0.2857,0.3448,0.4202,1.0507,2022/2023,3,2023,football-data.co.uk,2026-05-11 11:53:34.057291
17179869430,2023-03-12,Sevilla,Almeria,2,1,H,1.73,3.6,5.25,1.77,3.73,5.09,0.578,0.2778,0.1905,1.0463,2022/2023,3,2023,football-data.co.uk,2026-05-11 11:53:34.057291
17179869431,2023-03-12,Villarreal,Betis,1,1,D,1.95,3.6,3.8,2.01,3.75,3.79,0.5128,0.2778,0.2632,1.0538,2022/2023,3,2023,football-data.co.uk,2026-05-11 11:53:34.057291
17179869432,2023-03-12,Ath Bilbao,Barcelona,0,1,A,3.5,3.3,2.15,3.61,3.42,2.18,0.2857,0.303,0.4651,1.0539,2022/2023,3,2023,football-data.co.uk,2026-05-11 11:53:34.057291
17179869433,2023-03-13,Girona,Ath Madrid,0,1,A,3.75,3.4,2.05,3.75,3.4,2.14,0.2667,0.2941,0.4878,1.0486,2022/2023,3,2023,football-data.co.uk,2026-05-11 11:53:34.057291
17179869434,2023-03-17,Valladolid,Ath Bilbao,1,3,A,4.2,3.6,1.83,4.46,3.76,1.87,0.2381,0.2778,0.5464,1.0623,2022/2023,3,2023,football-data.co.uk,2026-05-11 11:53:34.057291
17179869435,2023-03-18,Almeria,Cadiz,1,1,D,2.0,3.5,3.6,2.1,3.43,3.85,0.5,0.2857,0.2778,1.0635,2022/2023,3,2023,football-data.co.uk,2026-05-11 11:53:34.057291
17179869436,2023-03-18,Vallecano,Girona,2,2,D,2.0,3.4,3.8,2.11,3.44,3.79,0.5,0.2941,0.2632,1.0573,2022/2023,3,2023,football-data.co.uk,2026-05-11 11:53:34.057291
17179869437,2023-03-18,Espanol,Celta,1,3,A,2.75,3.25,2.55,2.94,3.24,2.64,0.3636,0.3077,0.3922,1.0635,2022/2023,3,2023,football-data.co.uk,2026-05-11 11:53:34.057291
17179869438,2023-03-18,Ath Madrid,Valencia,3,0,H,1.55,4.2,5.75,1.56,4.05,7.06,0.6452,0.2381,0.1739,1.0572,2022/2023,3,2023,football-data.co.uk,2026-05-11 11:53:34.057291
17179869439,2023-03-19,Betis,Mallorca,1,0,H,1.8,3.2,5.25,1.89,3.31,5.05,0.5556,0.3125,0.1905,1.0585,2022/2023,3,2023,football-data.co.uk,2026-05-11 11:53:34.057291
17179869440,2023-03-19,Osasuna,Villarreal,0,3,A,3.0,3.1,2.45,3.2,3.25,2.46,0.3333,0.3226,0.4082,1.0641,2022/2023,3,2023,football-data.co.uk,2026-05-11 11:53:34.057291
17179869441,2023-03-19,Sociedad,Elche,2,0,H,1.4,4.75,8.5,1.41,4.67,9.19,0.7143,0.2105,0.1176,1.0425,2022/2023,3,2023,football-data.co.uk,2026-05-11 11:53:34.057291
17179869442,2023-03-19,Getafe,Sevilla,2,0,H,2.9,3.1,2.5,3.04,3.07,2.69,0.3448,0.3226,0.4,1.0674,2022/2023,3,2023,football-data.co.uk,2026-05-11 11:53:34.057291
17179869443,2023-03-19,Barcelona,Real Madrid,2,1,H,2.15,3.5,3.25,2.25,3.56,3.31,0.4651,0.2857,0.3077,1.0585,2022/2023,3,2023,football-data.co.uk,2026-05-11 11:53:34.057291
17179869444,2023-03-31,Mallorca,Osasuna,0,0,D,2.2,2.9,3.9,2.26,2.87,4.21,0.4545,0.3448,0.2564,1.0558,2022/2023,3,2023,football-data.co.uk,2026-05-11 11:53:34.057291
17179869445,2023-04-01,Girona,Espanol,2,1,H,1.91,3.3,4.33,1.94,3.5,4.38,0.5236,0.303,0.2309,1.0575,2022/2023,4,2023,football-data.co.uk,2026-05-11 11:53:34.057291
17179869446,2023-04-01,Ath Bilbao,Getafe,0,0,D,1.57,3.8,6.5,1.63,3.7,6.74,0.6369,0.2632,0.1538,1.0539,2022/2023,4,2023,football-data.co.uk,2026-05-11 11:53:34.057291
17179869447,2023-04-01,Cadiz,Sevilla,0,2,A,3.4,3.1,2.3,3.4,3.14,2.41,0.2941,0.3226,0.4348,1.0515,2022/2023,4,2023,football-data.co.uk,2026-05-11 11:53:34.057291
17179869448,2023-04-01,Elche,Barcelona,0,4,A,9.5,5.0,1.33,9.78,5.37,1.34,0.1053,0.2,0.7519,1.0571,2022/2023,4,2023,football-data.co.uk,2026-05-11 11:53:34.057291
17179869449,2023-04-02,Celta,Almeria,2,2,D,1.55,4.0,6.0,1.58,4.22,6.21,0.6452,0.25,0.1667,1.0618,2022/2023,4,2023,football-data.co.uk,2026-05-11 11:53:34.057291
17179869450,2023-04-02,Real Madrid,Valladolid,6,0,H,1.2,7.5,11.0,1.21,7.44,13.47,0.8333,0.1333,0.0909,1.0576,2022/2023,4,2023,football-data.co.uk,2026-05-11 11:53:34.057291
17179869451,2023-04-02,Villarreal,Sociedad,2,0,H,2.4,3.1,3.2,2.46,3.23,3.21,0.4167,0.3226,0.3125,1.0517,2022/2023,4,2023,football-data.co.uk,2026-05-11 11:53:34.057291
17179869452,2023-04-02,Ath Madrid,Betis,1,0,H,1.53,4.0,6.5,1.54,4.27,6.78,0.6536,0.25,0.1538,1.0574,2022/2023,4,2023,football-data.co.uk,2026-05-11 11:53:34.057291
17179869453,2023-04-03,Valencia,Vallecano,1,1,D,2.05,3.2,3.8,2.16,3.23,3.91,0.4878,0.3125,0.2632,1.0635,2022/2023,4,2023,football-data.co.uk,2026-05-11 11:53:34.057291
17179869454,2023-04-07,Sevilla,Celta,2,2,D,2.1,3.4,3.5,2.22,3.41,3.58,0.4762,0.2941,0.2857,1.056,2022/2023,4,2023,football-data.co.uk,2026-05-11 11:53:34.057291
17179869455,2023-04-08,Osasuna,Elche,2,1,H,1.73,3.6,5.0,1.77,3.57,5.39,0.578,0.2778,0.2,1.0558,2022/2023,4,2023,football-data.co.uk,2026-05-11 11:53:34.057291
17179869456,2023-04-08,Espanol,Ath Bilbao,1,2,A,3.5,3.2,2.2,3.59,3.24,2.27,0.2857,0.3125,0.4545,1.0528,2022/2023,4,2023,football-data.co.uk,2026-05-11 11:53:34.057291
17179869457,2023-04-08,Sociedad,Getafe,2,0,H,1.7,3.3,6.0,1.71,3.43,6.46,0.5882,0.303,0.1667,1.0579,2022/2023,4,2023,football-data.co.uk,2026-05-11 11:53:34.057291
17179869458,2023-04-08,Real Madrid,Villarreal,2,3,A,1.53,4.33,5.75,1.54,4.57,6.15,0.6536,0.2309,0.1739,1.0585,2022/2023,4,2023,football-data.co.uk,2026-05-11 11:53:34.057291
17179869459,2023-04-09,Valladolid,Mallorca,3,3,D,2.5,2.9,3.2,2.66,2.83,3.36,0.4,0.3448,0.3125,1.0573,2022/2023,4,2023,football-data.co.uk,2026-05-11 11:53:34.057291
17179869460,2023-04-09,Betis,Cadiz,0,2,A,1.62,3.75,5.75,1.68,3.76,5.96,0.6173,0.2667,0.1739,1.0579,2022/2023,4,2023,football-data.co.uk,2026-05-11 11:53:34.057291
17179869461,2023-04-09,Almeria,Valencia,2,1,H,3.0,3.3,2.4,3.13,3.38,2.43,0.3333,0.303,0.4167,1.053,2022/2023,4,2023,football-data.co.uk,2026-05-11 11:53:34.057291
17179869462,2023-04-09,Vallecano,Ath Madrid,1,2,A,4.33,3.5,1.85,4.68,3.45,1.9,0.2309,0.2857,0.5405,1.0572,2022/2023,4,2023,football-data.co.uk,2026-05-11 11:53:34.057291
17179869463,2023-04-10,Barcelona,Girona,0,0,D,1.3,5.5,10.0,1.31,5.83,10.1,0.7692,0.1818,0.1,1.051,2022/2023,4,2023,football-data.co.uk,2026-05-11 11:53:34.057291
17179869464,2023-04-14,Vallecano,Osasuna,2,1,H,2.2,3.1,3.6,2.22,3.13,3.87,0.4545,0.3226,0.2778,1.0549,2022/2023,4,2023,football-data.co.uk,2026-05-11 11:53:34.057291
17179869465,2023-04-15,Villarreal,Valladolid,1,2,A,1.44,4.75,6.5,1.44,4.96,7.39,0.6944,0.2105,0.1538,1.0588,2022/2023,4,2023,football-data.co.uk,2026-05-11 11:53:34.057291
17179869466,2023-04-15,Ath Bilbao,Sociedad,2,0,H,2.25,3.1,3.5,2.3,3.15,3.62,0.4444,0.3226,0.2857,1.0527,2022/2023,4,2023,football-data.co.uk,2026-05-11 11:53:34.057291
17179869467,2023-04-15,Betis,Espanol,3,1,H,1.83,3.5,4.5,1.85,3.6,4.74,0.5464,0.2857,0.2222,1.0544,2022/2023,4,2023,football-data.co.uk,2026-05-11 11:53:34.057291
17179869468,2023-04-15,Cadiz,Real Madrid,0,2,A,5.75,4.2,1.55,5.79,4.3,1.6,0.1739,0.2381,0.6452,1.0572,2022/2023,4,2023,football-data.co.uk,2026-05-11 11:53:34.057291
17179869469,2023-04-16,Girona,Elche,2,0,H,1.53,4.33,6.0,1.54,4.37,6.51,0.6536,0.2309,0.1667,1.0512,2022/2023,4,2023,football-data.co.uk,2026-05-11 11:53:34.057291
17179869470,2023-04-16,Getafe,Barcelona,0,0,D,6.0,3.8,1.6,6.37,3.9,1.62,0.1667,0.2632,0.625,1.0548,2022/2023,4,2023,football-data.co.uk,2026-05-11 11:53:34.057291
17179869471,2023-04-16,Ath Madrid,Almeria,2,1,H,1.22,7.0,11.0,1.23,6.46,14.07,0.8197,0.1429,0.0909,1.0534,2022/2023,4,2023,football-data.co.uk,2026-05-11 11:53:34.057291
17179869472,2023-04-16,Valencia,Sevilla,0,2,A,2.2,3.2,3.6,2.22,3.31,3.63,0.4545,0.3125,0.2778,1.0448,2022/2023,4,2023,football-data.co.uk,2026-05-11 11:53:34.057291
17179869473,2023-04-17,Celta,Mallorca,0,1,A,1.8,3.3,5.25,1.82,3.36,5.5,0.5556,0.303,0.1905,1.0491,2022/2023,4,2023,football-data.co.uk,2026-05-11 11:53:34.057291
17179869474,2023-04-21,Espanol,Cadiz,0,0,D,2.05,3.25,3.8,2.1,3.37,4.0,0.4878,0.3077,0.2632,1.0587,2022/2023,4,2023,football-data.co.uk,2026-05-11 11:53:34.057291
17179869475,2023-04-22,Osasuna,Betis,3,2,H,2.55,3.2,2.88,2.7,3.18,2.92,0.3922,0.3125,0.3472,1.0519,2022/2023,4,2023,football-data.co.uk,2026-05-11 11:53:34.057291
17179869476,2023-04-22,Almeria,Ath Bilbao,1,2,A,3.8,3.75,1.85,4.16,3.78,1.91,0.2632,0.2667,0.5405,1.0704,2022/2023,4,2023,football-data.co.uk,2026-05-11 11:53:34.057291
17179869477,2023-04-22,Sociedad,Vallecano,2,1,H,1.67,3.5,6.0,1.67,3.69,6.17,0.5988,0.2857,0.1667,1.0512,2022/2023,4,2023,football-data.co.uk,2026-05-11 11:53:34.057291
17179869478,2023-04-22,Valladolid,Girona,1,0,H,2.5,3.4,2.8,2.49,3.52,2.93,0.4,0.2941,0.3571,1.0513,2022/2023,4,2023,football-data.co.uk,2026-05-11 11:53:34.057291
17179869479,2023-04-22,Real Madrid,Celta,2,0,H,1.36,5.0,9.0,1.38,5.42,8.07,0.7353,0.2,0.1111,1.0464,2022/2023,4,2023,football-data.co.uk,2026-05-11 11:53:34.057291
17179869480,2023-04-23,Elche,Valencia,0,2,A,4.33,3.5,1.85,4.53,3.58,1.89,0.2309,0.2857,0.5405,1.0572,2022/2023,4,2023,football-data.co.uk,2026-05-11 11:53:34.057291
17179869481,2023-04-23,Barcelona,Ath Madrid,1,0,H,1.95,3.3,4.2,1.98,3.47,4.23,0.5128,0.303,0.2381,1.0539,2022/2023,4,2023,football-data.co.uk,2026-05-11 11:53:34.057291
17179869482,2023-04-23,Mallorca,Getafe,3,1,H,2.3,2.88,3.75,2.41,2.8,3.92,0.4348,0.3472,0.2667,1.0487,2022/2023,4,2023,football-data.co.uk,2026-05-11 11:53:34.057291
17179869483,2023-04-23,Sevilla,Villarreal,2,1,H,2.75,3.4,2.55,2.87,3.46,2.57,0.3636,0.2941,0.3922,1.0499,2022/2023,4,2023,football-data.co.uk,2026-05-11 11:53:34.057291
17179869484,2023-04-25,Cadiz,Osasuna,0,1,A,2.3,3.1,3.4,2.4,3.22,3.39,0.4348,0.3226,0.2941,1.0515,2022/2023,4,2023,football-data.co.uk,2026-05-11 11:53:34.057291
17179869485,2023-04-25,Girona,Real Madrid,4,2,H,5.25,4.33,1.57,5.56,4.55,1.6,0.1905,0.2309,0.6369,1.0584,2022/2023,4,2023,football-data.co.uk,2026-05-11 11:53:34.057291
17179869486,2023-04-25,Betis,Sociedad,0,0,D,2.75,3.25,2.63,2.88,3.28,2.71,0.3636,0.3077,0.3802,1.0516,2022/2023,4,2023,football-data.co.uk,2026-05-11 11:53:34.057291
17179869487,2023-04-26,Ath Madrid,Mallorca,3,1,H,1.4,4.33,8.5,1.43,4.3,9.97,0.7143,0.2309,0.1176,1.0629,2022/2023,4,2023,football-data.co.uk,2026-05-11 11:53:34.057291
17179869488,2023-04-26,Getafe,Almeria,1,2,A,1.91,3.3,4.5,1.9,3.53,4.53,0.5236,0.303,0.2222,1.0488,2022/2023,4,2023,football-data.co.uk,2026-05-11 11:53:34.057291
17179869489,2023-04-26,Celta,Elche,1,0,H,1.3,5.25,10.0,1.33,5.33,10.76,0.7692,0.1905,0.1,1.0597,2022/2023,4,2023,football-data.co.uk,2026-05-11 11:53:34.057291
17179869490,2023-04-26,Vallecano,Barcelona,2,1,H,4.75,3.75,1.73,5.02,3.84,1.75,0.2105,0.2667,0.578,1.0552,2022/2023,4,2023,football-data.co.uk,2026-05-11 11:53:34.057291
17179869491,2023-04-27,Valencia,Valladolid,2,1,H,1.75,3.75,4.75,1.75,3.85,5.03,0.5714,0.2667,0.2105,1.0486,2022/2023,4,2023,football-data.co.uk,2026-05-11 11:53:34.057291
17179869492,2023-04-27,Villarreal,Espanol,4,2,H,1.57,4.0,6.0,1.6,4.17,6.01,0.6369,0.25,0.1667,1.0536,2022/2023,4,2023,football-data.co.uk,2026-05-11 11:53:34.057291
17179869493,2023-04-27,Ath Bilbao,Sevilla,0,1,A,1.75,3.6,4.5,1.8,3.73,4.85,0.5714,0.2778,0.2222,1.0714,2022/2023,4,2023,football-data.co.uk,2026-05-11 11:53:34.057291
17179869494,2023-04-28,Osasuna,Sociedad,0,2,A,3.75,3.0,2.2,4.02,3.02,2.26,0.2667,0.3333,0.4545,1.0545,2022/2023,4,2023,football-data.co.uk,2026-05-11 11:53:34.057291
17179869495,2023-04-29,Elche,Vallecano,4,0,H,4.75,3.5,1.8,4.84,3.6,1.83,0.2105,0.2857,0.5556,1.0518,2022/2023,4,2023,football-data.co.uk,2026-05-11 11:53:34.057291
17179869496,2023-04-29,Real Madrid,Almeria,4,2,H,1.14,8.5,15.0,1.17,8.84,14.49,0.8772,0.1176,0.0667,1.0615,2022/2023,4,2023,football-data.co.uk,2026-05-11 11:53:34.057291
17179869497,2023-04-29,Barcelona,Betis,4,0,H,1.33,5.0,9.0,1.36,5.35,9.18,0.7519,0.2,0.1111,1.063,2022/2023,4,2023,football-data.co.uk,2026-05-11 11:53:34.057291
17179869498,2023-04-30,Cadiz,Valencia,2,1,H,3.1,3.1,2.45,3.04,3.25,2.56,0.3226,0.3226,0.4082,1.0533,2022/2023,4,2023,football-data.co.uk,2026-05-11 11:53:34.057291
17179869499,2023-04-30,Villarreal,Celta,3,1,H,1.8,3.6,4.5,1.83,3.93,4.34,0.5556,0.2778,0.2222,1.0556,2022/2023,4,2023,football-data.co.uk,2026-05-11 11:53:34.057291
17179869500,2023-04-30,Espanol,Getafe,1,0,H,2.38,3.0,3.3,2.44,3.03,3.48,0.4202,0.3333,0.303,1.0565,2022/2023,4,2023,football-data.co.uk,2026-05-11 11:53:34.057291
17179869501,2023-04-30,Valladolid,Ath Madrid,2,5,A,5.5,3.8,1.65,5.41,4.12,1.66,0.1818,0.2632,0.6061,1.051,2022/2023,4,2023,football-data.co.uk,2026-05-11 11:53:34.057291
17179869502,2023-05-01,Mallorca,Ath Bilbao,1,1,D,3.6,3.0,2.25,3.66,3.05,2.34,0.2778,0.3333,0.4444,1.0556,2022/2023,5,2023,football-data.co.uk,2026-05-11 11:53:34.057291
17179869503,2023-05-01,Sevilla,Girona,0,2,A,1.95,3.5,3.8,2.01,3.55,4.02,0.5128,0.2857,0.2632,1.0617,2022/2023,5,2023,football-data.co.uk,2026-05-11 11:53:34.057291
17179869504,2023-05-02,Almeria,Elche,2,1,H,1.62,4.33,5.0,1.63,4.37,5.42,0.6173,0.2309,0.2,1.0482,2022/2023,5,2023,football-data.co.uk,2026-05-11 11:53:34.057291
17179869505,2023-05-02,Barcelona,Osasuna,1,0,H,1.14,7.5,19.0,1.19,7.5,18.0,0.8772,0.1333,0.0526,1.0632,2022/2023,5,2023,football-data.co.uk,2026-05-11 11:53:34.057291
17179869506,2023-05-02,Sociedad,Real Madrid,2,0,H,2.55,3.4,2.8,2.57,3.4,2.95,0.3922,0.2941,0.3571,1.0434,2022/2023,5,2023,football-data.co.uk,2026-05-11 11:53:34.057291
17179869507,2023-05-03,Valencia,Villarreal,1,1,D,2.75,3.3,2.55,2.78,3.47,2.64,0.3636,0.303,0.3922,1.0588,2022/2023,5,2023,football-data.co.uk,2026-05-11 11:53:34.057291
17179869508,2023-05-03,Ath Madrid,Cadiz,5,1,H,1.29,5.5,12.0,1.28,5.86,12.9,0.7752,0.1818,0.0833,1.0403,2022/2023,5,2023,football-data.co.uk,2026-05-11 11:53:34.057291
17179869509,2023-05-03,Getafe,Celta,1,0,H,2.55,3.0,3.1,2.59,3.03,3.21,0.3922,0.3333,0.3226,1.0481,2022/2023,5,2023,football-data.co.uk,2026-05-11 11:53:34.057291
17179869510,2023-05-04,Girona,Mallorca,2,1,H,2.1,3.2,3.75,2.14,3.26,3.95,0.4762,0.3125,0.2667,1.0554,2022/2023,5,2023,football-data.co.uk,2026-05-11 11:53:34.057291
17179869511,2023-05-04,Sevilla,Espanol,3,2,H,1.83,3.6,4.2,1.85,3.65,4.66,0.5464,0.2778,0.2381,1.0623,2022/2023,5,2023,football-data.co.uk,2026-05-11 11:53:34.057291
17179869512,2023-05-04,Ath Bilbao,Betis,0,1,A,1.7,4.0,4.75,1.68,3.96,5.54,0.5882,0.25,0.2105,1.0488,2022/2023,5,2023,football-data.co.uk,2026-05-11 11:53:34.057291
17179869513,2023-05-04,Vallecano,Valladolid,2,1,H,1.73,3.8,4.75,1.81,3.74,4.73,0.578,0.2632,0.2105,1.0517,2022/2023,5,2023,football-data.co.uk,2026-05-11 11:53:34.057291
17179869514,2023-05-12,Mallorca,Cadiz,1,0,H,2.15,2.9,4.0,2.25,3.02,4.05,0.4651,0.3448,0.25,1.0599,2022/2023,5,2023,football-data.co.uk,2026-05-11 11:53:34.057291
17179869515,2023-05-13,Sociedad,Girona,2,2,D,1.62,4.0,5.5,1.66,3.96,5.69,0.6173,0.25,0.1818,1.0491,2022/2023,5,2023,football-data.co.uk,2026-05-11 11:53:34.057291
17179869516,2023-05-13,Osasuna,Almeria,3,1,H,2.05,3.5,3.6,2.09,3.68,3.61,0.4878,0.2857,0.2778,1.0513,2022/2023,5,2023,football-data.co.uk,2026-05-11 11:53:34.057291
17179869517,2023-05-13,Villarreal,Ath Bilbao,5,1,H,2.1,3.5,3.4,2.17,3.56,3.5,0.4762,0.2857,0.2941,1.056,2022/2023,5,2023,football-data.co.uk,2026-05-11 11:53:34.057291
17179869518,2023-05-13,Real Madrid,Getafe,1,0,H,1.55,4.0,6.5,1.59,4.18,6.11,0.6452,0.25,0.1538,1.049,2022/2023,5,2023,football-data.co.uk,2026-05-11 11:53:34.057291
17179869519,2023-05-14,Celta,Valencia,1,2,A,2.2,3.3,3.4,2.32,3.22,3.5,0.4545,0.303,0.2941,1.0517,2022/2023,5,2023,football-data.co.uk,2026-05-11 11:53:34.057291
17179869520,2023-05-14,Elche,Ath Madrid,1,0,H,8.0,5.0,1.36,9.07,5.3,1.36,0.125,0.2,0.7353,1.0603,2022/2023,5,2023,football-data.co.uk,2026-05-11 11:53:34.057291
17179869521,2023-05-14,Valladolid,Sevilla,0,3,A,2.25,3.5,3.1,2.25,3.63,3.25,0.4444,0.2857,0.3226,1.0527,2022/2023,5,2023,football-data.co.uk,2026-05-11 11:53:34.057291
17179869522,2023-05-14,Espanol,Barcelona,2,4,A,5.25,4.0,1.65,5.61,4.17,1.63,0.1905,0.25,0.6061,1.0465,2022/2023,5,2023,football-data.co.uk,2026-05-11 11:53:34.057291
17179869523,2023-05-15,Betis,Vallecano,3,1,H,1.91,3.5,4.0,1.93,3.59,4.27,0.5236,0.2857,0.25,1.0593,2022/2023,5,2023,football-data.co.uk,2026-05-11 11:53:34.057291
17179869524,2023-05-19,Cadiz,Valladolid,2,0,H,2.2,3.4,3.3,2.28,3.43,3.35,0.4545,0.2941,0.303,1.0517,2022/2023,5,2023,football-data.co.uk,2026-05-11 11:53:34.057291
17179869525,2023-05-20,Girona,Villarreal,1,2,A,2.8,3.75,2.3,2.88,3.83,2.38,0.3571,0.2667,0.4348,1.0586,2022/2023,5,2023,football-data.co.uk,2026-05-11 11:53:34.057291
17179869526,2023-05-20,Ath Bilbao,Celta,2,1,H,1.62,3.8,5.5,1.66,3.99,5.65,0.6173,0.2632,0.1818,1.0623,2022/2023,5,2023,football-data.co.uk,2026-05-11 11:53:34.057291
17179869527,2023-05-20,Almeria,Mallorca,3,0,H,2.25,3.25,3.3,2.32,3.33,3.38,0.4444,0.3077,0.303,1.0552,2022/2023,5,2023,football-data.co.uk,2026-05-11 11:53:34.057291
17179869528,2023-05-20,Getafe,Elche,1,1,D,1.5,4.0,7.0,1.51,4.2,7.67,0.6667,0.25,0.1429,1.0595,2022/2023,5,2023,football-data.co.uk,2026-05-11 11:53:34.057291
17179869529,2023-05-20,Barcelona,Sociedad,1,2,A,1.8,3.75,4.33,1.84,3.82,4.45,0.5556,0.2667,0.2309,1.0532,2022/2023,5,2023,football-data.co.uk,2026-05-11 11:53:34.057291
17179869530,2023-05-21,Vallecano,Espanol,1,2,A,2.15,3.4,3.4,2.17,3.53,3.51,0.4651,0.2941,0.2941,1.0534,2022/2023,5,2023,football-data.co.uk,2026-05-11 11:53:34.057291
17179869531,2023-05-21,Ath Madrid,Osasuna,3,0,H,1.36,4.75,8.0,1.39,5.09,8.48,0.7353,0.2105,0.125,1.0708,2022/2023,5,2023,football-data.co.uk,2026-05-11 11:53:34.057291
17179869532,2023-05-21,Valencia,Real Madrid,1,0,H,3.2,3.5,2.2,3.24,3.7,2.22,0.3125,0.2857,0.4545,1.0528,2022/2023,5,2023,football-data.co.uk,2026-05-11 11:53:34.057291
17179869533,2023-05-21,Sevilla,Betis,0,0,D,2.3,3.3,3.1,2.37,3.42,3.18,0.4348,0.303,0.3226,1.0604,2022/2023,5,2023,football-data.co.uk,2026-05-11 11:53:34.057291
17179869534,2023-05-23,Celta,Girona,1,1,D,2.0,3.5,3.75,2.05,3.54,3.87,0.5,0.2857,0.2667,1.0524,2022/2023,5,2023,football-data.co.uk,2026-05-11 11:53:34.057291
17179869535,2023-05-23,Sociedad,Almeria,1,0,H,1.36,5.0,8.0,1.38,5.05,9.06,0.7353,0.2,0.125,1.0603,2022/2023,5,2023,football-data.co.uk,2026-05-11 11:53:34.057291
17179869536,2023-05-23,Valladolid,Barcelona,3,1,H,3.6,3.8,1.91,3.62,3.94,2.0,0.2778,0.2632,0.5236,1.0645,2022/2023,5,2023,football-data.co.uk,2026-05-11 11:53:34.057291
17179869537,2023-05-24,Elche,Sevilla,1,1,D,4.0,3.75,1.91,4.1,3.79,1.92,0.25,0.2667,0.5236,1.0402,2022/2023,5,2023,football-data.co.uk,2026-05-11 11:53:34.057291
17179869538,2023-05-24,Real Madrid,Vallecano,2,1,H,1.62,4.0,5.25,1.65,4.32,5.13,0.6173,0.25,0.1905,1.0578,2022/2023,5,2023,football-data.co.uk,2026-05-11 11:53:34.057291
17179869539,2023-05-24,Villarreal,Cadiz,2,0,H,1.44,4.5,7.0,1.49,4.59,7.06,0.6944,0.2222,0.1429,1.0595,2022/2023,5,2023,football-data.co.uk,2026-05-11 11:53:34.057291
17179869540,2023-05-24,Betis,Getafe,0,1,A,2.0,3.2,4.2,2.08,3.28,4.12,0.5,0.3125,0.2381,1.0506,2022/2023,5,2023,football-data.co.uk,2026-05-11 11:53:34.057291
17179869541,2023-05-24,Espanol,Ath Madrid,3,3,D,2.88,3.5,2.38,3.04,3.68,2.35,0.3472,0.2857,0.4202,1.0531,2022/2023,5,2023,football-data.co.uk,2026-05-11 11:53:34.057291
17179869542,2023-05-25,Mallorca,Valencia,1,0,H,3.3,3.0,2.4,3.43,2.97,2.5,0.303,0.3333,0.4167,1.053,2022/2023,5,2023,football-data.co.uk,2026-05-11 11:53:34.057291
17179869543,2023-05-25,Osasuna,Ath Bilbao,2,0,H,3.0,3.25,2.45,3.08,3.37,2.46,0.3333,0.3077,0.4082,1.0492,2022/2023,5,2023,football-data.co.uk,2026-05-11 11:53:34.057291
17179869544,2023-05-27,Sevilla,Real Madrid,1,2,A,2.88,3.5,2.4,2.94,3.5,2.49,0.3472,0.2857,0.4167,1.0496,2022/2023,5,2023,football-data.co.uk,2026-05-11 11:53:34.057291
17179869545,2023-05-28,Almeria,Valladolid,0,0,D,2.25,3.4,3.1,2.35,3.47,3.18,0.4444,0.2941,0.3226,1.0611,2022/2023,5,2023,football-data.co.uk,2026-05-11 11:53:34.057291
17179869546,2023-05-28,Ath Bilbao,Elche,0,1,A,1.3,5.0,11.0,1.35,5.56,9.18,0.7692,0.2,0.0909,1.0601,2022/2023,5,2023,football-data.co.uk,2026-05-11 11:53:34.057291
17179869547,2023-05-28,Ath Madrid,Sociedad,2,1,H,2.0,3.5,3.6,2.08,3.48,3.83,0.5,0.2857,0.2778,1.0635,2022/2023,5,2023,football-data.co.uk,2026-05-11 11:53:34.057291
17179869548,2023-05-28,Barcelona,Mallorca,3,0,H,1.33,5.0,9.5,1.33,5.59,10.15,0.7519,0.2,0.1053,1.0571,2022/2023,5,2023,football-data.co.uk,2026-05-11 11:53:34.057291
17179869549,2023-05-28,Cadiz,Celta,1,0,H,2.6,3.1,2.75,2.72,3.23,2.86,0.3846,0.3226,0.3636,1.0708,2022/2023,5,2023,football-data.co.uk,2026-05-11 11:53:34.057291
17179869550,2023-05-28,Getafe,Osasuna,2,1,H,2.2,3.1,3.5,2.29,3.13,3.69,0.4545,0.3226,0.2857,1.0628,2022/2023,5,2023,football-data.co.uk,2026-05-11 11:53:34.057291
17179869551,2023-05-28,Girona,Betis,1,2,A,1.95,3.6,3.6,1.99,3.71,3.91,0.5128,0.2778,0.2778,1.0684,2022/2023,5,2023,football-data.co.uk,2026-05-11 11:53:34.057291
17179869552,2023-05-28,Valencia,Espanol,2,2,D,2.0,3.75,3.4,2.02,3.78,3.71,0.5,0.2667,0.2941,1.0608,2022/2023,5,2023,football-data.co.uk,2026-05-11 11:53:34.057291
17179869553,2023-05-28,Vallecano,Villarreal,2,1,H,3.0,3.6,2.2,3.08,3.92,2.23,0.3333,0.2778,0.4545,1.0657,2022/2023,5,2023,football-data.co.uk,2026-05-11 11:53:34.057291
17179869554,2023-06-04,Mallorca,Vallecano,3,0,H,3.0,3.3,2.38,3.1,3.41,2.4,0.3333,0.303,0.4202,1.0565,2022/2023,6,2023,football-data.co.uk,2026-05-11 11:53:34.057291
17179869555,2023-06-04,Osasuna,Girona,2,1,H,2.05,3.6,3.4,2.16,3.59,3.42,0.4878,0.2778,0.2941,1.0597,2022/2023,6,2023,football-data.co.uk,2026-05-11 11:53:34.057291
17179869556,2023-06-04,Real Madrid,Ath Bilbao,1,1,D,1.91,3.75,3.75,1.93,3.97,3.81,0.5236,0.2667,0.2667,1.0569,2022/2023,6,2023,football-data.co.uk,2026-05-11 11:53:34.057291
17179869557,2023-06-04,Sociedad,Sevilla,2,1,H,1.73,3.9,4.6,1.72,4.17,4.65,0.578,0.2564,0.2174,1.0518,2022/2023,6,2023,football-data.co.uk,2026-05-11 11:53:34.057291
17179869558,2023-06-04,Villarreal,Ath Madrid,2,2,D,2.7,3.5,2.5,2.67,3.69,2.58,0.3704,0.2857,0.4,1.0561,2022/2023,6,2023,football-data.co.uk,2026-05-11 11:53:34.057291
17179869559,2023-06-04,Betis,Valencia,1,1,D,2.63,3.6,2.5,2.86,3.59,2.47,0.3802,0.2778,0.4,1.058,2022/2023,6,2023,football-data.co.uk,2026-05-11 11:53:34.057291
17179869560,2023-06-04,Celta,Barcelona,2,1,H,2.6,3.8,2.5,2.61,3.85,2.57,0.3846,0.2632,0.4,1.0478,2022/2023,6,2023,football-data.co.uk,2026-05-11 11:53:34.057291
17179869561,2023-06-04,Elche,Cadiz,1,1,D,2.63,3.4,2.63,2.72,3.34,2.73,0.3802,0.2941,0.3802,1.0546,2022/2023,6,2023,football-data.co.uk,2026-05-11 11:53:34.057291
17179869562,2023-06-04,Espanol,Almeria,3,3,D,2.75,3.8,2.38,2.82,3.69,2.46,0.3636,0.2632,0.4202,1.047,2022/2023,6,2023,football-data.co.uk,2026-05-11 11:53:34.057291
17179869563,2023-06-04,Valladolid,Getafe,0,0,D,2.2,3.3,3.4,2.28,3.32,3.39,0.4545,0.303,0.2941,1.0517,2022/2023,6,2023,football-data.co.uk,2026-05-11 11:53:34.057291
25769803776,2023-08-11,Almeria,Vallecano,0,2,A,2.45,3.3,2.9,2.62,3.3,2.96,0.4082,0.303,0.3448,1.056,2023/2024,8,2023,football-data.co.uk,2026-05-11 11:53:34.057291
25769803777,2023-08-11,Sevilla,Valencia,1,2,A,1.91,3.5,4.2,1.95,3.47,4.48,0.5236,0.2857,0.2381,1.0474,2023/2024,8,2023,football-data.co.uk,2026-05-11 11:53:34.057291
25769803778,2023-08-12,Sociedad,Girona,1,1,D,1.62,4.0,5.25,1.65,4.05,5.66,0.6173,0.25,0.1905,1.0578,2023/2024,8,2023,football-data.co.uk,2026-05-11 11:53:34.057291
25769803779,2023-08-12,Las Palmas,Mallorca,1,1,D,2.4,3.0,3.3,2.45,3.02,3.46,0.4167,0.3333,0.303,1.053,2023/2024,8,2023,football-data.co.uk,2026-05-11 11:53:34.057291
25769803780,2023-08-12,Ath Bilbao,Real Madrid,0,2,A,3.3,3.5,2.15,3.43,3.58,2.19,0.303,0.2857,0.4651,1.0539,2023/2024,8,2023,football-data.co.uk,2026-05-11 11:53:34.057291
25769803781,2023-08-13,Celta,Osasuna,0,2,A,2.05,3.2,3.9,2.15,3.19,3.99,0.4878,0.3125,0.2564,1.0567,2023/2024,8,2023,football-data.co.uk,2026-05-11 11:53:34.057291
25769803782,2023-08-13,Villarreal,Betis,1,2,A,1.75,4.0,4.2,1.81,3.98,4.43,0.5714,0.25,0.2381,1.0595,2023/2024,8,2023,football-data.co.uk,2026-05-11 11:53:34.057291
25769803783,2023-08-13,Getafe,Barcelona,0,0,D,6.5,3.8,1.57,6.69,4.04,1.57,0.1538,0.2632,0.6369,1.0539,2023/2024,8,2023,football-data.co.uk,2026-05-11 11:53:34.057291
25769803784,2023-08-14,Cadiz,Alaves,1,0,H,2.2,3.0,3.75,2.25,3.08,3.86,0.4545,0.3333,0.2667,1.0545,2023/2024,8,2023,football-data.co.uk,2026-05-11 11:53:34.057291
25769803785,2023-08-14,Ath Madrid,Granada,3,1,H,1.3,5.5,9.5,1.31,5.76,10.3,0.7692,0.1818,0.1053,1.0563,2023/2024,8,2023,football-data.co.uk,2026-05-11 11:53:34.057291
25769803786,2023-08-18,Mallorca,Villarreal,0,1,A,2.8,3.2,2.6,3.04,3.13,2.68,0.3571,0.3125,0.3846,1.0543,2023/2024,8,2023,football-data.co.uk,2026-05-11 11:53:34.057291
25769803787,2023-08-18,Valencia,Las Palmas,1,0,H,1.57,3.9,6.0,1.61,4.02,6.49,0.6369,0.2564,0.1667,1.06,2023/2024,8,2023,football-data.co.uk,2026-05-11 11:53:34.057291
25769803788,2023-08-19,Sociedad,Celta,1,1,D,1.73,3.4,5.5,1.76,3.54,5.57,0.578,0.2941,0.1818,1.054,2023/2024,8,2023,football-data.co.uk,2026-05-11 11:53:34.057291
25769803789,2023-08-19,Almeria,Real Madrid,1,3,A,8.0,4.75,1.4,8.15,5.11,1.4,0.125,0.2105,0.7143,1.0498,2023/2024,8,2023,football-data.co.uk,2026-05-11 11:53:34.057291
25769803790,2023-08-19,Osasuna,Ath Bilbao,0,2,A,2.9,3.0,2.63,2.89,3.1,2.79,0.3448,0.3333,0.3802,1.0584,2023/2024,8,2023,football-data.co.uk,2026-05-11 11:53:34.057291
25769803791,2023-08-20,Girona,Getafe,3,0,H,2.05,3.1,4.0,2.06,3.22,4.31,0.4878,0.3226,0.25,1.0604,2023/2024,8,2023,football-data.co.uk,2026-05-11 11:53:34.057291
25769803792,2023-08-20,Barcelona,Cadiz,2,0,H,1.2,7.0,13.0,1.21,6.9,14.96,0.8333,0.1429,0.0769,1.0531,2023/2024,8,2023,football-data.co.uk,2026-05-11 11:53:34.057291
25769803793,2023-08-20,Betis,Ath Madrid,0,0,D,3.8,3.4,2.0,3.93,3.57,2.02,0.2632,0.2941,0.5,1.0573,2023/2024,8,2023,football-data.co.uk,2026-05-11 11:53:34.057291
25769803794,2023-08-21,Alaves,Sevilla,4,3,H,3.3,3.1,2.35,3.45,3.1,2.41,0.303,0.3226,0.4255,1.0511,2023/2024,8,2023,football-data.co.uk,2026-05-11 11:53:34.057291
25769803795,2023-08-21,Granada,Vallecano,0,2,A,2.75,3.0,2.8,2.68,3.09,3.03,0.3636,0.3333,0.3571,1.0541,2023/2024,8,2023,football-data.co.uk,2026-05-11 11:53:34.057291
25769803796,2023-08-25,Las Palmas,Sociedad,0,0,D,4.33,3.1,2.0,4.23,3.36,2.04,0.2309,0.3226,0.5,1.0535,2023/2024,8,2023,football-data.co.uk,2026-05-11 11:53:34.057291
25769803797,2023-08-25,Celta,Real Madrid,0,1,A,4.75,3.9,1.7,4.93,3.97,1.75,0.2105,0.2564,0.5882,1.0552,2023/2024,8,2023,football-data.co.uk,2026-05-11 11:53:34.057291
25769803798,2023-08-26,Cadiz,Almeria,1,1,D,2.25,3.2,3.3,2.24,3.44,3.44,0.4444,0.3125,0.303,1.06,2023/2024,8,2023,football-data.co.uk,2026-05-11 11:53:34.057291
25769803799,2023-08-26,Granada,Mallorca,3,2,H,2.6,3.0,3.0,2.71,3.03,3.05,0.3846,0.3333,0.3333,1.0513,2023/2024,8,2023,football-data.co.uk,2026-05-11 11:53:34.057291
25769803800,2023-08-26,Sevilla,Girona,1,2,A,2.05,3.4,3.6,2.1,3.52,3.73,0.4878,0.2941,0.2778,1.0597,2023/2024,8,2023,football-data.co.uk,2026-05-11 11:53:34.057291
25769803801,2023-08-27,Villarreal,Barcelona,3,4,A,3.6,3.5,2.0,3.62,3.76,2.06,0.2778,0.2857,0.5,1.0635,2023/2024,8,2023,football-data.co.uk,2026-05-11 11:53:34.057291
25769803802,2023-08-27,Valencia,Osasuna,1,2,A,1.91,3.4,4.0,1.89,3.56,4.53,0.5236,0.2941,0.25,1.0677,2023/2024,8,2023,football-data.co.uk,2026-05-11 11:53:34.057291
25769803803,2023-08-27,Ath Bilbao,Betis,4,2,H,1.85,3.5,4.2,1.96,3.7,4.0,0.5405,0.2857,0.2381,1.0644,2023/2024,8,2023,football-data.co.uk,2026-05-11 11:53:34.057291
25769803804,2023-08-28,Getafe,Alaves,1,0,H,2.2,2.88,3.8,2.36,2.89,3.88,0.4545,0.3472,0.2632,1.0649,2023/2024,8,2023,football-data.co.uk,2026-05-11 11:53:34.057291
25769803805,2023-08-28,Vallecano,Ath Madrid,0,7,A,4.2,3.3,1.95,4.16,3.48,2.0,0.2381,0.303,0.5128,1.0539,2023/2024,8,2023,football-data.co.uk,2026-05-11 11:53:34.057291
25769803806,2023-09-01,Cadiz,Villarreal,3,1,H,3.4,3.4,2.15,3.43,3.59,2.21,0.2941,0.2941,0.4651,1.0534,2023/2024,9,2023,football-data.co.uk,2026-05-11 11:53:34.057291
25769803807,2023-09-01,Almeria,Celta,2,3,A,2.8,3.4,2.5,3.04,3.33,2.55,0.3571,0.2941,0.4,1.0513,2023/2024,9,2023,football-data.co.uk,2026-05-11 11:53:34.057291
25769803808,2023-09-02,Sociedad,Granada,5,3,H,1.44,4.5,7.0,1.47,4.63,7.49,0.6944,0.2222,0.1429,1.0595,2023/2024,9,2023,football-data.co.uk,2026-05-11 11:53:34.057291
25769803809,2023-09-02,Real Madrid,Getafe,2,1,H,1.33,5.25,9.5,1.34,5.13,10.76,0.7519,0.1905,0.1053,1.0476,2023/2024,9,2023,football-data.co.uk,2026-05-11 11:53:34.057291
25769803810,2023-09-02,Alaves,Valencia,1,0,H,2.9,2.88,2.75,2.96,2.99,2.82,0.3448,0.3472,0.3636,1.0557,2023/2024,9,2023,football-data.co.uk,2026-05-11 11:53:34.057291
25769803811,2023-09-02,Betis,Vallecano,1,0,H,1.95,3.4,4.0,1.98,3.55,4.14,0.5128,0.2941,0.25,1.0569,2023/2024,9,2023,football-data.co.uk,2026-05-11 11:53:34.057291
25769803812,2023-09-03,Girona,Las Palmas,1,0,H,1.67,3.8,5.25,1.69,3.83,5.59,0.5988,0.2632,0.1905,1.0524,2023/2024,9,2023,football-data.co.uk,2026-05-11 11:53:34.057291
25769803813,2023-09-03,Mallorca,Ath Bilbao,0,0,D,3.3,3.0,2.38,3.3,3.11,2.49,0.303,0.3333,0.4202,1.0565,2023/2024,9,2023,football-data.co.uk,2026-05-11 11:53:34.057291
25769803814,2023-09-03,Osasuna,Barcelona,1,2,A,5.25,4.0,1.65,5.37,4.17,1.65,0.1905,0.25,0.6061,1.0465,2023/2024,9,2023,football-data.co.uk,2026-05-11 11:53:34.057291
25769803815,2023-09-15,Vallecano,Alaves,2,0,H,2.0,3.25,4.0,2.03,3.23,4.52,0.5,0.3077,0.25,1.0577,2023/2024,9,2023,football-data.co.uk,2026-05-11 11:53:34.057291
25769803816,2023-09-16,Ath Bilbao,Cadiz,3,0,H,1.53,4.0,7.0,1.56,4.17,6.66,0.6536,0.25,0.1429,1.0465,2023/2024,9,2023,football-data.co.uk,2026-05-11 11:53:34.057291
25769803817,2023-09-16,Valencia,Ath Madrid,3,0,H,3.8,3.3,2.05,3.93,3.41,2.08,0.2632,0.303,0.4878,1.054,2023/2024,9,2023,football-data.co.uk,2026-05-11 11:53:34.057291
25769803818,2023-09-16,Celta,Mallorca,0,1,A,2.0,3.1,4.33,2.08,3.13,4.4,0.5,0.3226,0.2309,1.0535,2023/2024,9,2023,football-data.co.uk,2026-05-11 11:53:34.057291
25769803819,2023-09-16,Barcelona,Betis,5,0,H,1.36,5.25,7.5,1.38,5.4,8.04,0.7353,0.1905,0.1333,1.0591,2023/2024,9,2023,football-data.co.uk,2026-05-11 11:53:34.057291
25769803820,2023-09-17,Getafe,Osasuna,3,2,H,2.63,3.0,3.0,2.65,2.93,3.24,0.3802,0.3333,0.3333,1.0469,2023/2024,9,2023,football-data.co.uk,2026-05-11 11:53:34.057291
25769803821,2023-09-17,Villarreal,Almeria,2,1,H,1.44,4.5,7.0,1.48,4.98,6.38,0.6944,0.2222,0.1429,1.0595,2023/2024,9,2023,football-data.co.uk,2026-05-11 11:53:34.057291
25769803822,2023-09-17,Sevilla,Las Palmas,1,0,H,1.62,4.0,5.5,1.64,3.93,5.99,0.6173,0.25,0.1818,1.0491,2023/2024,9,2023,football-data.co.uk,2026-05-11 11:53:34.057291
25769803823,2023-09-17,Real Madrid,Sociedad,2,1,H,1.65,4.0,5.0,1.69,3.97,5.31,0.6061,0.25,0.2,1.0561,2023/2024,9,2023,football-data.co.uk,2026-05-11 11:53:34.057291
25769803824,2023-09-18,Granada,Girona,2,4,A,2.63,3.5,2.6,2.78,3.44,2.65,0.3802,0.2857,0.3846,1.0506,2023/2024,9,2023,football-data.co.uk,2026-05-11 11:53:34.057291
25769803825,2023-09-22,Alaves,Ath Bilbao,0,2,A,4.2,3.0,2.05,4.27,3.16,2.12,0.2381,0.3333,0.4878,1.0592,2023/2024,9,2023,football-data.co.uk,2026-05-11 11:53:34.057291
25769803826,2023-09-23,Girona,Mallorca,5,3,H,1.85,3.5,4.2,1.94,3.39,4.54,0.5405,0.2857,0.2381,1.0644,2023/2024,9,2023,football-data.co.uk,2026-05-11 11:53:34.057291
25769803827,2023-09-23,Osasuna,Sevilla,0,0,D,2.6,3.1,2.88,2.62,3.22,2.99,0.3846,0.3226,0.3472,1.0544,2023/2024,9,2023,football-data.co.uk,2026-05-11 11:53:34.057291
25769803828,2023-09-23,Barcelona,Celta,3,2,H,1.29,6.0,9.0,1.29,6.04,10.38,0.7752,0.1667,0.1111,1.053,2023/2024,9,2023,football-data.co.uk,2026-05-11 11:53:34.057291
25769803829,2023-09-23,Almeria,Valencia,2,2,D,3.0,3.6,2.3,3.11,3.53,2.36,0.3333,0.2778,0.4348,1.0459,2023/2024,9,2023,football-data.co.uk,2026-05-11 11:53:34.057291
25769803830,2023-09-24,Sociedad,Getafe,4,3,H,1.53,3.8,7.0,1.56,3.82,7.76,0.6536,0.2632,0.1429,1.0596,2023/2024,9,2023,football-data.co.uk,2026-05-11 11:53:34.057291
25769803831,2023-09-24,Vallecano,Villarreal,1,1,D,2.5,3.5,2.63,2.56,3.54,2.83,0.4,0.2857,0.3802,1.0659,2023/2024,9,2023,football-data.co.uk,2026-05-11 11:53:34.057291
25769803832,2023-09-24,Betis,Cadiz,1,1,D,1.8,3.5,4.5,1.86,3.62,4.64,0.5556,0.2857,0.2222,1.0635,2023/2024,9,2023,football-data.co.uk,2026-05-11 11:53:34.057291
25769803833,2023-09-24,Las Palmas,Granada,1,0,H,1.95,3.5,3.6,2.05,3.56,3.87,0.5128,0.2857,0.2778,1.0763,2023/2024,9,2023,football-data.co.uk,2026-05-11 11:53:34.057291
25769803834,2023-09-24,Ath Madrid,Real Madrid,3,1,H,2.7,3.4,2.55,2.88,3.37,2.61,0.3704,0.2941,0.3922,1.0566,2023/2024,9,2023,football-data.co.uk,2026-05-11 11:53:34.057291
25769803835,2023-09-26,Sevilla,Almeria,5,1,H,1.67,3.8,5.0,1.7,4.1,5.09,0.5988,0.2632,0.2,1.062,2023/2024,9,2023,football-data.co.uk,2026-05-11 11:53:34.057291
25769803836,2023-09-26,Mallorca,Barcelona,2,2,D,7.5,4.2,1.5,6.98,4.53,1.51,0.1333,0.2381,0.6667,1.0381,2023/2024,9,2023,football-data.co.uk,2026-05-11 11:53:34.057291
25769803837,2023-09-27,Ath Bilbao,Getafe,2,2,D,1.62,3.6,6.5,1.64,3.76,6.51,0.6173,0.2778,0.1538,1.0489,2023/2024,9,2023,football-data.co.uk,2026-05-11 11:53:34.057291
25769803838,2023-09-27,Real Madrid,Las Palmas,2,0,H,1.2,7.0,11.0,1.21,7.24,13.67,0.8333,0.1429,0.0909,1.0671,2023/2024,9,2023,football-data.co.uk,2026-05-11 11:53:34.057291
25769803839,2023-09-27,Villarreal,Girona,1,2,A,2.25,3.5,3.1,2.22,3.72,3.23,0.4444,0.2857,0.3226,1.0527,2023/2024,9,2023,football-data.co.uk,2026-05-11 11:53:34.057291
25769803840,2023-09-27,Cadiz,Vallecano,0,0,D,2.5,3.2,2.88,2.64,3.17,3.0,0.4,0.3125,0.3472,1.0597,2023/2024,9,2023,football-data.co.uk,2026-05-11 11:53:34.057291
25769803841,2023-09-27,Valencia,Sociedad,0,1,A,2.63,3.1,2.8,2.68,3.18,2.94,0.3802,0.3226,0.3571,1.06,2023/2024,9,2023,football-data.co.uk,2026-05-11 11:53:34.057291
25769803842,2023-09-28,Celta,Alaves,1,1,D,1.7,3.6,5.25,1.71,3.59,5.97,0.5882,0.2778,0.1905,1.0565,2023/2024,9,2023,football-data.co.uk,2026-05-11 11:53:34.057291
25769803843,2023-09-28,Granada,Betis,1,1,D,3.0,3.3,2.38,3.11,3.53,2.36,0.3333,0.303,0.4202,1.0565,2023/2024,9,2023,football-data.co.uk,2026-05-11 11:53:34.057291
25769803844,2023-09-28,Osasuna,Ath Madrid,0,2,A,3.4,3.4,2.15,3.68,3.47,2.14,0.2941,0.2941,0.4651,1.0534,2023/2024,9,2023,football-data.co.uk,2026-05-11 11:53:34.057291
25769803845,2023-09-29,Barcelona,Sevilla,1,0,H,1.36,5.25,8.0,1.39,5.36,7.97,0.7353,0.1905,0.125,1.0508,2023/2024,9,2023,football-data.co.uk,2026-05-11 11:53:34.057291
25769803846,2023-09-30,Getafe,Villarreal,0,0,D,2.9,3.1,2.6,3.0,3.25,2.59,0.3448,0.3226,0.3846,1.052,2023/2024,9,2023,football-data.co.uk,2026-05-11 11:53:34.057291
25769803847,2023-09-30,Vallecano,Mallorca,2,2,D,2.1,3.1,4.0,2.16,3.16,4.04,0.4762,0.3226,0.25,1.0488,2023/2024,9,2023,football-data.co.uk,2026-05-11 11:53:34.057291
25769803848,2023-09-30,Girona,Real Madrid,0,3,A,3.5,4.0,1.95,3.56,4.02,2.0,0.2857,0.25,0.5128,1.0485,2023/2024,9,2023,football-data.co.uk,2026-05-11 11:53:34.057291
25769803849,2023-09-30,Sociedad,Ath Bilbao,3,0,H,2.2,3.2,3.5,2.26,3.3,3.53,0.4545,0.3125,0.2857,1.0528,2023/2024,9,2023,football-data.co.uk,2026-05-11 11:53:34.057291
25769803850,2023-10-01,Almeria,Granada,3,3,D,1.95,3.6,3.75,1.92,3.68,3.96,0.5128,0.2778,0.2667,1.0573,2023/2024,10,2023,football-data.co.uk,2026-05-11 11:53:34.057291
25769803851,2023-10-01,Alaves,Osasuna,0,2,A,2.75,3.0,2.8,2.76,2.99,2.89,0.3636,0.3333,0.3571,1.0541,2023/2024,10,2023,football-data.co.uk,2026-05-11 11:53:34.057291
25769803852,2023-10-01,Ath Madrid,Cadiz,3,2,H,1.33,5.0,10.0,1.35,4.99,8.91,0.7519,0.2,0.1,1.0519,2023/2024,10,2023,football-data.co.uk,2026-05-11 11:53:34.057291
25769803853,2023-10-01,Betis,Valencia,3,0,H,2.3,3.25,3.3,2.31,3.29,3.26,0.4348,0.3077,0.303,1.0455,2023/2024,10,2023,football-data.co.uk,2026-05-11 11:53:34.057291
25769803854,2023-10-02,Las Palmas,Celta,2,1,H,2.5,3.2,3.0,2.52,3.15,2.99,0.4,0.3125,0.3333,1.0458,2023/2024,10,2023,football-data.co.uk,2026-05-11 11:53:34.057291
25769803855,2023-10-06,Ath Bilbao,Almeria,3,0,H,1.36,5.0,8.0,1.38,5.41,8.23,0.7353,0.2,0.125,1.0603,2023/2024,10,2023,football-data.co.uk,2026-05-11 11:53:34.057291
25769803856,2023-10-07,Cadiz,Girona,0,1,A,3.25,3.4,2.25,3.28,3.4,2.33,0.3077,0.2941,0.4444,1.0463,2023/2024,10,2023,football-data.co.uk,2026-05-11 11:53:34.057291
25769803857,2023-10-07,Real Madrid,Osasuna,4,0,H,1.29,6.0,9.5,1.3,5.95,10.38,0.7752,0.1667,0.1053,1.0471,2023/2024,10,2023,football-data.co.uk,2026-05-11 11:53:34.057291
25769803858,2023-10-07,Mallorca,Valencia,1,1,D,2.5,3.0,3.2,2.54,3.05,3.26,0.4,0.3333,0.3125,1.0458,2023/2024,10,2023,football-data.co.uk,2026-05-11 11:53:34.057291
25769803859,2023-10-07,Sevilla,Vallecano,2,2,D,1.85,3.6,4.2,1.91,3.61,4.39,0.5405,0.2778,0.2381,1.0564,2023/2024,10,2023,football-data.co.uk,2026-05-11 11:53:34.057291
25769803860,2023-10-08,Villarreal,Las Palmas,1,2,A,1.6,4.0,5.75,1.63,4.21,5.56,0.625,0.25,0.1739,1.0489,2023/2024,10,2023,football-data.co.uk,2026-05-11 11:53:34.057291
25769803861,2023-10-08,Ath Madrid,Sociedad,2,1,H,1.83,3.4,4.5,1.93,3.39,4.59,0.5464,0.2941,0.2222,1.0628,2023/2024,10,2023,football-data.co.uk,2026-05-11 11:53:34.057291
25769803862,2023-10-08,Alaves,Betis,1,1,D,2.8,3.25,2.6,2.93,3.2,2.68,0.3571,0.3077,0.3846,1.0495,2023/2024,10,2023,football-data.co.uk,2026-05-11 11:53:34.057291
25769803863,2023-10-08,Celta,Getafe,2,2,D,2.05,3.1,4.2,2.07,3.23,4.23,0.4878,0.3226,0.2381,1.0485,2023/2024,10,2023,football-data.co.uk,2026-05-11 11:53:34.057291
25769803864,2023-10-08,Granada,Barcelona,2,2,D,6.5,5.25,1.4,6.89,5.36,1.43,0.1538,0.1905,0.7143,1.0586,2023/2024,10,2023,football-data.co.uk,2026-05-11 11:53:34.057291
25769803865,2023-10-20,Osasuna,Granada,2,0,H,1.73,3.8,4.75,1.72,3.99,5.13,0.578,0.2632,0.2105,1.0517,2023/2024,10,2023,football-data.co.uk,2026-05-11 11:53:34.057291
25769803866,2023-10-21,Sociedad,Mallorca,1,0,H,1.55,3.8,7.0,1.57,3.91,7.23,0.6452,0.2632,0.1429,1.0512,2023/2024,10,2023,football-data.co.uk,2026-05-11 11:53:34.057291
25769803867,2023-10-21,Getafe,Betis,1,1,D,2.5,3.0,3.1,2.51,3.11,3.25,0.4,0.3333,0.3226,1.0559,2023/2024,10,2023,football-data.co.uk,2026-05-11 11:53:34.057291
25769803868,2023-10-21,Sevilla,Real Madrid,1,1,D,4.2,3.6,1.85,4.18,3.91,1.87,0.2381,0.2778,0.5405,1.0564,2023/2024,10,2023,football-data.co.uk,2026-05-11 11:53:34.057291
25769803869,2023-10-21,Celta,Ath Madrid,0,3,A,3.5,3.5,2.1,3.65,3.53,2.12,0.2857,0.2857,0.4762,1.0476,2023/2024,10,2023,football-data.co.uk,2026-05-11 11:53:34.057291
25769803870,2023-10-22,Las Palmas,Vallecano,0,1,A,2.63,3.1,2.8,2.71,3.12,2.96,0.3802,0.3226,0.3571,1.06,2023/2024,10,2023,football-data.co.uk,2026-05-11 11:53:34.057291
25769803871,2023-10-22,Girona,Almeria,5,2,H,1.45,4.5,7.0,1.47,4.89,6.71,0.6897,0.2222,0.1429,1.0547,2023/2024,10,2023,football-data.co.uk,2026-05-11 11:53:34.057291
25769803872,2023-10-22,Villarreal,Alaves,1,1,D,1.7,3.75,5.0,1.74,3.98,4.95,0.5882,0.2667,0.2,1.0549,2023/2024,10,2023,football-data.co.uk,2026-05-11 11:53:34.057291
25769803873,2023-10-22,Barcelona,Ath Bilbao,1,0,H,1.62,4.0,5.5,1.68,4.14,5.16,0.6173,0.25,0.1818,1.0491,2023/2024,10,2023,football-data.co.uk,2026-05-11 11:53:34.057291
25769803874,2023-10-23,Valencia,Cadiz,2,0,H,1.75,3.6,5.0,1.78,3.6,5.29,0.5714,0.2778,0.2,1.0492,2023/2024,10,2023,football-data.co.uk,2026-05-11 11:53:34.057291
25769803875,2023-10-27,Girona,Celta,1,0,H,1.7,4.2,4.5,1.69,4.27,4.84,0.5882,0.2381,0.2222,1.0486,2023/2024,10,2023,football-data.co.uk,2026-05-11 11:53:34.057291
25769803876,2023-10-28,Almeria,Las Palmas,1,2,A,2.25,3.5,3.1,2.37,3.46,3.15,0.4444,0.2857,0.3226,1.0527,2023/2024,10,2023,football-data.co.uk,2026-05-11 11:53:34.057291
25769803877,2023-10-28,Barcelona,Real Madrid,1,2,A,2.55,3.6,2.6,2.55,3.66,2.76,0.3922,0.2778,0.3846,1.0546,2023/2024,10,2023,football-data.co.uk,2026-05-11 11:53:34.057291
25769803878,2023-10-28,Mallorca,Getafe,0,0,D,2.25,3.0,3.5,2.35,3.03,3.67,0.4444,0.3333,0.2857,1.0635,2023/2024,10,2023,football-data.co.uk,2026-05-11 11:53:34.057291
25769803879,2023-10-28,Cadiz,Sevilla,2,2,D,3.3,3.25,2.25,3.39,3.37,2.29,0.303,0.3077,0.4444,1.0552,2023/2024,10,2023,football-data.co.uk,2026-05-11 11:53:34.057291
25769803880,2023-10-29,Betis,Osasuna,2,1,H,2.05,3.5,3.6,2.1,3.4,3.89,0.4878,0.2857,0.2778,1.0513,2023/2024,10,2023,football-data.co.uk,2026-05-11 11:53:34.057291
25769803881,2023-10-29,Vallecano,Sociedad,2,2,D,3.1,3.2,2.38,3.34,3.11,2.46,0.3226,0.3125,0.4202,1.0552,2023/2024,10,2023,football-data.co.uk,2026-05-11 11:53:34.057291
25769803882,2023-10-29,Ath Bilbao,Valencia,2,2,D,1.62,3.8,5.75,1.64,3.96,5.95,0.6173,0.2632,0.1739,1.0544,2023/2024,10,2023,football-data.co.uk,2026-05-11 11:53:34.057291
25769803883,2023-10-29,Ath Madrid,Alaves,2,1,H,1.4,4.75,8.5,1.4,4.96,8.74,0.7143,0.2105,0.1176,1.0425,2023/2024,10,2023,football-data.co.uk,2026-05-11 11:53:34.057291
25769803884,2023-10-30,Granada,Villarreal,2,3,A,3.1,3.5,2.25,3.16,3.62,2.29,0.3226,0.2857,0.4444,1.0527,2023/2024,10,2023,football-data.co.uk,2026-05-11 11:53:34.057291
25769803885,2023-11-03,Las Palmas,Ath Madrid,2,1,H,5.75,3.6,1.65,5.74,3.85,1.68,0.1739,0.2778,0.6061,1.0578,2023/2024,11,2023,football-data.co.uk,2026-05-11 11:53:34.057291
25769803886,2023-11-04,Osasuna,Girona,2,4,A,2.9,3.4,2.4,2.88,3.47,2.51,0.3448,0.2941,0.4167,1.0556,2023/2024,11,2023,football-data.co.uk,2026-05-11 11:53:34.057291
25769803887,2023-11-04,Betis,Mallorca,2,0,H,1.91,3.3,4.5,1.93,3.37,4.52,0.5236,0.303,0.2222,1.0488,2023/2024,11,2023,football-data.co.uk,2026-05-11 11:53:34.057291
25769803888,2023-11-04,Celta,Sevilla,1,1,D,2.6,3.4,2.7,2.58,3.49,2.79,0.3846,0.2941,0.3704,1.0491,2023/2024,11,2023,football-data.co.uk,2026-05-11 11:53:34.057291
25769803889,2023-11-04,Sociedad,Barcelona,0,1,A,3.1,3.5,2.25,3.37,3.55,2.2,0.3226,0.2857,0.4444,1.0527,2023/2024,11,2023,football-data.co.uk,2026-05-11 11:53:34.057291
25769803890,2023-11-05,Alaves,Almeria,1,0,H,1.75,3.75,4.75,1.78,3.8,4.75,0.5714,0.2667,0.2105,1.0486,2023/2024,11,2023,football-data.co.uk,2026-05-11 11:53:34.057291
25769803891,2023-11-05,Valencia,Granada,1,0,H,1.65,4.0,5.0,1.66,4.13,5.24,0.6061,0.25,0.2,1.0561,2023/2024,11,2023,football-data.co.uk,2026-05-11 11:53:34.057291
25769803892,2023-11-05,Villarreal,Ath Bilbao,2,3,A,2.8,3.6,2.4,3.06,3.58,2.34,0.3571,0.2778,0.4167,1.0516,2023/2024,11,2023,football-data.co.uk,2026-05-11 11:53:34.057291
25769803893,2023-11-05,Real Madrid,Vallecano,0,0,D,1.29,5.5,12.0,1.27,6.24,10.53,0.7752,0.1818,0.0833,1.0403,2023/2024,11,2023,football-data.co.uk,2026-05-11 11:53:34.057291
25769803894,2023-11-06,Getafe,Cadiz,1,0,H,1.91,3.1,4.75,1.93,3.19,4.88,0.5236,0.3226,0.2105,1.0567,2023/2024,11,2023,football-data.co.uk,2026-05-11 11:53:34.057291
25769803895,2023-11-10,Ath Bilbao,Celta,4,3,H,1.67,3.8,5.0,1.69,4.17,5.04,0.5988,0.2632,0.2,1.062,2023/2024,11,2023,football-data.co.uk,2026-05-11 11:53:34.057291
25769803896,2023-11-11,Vallecano,Girona,1,2,A,2.88,3.5,2.4,2.92,3.48,2.48,0.3472,0.2857,0.4167,1.0496,2023/2024,11,2023,football-data.co.uk,2026-05-11 11:53:34.057291
25769803897,2023-11-11,Almeria,Sociedad,1,3,A,4.75,3.8,1.73,4.83,4.01,1.72,0.2105,0.2632,0.578,1.0517,2023/2024,11,2023,football-data.co.uk,2026-05-11 11:53:34.057291
25769803898,2023-11-11,Granada,Getafe,1,1,D,2.5,3.1,3.0,2.58,3.16,3.04,0.4,0.3226,0.3333,1.0559,2023/2024,11,2023,football-data.co.uk,2026-05-11 11:53:34.057291
25769803899,2023-11-11,Osasuna,Las Palmas,1,1,D,1.95,3.4,4.0,2.0,3.25,4.42,0.5128,0.2941,0.25,1.0569,2023/2024,11,2023,football-data.co.uk,2026-05-11 11:53:34.057291
25769803900,2023-11-11,Real Madrid,Valencia,5,1,H,1.33,5.5,8.5,1.32,5.6,9.7,0.7519,0.1818,0.1176,1.0513,2023/2024,11,2023,football-data.co.uk,2026-05-11 11:53:34.057291
25769803901,2023-11-12,Barcelona,Alaves,2,1,H,1.25,6.0,11.0,1.24,6.51,11.82,0.8,0.1667,0.0909,1.0576,2023/2024,11,2023,football-data.co.uk,2026-05-11 11:53:34.057291
25769803902,2023-11-12,Sevilla,Betis,1,1,D,2.05,3.5,3.6,2.17,3.52,3.46,0.4878,0.2857,0.2778,1.0513,2023/2024,11,2023,football-data.co.uk,2026-05-11 11:53:34.057291
25769803903,2023-11-12,Ath Madrid,Villarreal,3,1,H,1.36,5.5,7.5,1.38,5.43,7.71,0.7353,0.1818,0.1333,1.0504,2023/2024,11,2023,football-data.co.uk,2026-05-11 11:53:34.057291
25769803904,2023-11-24,Alaves,Granada,3,1,H,1.7,3.6,5.0,1.76,3.74,5.15,0.5882,0.2778,0.2,1.066,2023/2024,11,2023,football-data.co.uk,2026-05-11 11:53:34.057291
25769803905,2023-11-25,Vallecano,Barcelona,1,1,D,5.25,4.0,1.65,5.39,4.09,1.65,0.1905,0.25,0.6061,1.0465,2023/2024,11,2023,football-data.co.uk,2026-05-11 11:53:34.057291
25769803906,2023-11-25,Valencia,Celta,0,0,D,2.2,3.25,3.5,2.19,3.43,3.51,0.4545,0.3077,0.2857,1.048,2023/2024,11,2023,football-data.co.uk,2026-05-11 11:53:34.057291
25769803907,2023-11-25,Getafe,Almeria,2,1,H,1.65,3.75,5.5,1.68,3.86,5.46,0.6061,0.2667,0.1818,1.0545,2023/2024,11,2023,football-data.co.uk,2026-05-11 11:53:34.057291
25769803908,2023-11-25,Ath Madrid,Mallorca,1,0,H,1.33,5.0,9.5,1.37,4.89,9.37,0.7519,0.2,0.1053,1.0571,2023/2024,11,2023,football-data.co.uk,2026-05-11 11:53:34.057291
25769803909,2023-11-26,Villarreal,Osasuna,3,1,H,2.15,3.5,3.3,2.17,3.49,3.5,0.4651,0.2857,0.303,1.0539,2023/2024,11,2023,football-data.co.uk,2026-05-11 11:53:34.057291
25769803910,2023-11-26,Sociedad,Sevilla,2,1,H,1.75,3.6,4.75,1.76,3.76,4.92,0.5714,0.2778,0.2105,1.0597,2023/2024,11,2023,football-data.co.uk,2026-05-11 11:53:34.057291
25769803911,2023-11-26,Cadiz,Real Madrid,0,3,A,6.0,4.5,1.5,6.67,4.68,1.48,0.1667,0.2222,0.6667,1.0556,2023/2024,11,2023,football-data.co.uk,2026-05-11 11:53:34.057291
25769803912,2023-11-26,Betis,Las Palmas,1,0,H,1.7,3.75,5.25,1.65,3.91,5.66,0.5882,0.2667,0.1905,1.0454,2023/2024,11,2023,football-data.co.uk,2026-05-11 11:53:34.057291
25769803913,2023-11-27,Girona,Ath Bilbao,1,1,D,2.25,3.5,3.1,2.32,3.69,3.01,0.4444,0.2857,0.3226,1.0527,2023/2024,11,2023,football-data.co.uk,2026-05-11 11:53:34.057291
25769803914,2023-11-29,Mallorca,Cadiz,1,1,D,1.95,3.2,4.33,1.99,3.21,4.56,0.5128,0.3125,0.2309,1.0563,2023/2024,11,2023,football-data.co.uk,2026-05-11 11:53:34.057291
25769803915,2023-12-01,Las Palmas,Getafe,2,0,H,2.38,2.9,3.4,2.49,2.95,3.48,0.4202,0.3448,0.2941,1.0591,2023/2024,12,2023,football-data.co.uk,2026-05-11 11:53:34.057291
25769803916,2023-12-02,Girona,Valencia,2,1,H,1.7,4.0,4.75,1.71,3.97,5.0,0.5882,0.25,0.2105,1.0488,2023/2024,12,2023,football-data.co.uk,2026-05-11 11:53:34.057291
25769803917,2023-12-02,Ath Bilbao,Vallecano,4,0,H,1.57,4.2,5.75,1.57,4.32,5.92,0.6369,0.2381,0.1739,1.049,2023/2024,12,2023,football-data.co.uk,2026-05-11 11:53:34.057291
25769803918,2023-12-02,Real Madrid,Granada,2,0,H,1.17,8.0,15.0,1.16,8.84,14.66,0.8547,0.125,0.0667,1.0464,2023/2024,12,2023,football-data.co.uk,2026-05-11 11:53:34.057291
25769803919,2023-12-02,Osasuna,Sociedad,1,1,D,3.4,3.25,2.2,3.75,3.24,2.18,0.2941,0.3077,0.4545,1.0564,2023/2024,12,2023,football-data.co.uk,2026-05-11 11:53:34.057291
25769803920,2023-12-03,Mallorca,Alaves,0,0,D,2.45,3.0,3.25,2.47,2.99,3.41,0.4082,0.3333,0.3077,1.0492,2023/2024,12,2023,football-data.co.uk,2026-05-11 11:53:34.057291
25769803921,2023-12-03,Almeria,Betis,0,0,D,3.2,3.6,2.2,3.36,3.66,2.16,0.3125,0.2778,0.4545,1.0448,2023/2024,12,2023,football-data.co.uk,2026-05-11 11:53:34.057291
25769803922,2023-12-03,Sevilla,Villarreal,1,1,D,2.0,3.6,3.6,2.05,3.73,3.58,0.5,0.2778,0.2778,1.0556,2023/2024,12,2023,football-data.co.uk,2026-05-11 11:53:34.057291
25769803923,2023-12-03,Barcelona,Ath Madrid,1,0,H,2.0,3.75,3.5,2.05,3.76,3.57,0.5,0.2667,0.2857,1.0524,2023/2024,12,2023,football-data.co.uk,2026-05-11 11:53:34.057291
25769803924,2023-12-04,Celta,Cadiz,1,1,D,1.57,3.8,6.5,1.61,4.13,5.8,0.6369,0.2632,0.1538,1.0539,2023/2024,12,2023,football-data.co.uk,2026-05-11 11:53:34.057291
25769803925,2023-12-08,Getafe,Valencia,1,0,H,2.6,2.9,3.1,2.76,2.88,3.14,0.3846,0.3448,0.3226,1.052,2023/2024,12,2023,football-data.co.uk,2026-05-11 11:53:34.057291
25769803926,2023-12-09,Alaves,Las Palmas,0,1,A,2.1,3.0,4.2,2.08,3.16,4.2,0.4762,0.3333,0.2381,1.0476,2023/2024,12,2023,football-data.co.uk,2026-05-11 11:53:34.057291
25769803927,2023-12-09,Betis,Real Madrid,1,1,D,4.2,3.8,1.8,4.39,3.92,1.81,0.2381,0.2632,0.5556,1.0568,2023/2024,12,2023,football-data.co.uk,2026-05-11 11:53:34.057291
25769803928,2023-12-09,Villarreal,Sociedad,0,3,A,3.4,3.4,2.1,3.45,3.55,2.16,0.2941,0.2941,0.4762,1.0644,2023/2024,12,2023,football-data.co.uk,2026-05-11 11:53:34.057291
25769803929,2023-12-09,Mallorca,Sevilla,1,0,H,2.75,3.1,2.75,2.69,3.16,2.9,0.3636,0.3226,0.3636,1.0499,2023/2024,12,2023,football-data.co.uk,2026-05-11 11:53:34.057291
25769803930,2023-12-10,Ath Madrid,Almeria,2,1,H,1.22,6.5,12.0,1.19,7.63,13.51,0.8197,0.1538,0.0833,1.0569,2023/2024,12,2023,football-data.co.uk,2026-05-11 11:53:34.057291
25769803931,2023-12-10,Cadiz,Osasuna,1,1,D,2.9,3.1,2.55,2.99,3.14,2.63,0.3448,0.3226,0.3922,1.0596,2023/2024,12,2023,football-data.co.uk,2026-05-11 11:53:34.057291
25769803932,2023-12-10,Barcelona,Girona,2,4,A,1.53,5.0,5.5,1.52,4.9,5.7,0.6536,0.2,0.1818,1.0354,2023/2024,12,2023,football-data.co.uk,2026-05-11 11:53:34.057291
25769803933,2023-12-11,Granada,Ath Bilbao,1,1,D,5.0,4.0,1.67,4.85,4.16,1.69,0.2,0.25,0.5988,1.0488,2023/2024,12,2023,football-data.co.uk,2026-05-11 11:53:34.057291
25769803934,2023-12-11,Vallecano,Celta,0,0,D,2.45,3.1,3.1,2.51,3.31,3.02,0.4082,0.3226,0.3226,1.0533,2023/2024,12,2023,football-data.co.uk,2026-05-11 11:53:34.057291
25769803935,2023-12-15,Osasuna,Vallecano,1,0,H,2.2,3.2,3.5,2.29,3.16,3.63,0.4545,0.3125,0.2857,1.0528,2023/2024,12,2023,football-data.co.uk,2026-05-11 11:53:34.057291
25769803936,2023-12-16,Celta,Granada,1,0,H,1.67,4.0,5.0,1.67,4.1,5.13,0.5988,0.25,0.2,1.0488,2023/2024,12,2023,football-data.co.uk,2026-05-11 11:53:34.057291
25769803937,2023-12-16,Ath Bilbao,Ath Madrid,2,0,H,2.45,3.3,2.9,2.45,3.52,2.94,0.4082,0.303,0.3448,1.056,2023/2024,12,2023,football-data.co.uk,2026-05-11 11:53:34.057291
25769803938,2023-12-16,Sevilla,Getafe,0,3,A,1.95,3.4,4.2,1.97,3.39,4.32,0.5128,0.2941,0.2381,1.045,2023/2024,12,2023,football-data.co.uk,2026-05-11 11:53:34.057291
25769803939,2023-12-16,Valencia,Barcelona,1,1,D,5.0,3.8,1.67,5.2,4.06,1.67,0.2,0.2632,0.5988,1.062,2023/2024,12,2023,football-data.co.uk,2026-05-11 11:53:34.057291
25769803940,2023-12-17,Almeria,Mallorca,0,0,D,2.7,3.2,2.7,2.66,3.3,2.83,0.3704,0.3125,0.3704,1.0532,2023/2024,12,2023,football-data.co.uk,2026-05-11 11:53:34.057291
25769803941,2023-12-17,Sociedad,Betis,0,0,D,1.7,4.0,5.0,1.7,3.9,5.17,0.5882,0.25,0.2,1.0382,2023/2024,12,2023,football-data.co.uk,2026-05-11 11:53:34.057291
25769803942,2023-12-17,Las Palmas,Cadiz,1,1,D,1.91,3.3,4.33,1.96,3.31,4.49,0.5236,0.303,0.2309,1.0575,2023/2024,12,2023,football-data.co.uk,2026-05-11 11:53:34.057291
25769803943,2023-12-17,Real Madrid,Villarreal,4,1,H,1.29,6.0,9.0,1.29,6.3,9.21,0.7752,0.1667,0.1111,1.053,2023/2024,12,2023,football-data.co.uk,2026-05-11 11:53:34.057291
25769803944,2023-12-18,Girona,Alaves,3,0,H,1.53,4.0,6.5,1.57,4.38,5.79,0.6536,0.25,0.1538,1.0574,2023/2024,12,2023,football-data.co.uk,2026-05-11 11:53:34.057291
25769803945,2023-12-19,Vallecano,Valencia,0,1,A,2.2,3.2,3.5,2.24,3.18,3.74,0.4545,0.3125,0.2857,1.0528,2023/2024,12,2023,football-data.co.uk,2026-05-11 11:53:34.057291
25769803946,2023-12-19,Ath Madrid,Getafe,3,3,D,1.45,4.33,7.5,1.48,4.45,7.67,0.6897,0.2309,0.1333,1.0539,2023/2024,12,2023,football-data.co.uk,2026-05-11 11:53:34.057291
25769803947,2023-12-19,Granada,Sevilla,0,3,A,2.8,3.4,2.5,2.96,3.3,2.59,0.3571,0.2941,0.4,1.0513,2023/2024,12,2023,football-data.co.uk,2026-05-11 11:53:34.057291
25769803948,2023-12-20,Barcelona,Almeria,3,2,H,1.14,8.5,15.0,1.13,10.49,16.19,0.8772,0.1176,0.0667,1.0615,2023/2024,12,2023,football-data.co.uk,2026-05-11 11:53:34.057291
25769803949,2023-12-20,Ath Bilbao,Las Palmas,1,0,H,1.36,5.0,7.0,1.39,4.99,8.41,0.7353,0.2,0.1429,1.0782,2023/2024,12,2023,football-data.co.uk,2026-05-11 11:53:34.057291
25769803950,2023-12-20,Villarreal,Celta,3,2,H,2.4,3.6,2.88,2.42,3.52,2.98,0.4167,0.2778,0.3472,1.0417,2023/2024,12,2023,football-data.co.uk,2026-05-11 11:53:34.057291
25769803951,2023-12-21,Betis,Girona,1,1,D,2.8,3.5,2.38,2.87,3.69,2.42,0.3571,0.2857,0.4202,1.063,2023/2024,12,2023,football-data.co.uk,2026-05-11 11:53:34.057291
25769803952,2023-12-21,Cadiz,Sociedad,0,0,D,4.75,3.1,1.75,4.8,3.42,1.87,0.2105,0.3226,0.5714,1.1045,2023/2024,12,2023,football-data.co.uk,2026-05-11 11:53:34.057291
25769803953,2023-12-21,Alaves,Real Madrid,0,1,A,5.75,4.0,1.53,5.93,4.26,1.58,0.1739,0.25,0.6536,1.0775,2023/2024,12,2023,football-data.co.uk,2026-05-11 11:53:34.057291
25769803954,2023-12-21,Mallorca,Osasuna,3,2,H,2.3,2.9,3.3,2.42,2.98,3.51,0.4348,0.3448,0.303,1.0826,2023/2024,12,2023,football-data.co.uk,2026-05-11 11:53:34.057291
25769803955,2023-12-23,Ath Madrid,Sevilla,1,0,H,1.53,4.33,5.75,1.54,4.51,6.05,0.6536,0.2309,0.1739,1.0585,2023/2024,12,2023,football-data.co.uk,2026-05-11 11:53:34.057291
25769803956,2024-01-02,Getafe,Vallecano,0,2,A,2.38,3.0,3.3,2.42,3.0,3.5,0.4202,0.3333,0.303,1.0565,2023/2024,1,2024,football-data.co.uk,2026-05-11 11:53:34.057291
25769803957,2024-01-02,Sociedad,Alaves,1,1,D,1.6,3.75,6.5,1.59,3.9,6.58,0.625,0.2667,0.1538,1.0455,2023/2024,1,2024,football-data.co.uk,2026-05-11 11:53:34.057291
25769803958,2024-01-02,Valencia,Villarreal,3,1,H,2.05,3.5,3.6,2.04,3.49,3.9,0.4878,0.2857,0.2778,1.0513,2023/2024,1,2024,football-data.co.uk,2026-05-11 11:53:34.057291
25769803959,2024-01-03,Granada,Cadiz,2,0,H,2.25,3.1,3.5,2.26,3.19,3.59,0.4444,0.3226,0.2857,1.0527,2023/2024,1,2024,football-data.co.uk,2026-05-11 11:53:34.057291
25769803960,2024-01-03,Celta,Betis,2,1,H,2.4,3.3,3.0,2.47,3.33,3.05,0.4167,0.303,0.3333,1.053,2023/2024,1,2024,football-data.co.uk,2026-05-11 11:53:34.057291
25769803961,2024-01-03,Real Madrid,Mallorca,1,0,H,1.2,6.5,15.0,1.23,6.68,12.58,0.8333,0.1538,0.0667,1.0538,2023/2024,1,2024,football-data.co.uk,2026-05-11 11:53:34.057291
25769803962,2024-01-03,Girona,Ath Madrid,4,3,H,2.55,3.6,2.63,2.61,3.55,2.71,0.3922,0.2778,0.3802,1.0502,2023/2024,1,2024,football-data.co.uk,2026-05-11 11:53:34.057291
25769803963,2024-01-04,Osasuna,Almeria,1,0,H,1.7,4.0,4.75,1.71,3.94,5.03,0.5882,0.25,0.2105,1.0488,2023/2024,1,2024,football-data.co.uk,2026-05-11 11:53:34.057291
25769803964,2024-01-04,Sevilla,Ath Bilbao,0,2,A,3.0,3.3,2.38,3.17,3.24,2.45,0.3333,0.303,0.4202,1.0565,2023/2024,1,2024,football-data.co.uk,2026-05-11 11:53:34.057291
25769803965,2024-01-04,Las Palmas,Barcelona,1,2,A,5.5,4.33,1.57,5.82,4.39,1.57,0.1818,0.2309,0.6369,1.0497,2023/2024,1,2024,football-data.co.uk,2026-05-11 11:53:34.057291
25769803966,2024-01-12,Sevilla,Alaves,2,3,A,1.91,3.4,4.2,1.95,3.4,4.52,0.5236,0.2941,0.2381,1.0558,2023/2024,1,2024,football-data.co.uk,2026-05-11 11:53:34.057291
25769803967,2024-01-13,Las Palmas,Villarreal,3,0,H,2.5,3.3,2.8,2.52,3.39,2.94,0.4,0.303,0.3571,1.0602,2023/2024,1,2024,football-data.co.uk,2026-05-11 11:53:34.057291
25769803968,2024-01-13,Mallorca,Celta,1,1,D,2.5,3.1,3.0,2.57,3.02,3.2,0.4,0.3226,0.3333,1.0559,2023/2024,1,2024,football-data.co.uk,2026-05-11 11:53:34.057291
25769803969,2024-01-13,Ath Bilbao,Sociedad,2,1,H,2.0,3.4,3.8,2.02,3.47,4.0,0.5,0.2941,0.2632,1.0573,2023/2024,1,2024,football-data.co.uk,2026-05-11 11:53:34.057291
25769803970,2024-01-13,Betis,Granada,1,0,H,1.62,4.2,4.75,1.65,4.04,5.49,0.6173,0.2381,0.2105,1.0659,2023/2024,1,2024,football-data.co.uk,2026-05-11 11:53:34.057291
25769803971,2024-01-14,Almeria,Girona,0,0,D,4.5,4.0,1.7,4.71,4.42,1.67,0.2222,0.25,0.5882,1.0605,2023/2024,1,2024,football-data.co.uk,2026-05-11 11:53:34.057291
25769803972,2024-01-14,Cadiz,Valencia,1,4,A,2.88,3.0,2.7,3.02,2.96,2.75,0.3472,0.3333,0.3704,1.0509,2023/2024,1,2024,football-data.co.uk,2026-05-11 11:53:34.057291
25769803973,2024-01-19,Alaves,Cadiz,1,0,H,1.7,3.5,5.75,1.73,3.51,6.0,0.5882,0.2857,0.1739,1.0479,2023/2024,1,2024,football-data.co.uk,2026-05-11 11:53:34.057291
25769803974,2024-01-20,Vallecano,Las Palmas,0,2,A,1.85,3.3,4.5,1.93,3.42,4.5,0.5405,0.303,0.2222,1.0658,2023/2024,1,2024,football-data.co.uk,2026-05-11 11:53:34.057291
25769803975,2024-01-20,Villarreal,Mallorca,1,1,D,2.05,3.5,3.6,2.1,3.5,3.68,0.4878,0.2857,0.2778,1.0513,2023/2024,1,2024,football-data.co.uk,2026-05-11 11:53:34.057291
25769803976,2024-01-20,Valencia,Ath Bilbao,1,0,H,3.3,3.3,2.25,3.47,3.46,2.19,0.303,0.303,0.4444,1.0505,2023/2024,1,2024,football-data.co.uk,2026-05-11 11:53:34.057291
25769803977,2024-01-20,Celta,Sociedad,0,1,A,3.25,3.0,2.4,3.21,3.08,2.52,0.3077,0.3333,0.4167,1.0577,2023/2024,1,2024,football-data.co.uk,2026-05-11 11:53:34.057291
25769803978,2024-01-21,Osasuna,Getafe,3,2,H,2.15,3.0,4.0,2.21,3.11,3.87,0.4651,0.3333,0.25,1.0484,2023/2024,1,2024,football-data.co.uk,2026-05-11 11:53:34.057291
25769803979,2024-01-21,Real Madrid,Almeria,3,2,H,1.13,10.0,17.0,1.15,9.58,15.8,0.885,0.1,0.0588,1.0438,2023/2024,1,2024,football-data.co.uk,2026-05-11 11:53:34.057291
25769803980,2024-01-21,Betis,Barcelona,2,4,A,4.33,3.8,1.8,4.29,4.01,1.81,0.2309,0.2632,0.5556,1.0497,2023/2024,1,2024,football-data.co.uk,2026-05-11 11:53:34.057291
25769803981,2024-01-21,Girona,Sevilla,5,1,H,1.73,4.0,4.5,1.74,3.93,4.81,0.578,0.25,0.2222,1.0503,2023/2024,1,2024,football-data.co.uk,2026-05-11 11:53:34.057291
25769803982,2024-01-22,Granada,Ath Madrid,0,1,A,4.75,3.8,1.7,5.03,4.0,1.7,0.2105,0.2632,0.5882,1.0619,2023/2024,1,2024,football-data.co.uk,2026-05-11 11:53:34.057291
25769803983,2024-01-26,Almeria,Alaves,0,3,A,2.6,3.2,2.8,2.64,3.24,2.9,0.3846,0.3125,0.3571,1.0543,2023/2024,1,2024,football-data.co.uk,2026-05-11 11:53:34.057291
25769803984,2024-01-27,Sociedad,Vallecano,0,0,D,1.67,3.75,5.5,1.67,3.73,5.86,0.5988,0.2667,0.1818,1.0473,2023/2024,1,2024,football-data.co.uk,2026-05-11 11:53:34.057291
25769803985,2024-01-27,Las Palmas,Real Madrid,1,2,A,6.5,4.75,1.45,7.18,4.74,1.45,0.1538,0.2105,0.6897,1.054,2023/2024,1,2024,football-data.co.uk,2026-05-11 11:53:34.057291
25769803986,2024-01-27,Barcelona,Villarreal,3,5,A,1.36,5.5,8.0,1.35,5.9,7.75,0.7353,0.1818,0.125,1.0421,2023/2024,1,2024,football-data.co.uk,2026-05-11 11:53:34.057291
25769803987,2024-01-27,Mallorca,Betis,0,1,A,2.3,3.2,3.2,2.39,3.13,3.37,0.4348,0.3125,0.3125,1.0598,2023/2024,1,2024,football-data.co.uk,2026-05-11 11:53:34.057291
25769803988,2024-01-28,Celta,Girona,0,1,A,2.8,3.4,2.5,2.8,3.52,2.55,0.3571,0.2941,0.4,1.0513,2023/2024,1,2024,football-data.co.uk,2026-05-11 11:53:34.057291
25769803989,2024-01-28,Cadiz,Ath Bilbao,0,0,D,5.5,3.4,1.73,5.11,3.68,1.76,0.1818,0.2941,0.578,1.054,2023/2024,1,2024,football-data.co.uk,2026-05-11 11:53:34.057291
25769803990,2024-01-28,Sevilla,Osasuna,1,1,D,2.0,3.4,3.75,2.1,3.37,3.84,0.5,0.2941,0.2667,1.0608,2023/2024,1,2024,football-data.co.uk,2026-05-11 11:53:34.057291
25769803991,2024-01-28,Ath Madrid,Valencia,2,0,H,1.45,4.33,7.0,1.51,4.47,6.63,0.6897,0.2309,0.1429,1.0635,2023/2024,1,2024,football-data.co.uk,2026-05-11 11:53:34.057291
25769803992,2024-01-29,Getafe,Granada,2,0,H,1.8,3.4,4.75,1.82,3.5,5.01,0.5556,0.2941,0.2105,1.0602,2023/2024,1,2024,football-data.co.uk,2026-05-11 11:53:34.057291
25769803993,2024-01-31,Barcelona,Osasuna,1,0,H,1.33,5.0,10.0,1.32,5.82,9.33,0.7519,0.2,0.1,1.0519,2023/2024,1,2024,football-data.co.uk,2026-05-11 11:53:34.057291
25769803994,2024-01-31,Ath Madrid,Vallecano,2,1,H,1.5,4.2,6.5,1.5,4.48,6.83,0.6667,0.2381,0.1538,1.0586,2023/2024,1,2024,football-data.co.uk,2026-05-11 11:53:34.057291
25769803995,2024-02-01,Getafe,Real Madrid,0,2,A,6.0,4.2,1.55,6.44,4.18,1.56,0.1667,0.2381,0.6452,1.0499,2023/2024,2,2024,football-data.co.uk,2026-05-11 11:53:34.057291
25769803996,2024-02-02,Ath Bilbao,Mallorca,4,0,H,1.53,3.9,7.0,1.56,4.0,7.13,0.6536,0.2564,0.1429,1.0529,2023/2024,2,2024,football-data.co.uk,2026-05-11 11:53:34.057291
25769803997,2024-02-03,Valencia,Almeria,2,1,H,1.65,3.75,5.5,1.67,3.97,5.35,0.6061,0.2667,0.1818,1.0545,2023/2024,2,2024,football-data.co.uk,2026-05-11 11:53:34.057291
25769803998,2024-02-03,Granada,Las Palmas,1,1,D,2.3,3.2,3.3,2.32,3.23,3.41,0.4348,0.3125,0.303,1.0503,2023/2024,2,2024,football-data.co.uk,2026-05-11 11:53:34.057291
25769803999,2024-02-03,Alaves,Barcelona,1,3,A,4.33,3.6,1.85,4.31,3.71,1.87,0.2309,0.2778,0.5405,1.0493,2023/2024,2,2024,football-data.co.uk,2026-05-11 11:53:34.057291
25769804000,2024-02-03,Girona,Sociedad,0,0,D,2.1,3.4,3.5,2.19,3.42,3.52,0.4762,0.2941,0.2857,1.056,2023/2024,2,2024,football-data.co.uk,2026-05-11 11:53:34.057291
25769804001,2024-02-04,Villarreal,Cadiz,0,0,D,1.62,4.0,5.5,1.66,4.02,5.4,0.6173,0.25,0.1818,1.0491,2023/2024,2,2024,football-data.co.uk,2026-05-11 11:53:34.057291
25769804002,2024-02-04,Osasuna,Celta,0,3,A,2.38,3.1,3.3,2.38,3.16,3.36,0.4202,0.3226,0.303,1.0458,2023/2024,2,2024,football-data.co.uk,2026-05-11 11:53:34.057291
25769804003,2024-02-04,Betis,Getafe,1,1,D,1.91,3.4,4.2,1.9,3.45,4.57,0.5236,0.2941,0.2381,1.0558,2023/2024,2,2024,football-data.co.uk,2026-05-11 11:53:34.057291
25769804004,2024-02-04,Real Madrid,Ath Madrid,1,1,D,1.73,4.0,4.5,1.78,4.06,4.36,0.578,0.25,0.2222,1.0503,2023/2024,2,2024,football-data.co.uk,2026-05-11 11:53:34.057291
25769804005,2024-02-05,Vallecano,Sevilla,1,2,A,2.15,3.3,3.5,2.18,3.36,3.61,0.4651,0.303,0.2857,1.0539,2023/2024,2,2024,football-data.co.uk,2026-05-11 11:53:34.057291
25769804006,2024-02-09,Cadiz,Betis,0,2,A,3.0,3.0,2.6,3.12,2.97,2.7,0.3333,0.3333,0.3846,1.0513,2023/2024,2,2024,football-data.co.uk,2026-05-11 11:53:34.057291
25769804007,2024-02-10,Alaves,Villarreal,1,1,D,2.2,3.4,3.3,2.24,3.42,3.4,0.4545,0.2941,0.303,1.0517,2023/2024,2,2024,football-data.co.uk,2026-05-11 11:53:34.057291
25769804008,2024-02-10,Sociedad,Osasuna,0,1,A,1.85,3.2,5.0,1.89,3.21,5.12,0.5405,0.3125,0.2,1.053,2023/2024,2,2024,football-data.co.uk,2026-05-11 11:53:34.057291
25769804009,2024-02-10,Real Madrid,Girona,4,0,H,1.45,5.0,6.0,1.45,5.12,6.54,0.6897,0.2,0.1667,1.0563,2023/2024,2,2024,football-data.co.uk,2026-05-11 11:53:34.057291
25769804010,2024-02-10,Las Palmas,Valencia,2,0,H,2.75,3.0,2.9,2.84,2.91,2.97,0.3636,0.3333,0.3448,1.0418,2023/2024,2,2024,football-data.co.uk,2026-05-11 11:53:34.057291
25769804011,2024-02-11,Getafe,Celta,3,2,H,2.2,3.1,3.6,2.24,3.14,3.71,0.4545,0.3226,0.2778,1.0549,2023/2024,2,2024,football-data.co.uk,2026-05-11 11:53:34.057291
25769804012,2024-02-11,Mallorca,Vallecano,2,1,H,2.3,3.0,3.4,2.42,2.97,3.54,0.4348,0.3333,0.2941,1.0622,2023/2024,2,2024,football-data.co.uk,2026-05-11 11:53:34.057291
25769804013,2024-02-11,Sevilla,Ath Madrid,1,0,H,3.5,3.5,2.05,3.6,3.64,2.08,0.2857,0.2857,0.4878,1.0592,2023/2024,2,2024,football-data.co.uk,2026-05-11 11:53:34.057291
25769804014,2024-02-11,Barcelona,Granada,3,3,D,1.22,7.5,10.0,1.2,7.83,12.33,0.8197,0.1333,0.1,1.053,2023/2024,2,2024,football-data.co.uk,2026-05-11 11:53:34.057291
25769804015,2024-02-12,Almeria,Ath Bilbao,0,0,D,4.33,4.0,1.73,4.64,3.99,1.76,0.2309,0.25,0.578,1.059,2023/2024,2,2024,football-data.co.uk,2026-05-11 11:53:34.057291
25769804016,2024-02-16,Villarreal,Getafe,1,1,D,1.95,3.5,3.8,2.02,3.58,3.93,0.5128,0.2857,0.2632,1.0617,2023/2024,2,2024,football-data.co.uk,2026-05-11 11:53:34.057291
25769804017,2024-02-17,Ath Madrid,Las Palmas,5,0,H,1.5,4.75,6.5,1.48,4.58,6.96,0.6667,0.2105,0.1538,1.031,2023/2024,2,2024,football-data.co.uk,2026-05-11 11:53:34.057291
25769804018,2024-02-17,Osasuna,Cadiz,2,0,H,1.75,3.3,5.5,1.8,3.41,5.36,0.5714,0.303,0.1818,1.0563,2023/2024,2,2024,football-data.co.uk,2026-05-11 11:53:34.057291
25769804019,2024-02-17,Celta,Barcelona,1,2,A,3.8,3.8,1.85,4.09,3.88,1.88,0.2632,0.2632,0.5405,1.0669,2023/2024,2,2024,football-data.co.uk,2026-05-11 11:53:34.057291
25769804020,2024-02-17,Valencia,Sevilla,0,0,D,2.25,3.3,3.3,2.29,3.28,3.44,0.4444,0.303,0.303,1.0505,2023/2024,2,2024,football-data.co.uk,2026-05-11 11:53:34.057291
25769804021,2024-02-18,Vallecano,Real Madrid,1,1,D,6.0,3.75,1.62,5.43,4.12,1.64,0.1667,0.2667,0.6173,1.0506,2023/2024,2,2024,football-data.co.uk,2026-05-11 11:53:34.057291
25769804022,2024-02-18,Granada,Almeria,1,1,D,2.1,3.5,3.4,2.19,3.51,3.43,0.4762,0.2857,0.2941,1.056,2023/2024,2,2024,football-data.co.uk,2026-05-11 11:53:34.057291
25769804023,2024-02-18,Mallorca,Sociedad,1,2,A,3.4,2.8,2.5,3.4,2.83,2.6,0.2941,0.3571,0.4,1.0513,2023/2024,2,2024,football-data.co.uk,2026-05-11 11:53:34.057291
25769804024,2024-02-18,Betis,Alaves,0,0,D,2.1,3.3,3.75,2.15,3.31,3.75,0.4762,0.303,0.2667,1.0459,2023/2024,2,2024,football-data.co.uk,2026-05-11 11:53:34.057291
25769804025,2024-02-19,Ath Bilbao,Girona,3,2,H,1.91,3.6,4.0,1.94,3.79,3.88,0.5236,0.2778,0.25,1.0513,2023/2024,2,2024,football-data.co.uk,2026-05-11 11:53:34.057291
25769804026,2024-02-23,Sociedad,Villarreal,1,3,A,1.73,3.6,5.0,1.72,3.84,5.25,0.578,0.2778,0.2,1.0558,2023/2024,2,2024,football-data.co.uk,2026-05-11 11:53:34.057291
25769804027,2024-02-24,Barcelona,Getafe,4,0,H,1.4,5.0,7.0,1.42,5.11,7.29,0.7143,0.2,0.1429,1.0571,2023/2024,2,2024,football-data.co.uk,2026-05-11 11:53:34.057291
25769804028,2024-02-24,Alaves,Mallorca,1,1,D,1.91,3.0,5.0,1.96,3.09,4.98,0.5236,0.3333,0.2,1.0569,2023/2024,2,2024,football-data.co.uk,2026-05-11 11:53:34.057291
25769804029,2024-02-24,Almeria,Ath Madrid,2,2,D,4.75,4.0,1.7,4.55,4.02,1.76,0.2105,0.25,0.5882,1.0488,2023/2024,2,2024,football-data.co.uk,2026-05-11 11:53:34.057291
25769804030,2024-02-25,Cadiz,Celta,2,2,D,3.1,3.0,2.5,3.15,3.04,2.58,0.3226,0.3333,0.4,1.0559,2023/2024,2,2024,football-data.co.uk,2026-05-11 11:53:34.057291
25769804031,2024-02-25,Betis,Ath Bilbao,3,1,H,3.6,3.1,2.2,3.63,3.27,2.21,0.2778,0.3226,0.4545,1.0549,2023/2024,2,2024,football-data.co.uk,2026-05-11 11:53:34.057291
25769804032,2024-02-25,Las Palmas,Osasuna,1,1,D,2.38,2.9,3.5,2.44,3.03,3.42,0.4202,0.3448,0.2857,1.0507,2023/2024,2,2024,football-data.co.uk,2026-05-11 11:53:34.057291
25769804033,2024-02-25,Real Madrid,Sevilla,1,0,H,1.29,6.0,9.0,1.32,6.02,8.92,0.7752,0.1667,0.1111,1.053,2023/2024,2,2024,football-data.co.uk,2026-05-11 11:53:34.057291
25769804034,2024-02-26,Girona,Vallecano,3,0,H,1.65,4.2,4.75,1.68,4.15,5.01,0.6061,0.2381,0.2105,1.0547,2023/2024,2,2024,football-data.co.uk,2026-05-11 11:53:34.057291
25769804035,2024-03-01,Celta,Almeria,1,0,H,1.85,3.6,4.2,1.88,3.78,4.29,0.5405,0.2778,0.2381,1.0564,2023/2024,3,2024,football-data.co.uk,2026-05-11 11:53:34.057291
25769804036,2024-03-02,Sevilla,Sociedad,3,2,H,2.6,3.0,3.0,2.64,3.02,3.09,0.3846,0.3333,0.3333,1.0513,2023/2024,3,2024,football-data.co.uk,2026-05-11 11:53:34.057291
25769804037,2024-03-02,Vallecano,Cadiz,1,1,D,1.8,3.3,5.25,1.84,3.32,5.25,0.5556,0.303,0.1905,1.0491,2023/2024,3,2024,football-data.co.uk,2026-05-11 11:53:34.057291
25769804038,2024-03-02,Getafe,Las Palmas,3,3,D,2.0,3.1,4.33,2.05,3.2,4.27,0.5,0.3226,0.2309,1.0535,2023/2024,3,2024,football-data.co.uk,2026-05-11 11:53:34.057291
25769804039,2024-03-02,Valencia,Real Madrid,2,2,D,5.25,3.8,1.67,5.48,3.96,1.66,0.1905,0.2632,0.5988,1.0524,2023/2024,3,2024,football-data.co.uk,2026-05-11 11:53:34.057291
25769804040,2024-03-03,Villarreal,Granada,5,1,H,1.65,4.0,5.0,1.65,4.33,5.04,0.6061,0.25,0.2,1.0561,2023/2024,3,2024,football-data.co.uk,2026-05-11 11:53:34.057291
25769804041,2024-03-03,Ath Madrid,Betis,2,1,H,1.57,4.2,5.75,1.58,4.36,5.73,0.6369,0.2381,0.1739,1.049,2023/2024,3,2024,football-data.co.uk,2026-05-11 11:53:34.057291
25769804042,2024-03-03,Mallorca,Girona,1,0,H,3.25,3.2,2.3,3.27,3.3,2.35,0.3077,0.3125,0.4348,1.055,2023/2024,3,2024,football-data.co.uk,2026-05-11 11:53:34.057291
25769804043,2024-03-03,Ath Bilbao,Barcelona,0,0,D,2.88,3.5,2.4,2.94,3.54,2.43,0.3472,0.2857,0.4167,1.0496,2023/2024,3,2024,football-data.co.uk,2026-05-11 11:53:34.057291
25769804044,2024-03-04,Osasuna,Alaves,1,0,H,2.38,3.1,3.25,2.44,3.05,3.38,0.4202,0.3226,0.3077,1.0504,2023/2024,3,2024,football-data.co.uk,2026-05-11 11:53:34.057291
25769804045,2024-03-08,Barcelona,Mallorca,1,0,H,1.44,4.75,6.5,1.47,4.68,7.38,0.6944,0.2105,0.1538,1.0588,2023/2024,3,2024,football-data.co.uk,2026-05-11 11:53:34.057291
25769804046,2024-03-09,Valencia,Getafe,1,0,H,2.0,3.2,4.2,2.0,3.15,4.62,0.5,0.3125,0.2381,1.0506,2023/2024,3,2024,football-data.co.uk,2026-05-11 11:53:34.057291
25769804047,2024-03-09,Cadiz,Ath Madrid,2,0,H,4.75,3.6,1.73,4.96,3.76,1.76,0.2105,0.2778,0.578,1.0663,2023/2024,3,2024,football-data.co.uk,2026-05-11 11:53:34.057291
25769804048,2024-03-09,Granada,Sociedad,2,3,A,4.5,3.3,1.85,4.45,3.5,1.91,0.2222,0.303,0.5405,1.0658,2023/2024,3,2024,football-data.co.uk,2026-05-11 11:53:34.057291
25769804049,2024-03-09,Girona,Osasuna,2,0,H,1.62,4.2,5.25,1.62,4.2,5.54,0.6173,0.2381,0.1905,1.0459,2023/2024,3,2024,football-data.co.uk,2026-05-11 11:53:34.057291
25769804050,2024-03-10,Alaves,Vallecano,1,0,H,2.15,3.1,3.75,2.2,3.1,3.89,0.4651,0.3226,0.2667,1.0544,2023/2024,3,2024,football-data.co.uk,2026-05-11 11:53:34.057291
25769804051,2024-03-10,Las Palmas,Ath Bilbao,0,2,A,4.0,3.3,2.0,4.14,3.38,2.01,0.25,0.303,0.5,1.053,2023/2024,3,2024,football-data.co.uk,2026-05-11 11:53:34.057291
25769804052,2024-03-10,Real Madrid,Celta,4,0,H,1.3,6.0,8.0,1.29,6.13,10.04,0.7692,0.1667,0.125,1.0609,2023/2024,3,2024,football-data.co.uk,2026-05-11 11:53:34.057291
25769804053,2024-03-10,Betis,Villarreal,2,3,A,2.05,3.5,3.4,2.08,3.66,3.59,0.4878,0.2857,0.2941,1.0676,2023/2024,3,2024,football-data.co.uk,2026-05-11 11:53:34.057291
25769804054,2024-03-11,Almeria,Sevilla,2,2,D,3.1,3.3,2.38,3.11,3.36,2.42,0.3226,0.303,0.4202,1.0458,2023/2024,3,2024,football-data.co.uk,2026-05-11 11:53:34.057291
25769804055,2024-03-15,Sociedad,Cadiz,2,0,H,1.5,4.0,8.5,1.48,4.15,8.55,0.6667,0.25,0.1176,1.0343,2023/2024,3,2024,football-data.co.uk,2026-05-11 11:53:34.057291
25769804056,2024-03-16,Mallorca,Granada,1,0,H,1.83,3.3,5.0,1.84,3.43,5.0,0.5464,0.303,0.2,1.0495,2023/2024,3,2024,football-data.co.uk,2026-05-11 11:53:34.057291
25769804057,2024-03-16,Osasuna,Real Madrid,2,4,A,5.75,4.2,1.55,6.12,4.36,1.55,0.1739,0.2381,0.6452,1.0572,2023/2024,3,2024,football-data.co.uk,2026-05-11 11:53:34.057291
25769804058,2024-03-16,Getafe,Girona,1,0,H,3.1,3.5,2.25,3.13,3.56,2.31,0.3226,0.2857,0.4444,1.0527,2023/2024,3,2024,football-data.co.uk,2026-05-11 11:53:34.057291
25769804059,2024-03-16,Ath Bilbao,Alaves,2,0,H,1.55,3.75,7.0,1.55,4.08,6.75,0.6452,0.2667,0.1429,1.0547,2023/2024,3,2024,football-data.co.uk,2026-05-11 11:53:34.057291
25769804060,2024-03-17,Sevilla,Celta,1,2,A,2.0,3.4,3.75,2.03,3.45,4.05,0.5,0.2941,0.2667,1.0608,2023/2024,3,2024,football-data.co.uk,2026-05-11 11:53:34.057291
25769804061,2024-03-17,Las Palmas,Almeria,0,1,A,1.95,3.5,4.0,1.92,3.65,4.18,0.5128,0.2857,0.25,1.0485,2023/2024,3,2024,football-data.co.uk,2026-05-11 11:53:34.057291
25769804062,2024-03-17,Villarreal,Valencia,1,0,H,2.05,3.5,3.6,2.13,3.49,3.61,0.4878,0.2857,0.2778,1.0513,2023/2024,3,2024,football-data.co.uk,2026-05-11 11:53:34.057291
25769804063,2024-03-17,Vallecano,Betis,2,0,H,2.5,3.25,3.0,2.51,3.31,3.0,0.4,0.3077,0.3333,1.041,2023/2024,3,2024,football-data.co.uk,2026-05-11 11:53:34.057291
25769804064,2024-03-17,Ath Madrid,Barcelona,0,3,A,2.38,3.6,2.8,2.42,3.66,2.89,0.4202,0.2778,0.3571,1.0551,2023/2024,3,2024,football-data.co.uk,2026-05-11 11:53:34.057291
25769804065,2024-03-29,Cadiz,Granada,1,0,H,2.0,3.3,4.2,2.02,3.37,4.23,0.5,0.303,0.2381,1.0411,2023/2024,3,2024,football-data.co.uk,2026-05-11 11:53:34.057291
25769804066,2024-03-30,Getafe,Sevilla,0,1,A,2.55,3.1,3.0,2.54,3.19,3.07,0.3922,0.3226,0.3333,1.0481,2023/2024,3,2024,football-data.co.uk,2026-05-11 11:53:34.057291
25769804067,2024-03-30,Almeria,Osasuna,0,3,A,2.63,3.2,2.8,2.63,3.25,2.89,0.3802,0.3125,0.3571,1.0499,2023/2024,3,2024,football-data.co.uk,2026-05-11 11:53:34.057291
25769804068,2024-03-30,Valencia,Mallorca,0,0,D,2.05,3.0,4.2,2.09,2.99,4.52,0.4878,0.3333,0.2381,1.0592,2023/2024,3,2024,football-data.co.uk,2026-05-11 11:53:34.057291
25769804069,2024-03-30,Barcelona,Las Palmas,1,0,H,1.25,6.5,10.0,1.27,6.49,10.02,0.8,0.1538,0.1,1.0538,2023/2024,3,2024,football-data.co.uk,2026-05-11 11:53:34.057291
25769804070,2024-03-31,Celta,Vallecano,0,0,D,1.95,3.3,4.0,1.97,3.4,4.29,0.5128,0.303,0.25,1.0659,2023/2024,3,2024,football-data.co.uk,2026-05-11 11:53:34.057291
25769804071,2024-03-31,Girona,Betis,3,2,H,1.75,3.8,4.75,1.79,3.98,4.4,0.5714,0.2632,0.2105,1.0451,2023/2024,3,2024,football-data.co.uk,2026-05-11 11:53:34.057291
25769804072,2024-03-31,Alaves,Sociedad,0,1,A,3.5,2.9,2.38,3.48,2.98,2.44,0.2857,0.3448,0.4202,1.0507,2023/2024,3,2024,football-data.co.uk,2026-05-11 11:53:34.057291
25769804073,2024-03-31,Real Madrid,Ath Bilbao,2,0,H,1.53,4.33,6.0,1.57,4.36,5.87,0.6536,0.2309,0.1667,1.0512,2023/2024,3,2024,football-data.co.uk,2026-05-11 11:53:34.057291
25769804074,2024-04-01,Villarreal,Ath Madrid,1,2,A,2.9,3.75,2.25,2.99,3.72,2.32,0.3448,0.2667,0.4444,1.0559,2023/2024,4,2024,football-data.co.uk,2026-05-11 11:53:34.057291
25769804075,2024-04-04,Granada,Valencia,0,1,A,3.4,3.1,2.3,3.37,3.23,2.34,0.2941,0.3226,0.4348,1.0515,2023/2024,4,2024,football-data.co.uk,2026-05-11 11:53:34.057291
25769804076,2024-04-12,Betis,Celta,2,1,H,2.1,3.4,3.5,2.12,3.5,3.7,0.4762,0.2941,0.2857,1.056,2023/2024,4,2024,football-data.co.uk,2026-05-11 11:53:34.057291
25769804077,2024-04-13,Ath Madrid,Girona,3,1,H,1.91,3.6,3.8,1.97,3.88,3.71,0.5236,0.2778,0.2632,1.0645,2023/2024,4,2024,football-data.co.uk,2026-05-11 11:53:34.057291
25769804078,2024-04-13,Vallecano,Getafe,0,0,D,2.2,3.0,3.7,2.26,3.07,3.77,0.4545,0.3333,0.2703,1.0581,2023/2024,4,2024,football-data.co.uk,2026-05-11 11:53:34.057291
25769804079,2024-04-13,Mallorca,Real Madrid,0,1,A,5.0,3.6,1.75,5.09,3.68,1.76,0.2,0.2778,0.5714,1.0492,2023/2024,4,2024,football-data.co.uk,2026-05-11 11:53:34.057291
25769804080,2024-04-13,Cadiz,Barcelona,0,1,A,4.33,3.6,1.83,4.43,3.5,1.91,0.2309,0.2778,0.5464,1.0552,2023/2024,4,2024,football-data.co.uk,2026-05-11 11:53:34.057291
25769804081,2024-04-14,Las Palmas,Sevilla,0,2,A,2.7,3.2,2.7,2.8,3.11,2.83,0.3704,0.3125,0.3704,1.0532,2023/2024,4,2024,football-data.co.uk,2026-05-11 11:53:34.057291
25769804082,2024-04-14,Granada,Alaves,2,0,H,3.0,3.0,2.55,3.12,3.14,2.54,0.3333,0.3333,0.3922,1.0588,2023/2024,4,2024,football-data.co.uk,2026-05-11 11:53:34.057291
25769804083,2024-04-14,Ath Bilbao,Villarreal,1,1,D,1.75,4.0,4.33,1.78,4.02,4.47,0.5714,0.25,0.2309,1.0524,2023/2024,4,2024,football-data.co.uk,2026-05-11 11:53:34.057291
25769804084,2024-04-14,Sociedad,Almeria,2,2,D,1.33,5.0,10.0,1.34,5.32,9.55,0.7519,0.2,0.1,1.0519,2023/2024,4,2024,football-data.co.uk,2026-05-11 11:53:34.057291
25769804085,2024-04-15,Osasuna,Valencia,0,1,A,2.2,3.1,3.75,2.2,3.14,3.68,0.4545,0.3226,0.2667,1.0438,2023/2024,4,2024,football-data.co.uk,2026-05-11 11:53:34.057291
25769804086,2024-04-19,Ath Bilbao,Granada,1,1,D,1.25,6.0,11.0,1.28,6.09,12.01,0.8,0.1667,0.0909,1.0576,2023/2024,4,2024,football-data.co.uk,2026-05-11 11:53:34.057291
25769804087,2024-04-20,Celta,Las Palmas,4,1,H,1.73,3.75,5.0,1.76,3.72,4.99,0.578,0.2667,0.2,1.0447,2023/2024,4,2024,football-data.co.uk,2026-05-11 11:53:34.057291
25769804088,2024-04-20,Vallecano,Osasuna,2,1,H,2.2,3.1,3.6,2.24,3.12,3.73,0.4545,0.3226,0.2778,1.0549,2023/2024,4,2024,football-data.co.uk,2026-05-11 11:53:34.057291
25769804089,2024-04-20,Valencia,Betis,1,2,A,2.2,3.2,3.5,2.25,3.28,3.52,0.4545,0.3125,0.2857,1.0528,2023/2024,4,2024,football-data.co.uk,2026-05-11 11:53:34.057291
25769804090,2024-04-20,Girona,Cadiz,4,1,H,1.4,4.75,8.0,1.43,4.89,7.51,0.7143,0.2105,0.125,1.0498,2023/2024,4,2024,football-data.co.uk,2026-05-11 11:53:34.057291
25769804091,2024-04-21,Getafe,Sociedad,1,1,D,3.8,3.1,2.15,3.88,3.07,2.22,0.2632,0.3226,0.4651,1.0509,2023/2024,4,2024,football-data.co.uk,2026-05-11 11:53:34.057291
25769804092,2024-04-21,Almeria,Villarreal,1,2,A,3.4,3.8,2.05,3.32,3.81,2.05,0.2941,0.2632,0.4878,1.0451,2023/2024,4,2024,football-data.co.uk,2026-05-11 11:53:34.057291
25769804093,2024-04-21,Alaves,Ath Madrid,2,0,H,4.0,3.5,1.95,4.21,3.4,1.99,0.25,0.2857,0.5128,1.0485,2023/2024,4,2024,football-data.co.uk,2026-05-11 11:53:34.057291
25769804094,2024-04-21,Real Madrid,Barcelona,3,2,H,1.85,3.8,4.0,1.88,3.96,3.99,0.5405,0.2632,0.25,1.0537,2023/2024,4,2024,football-data.co.uk,2026-05-11 11:53:34.057291
25769804095,2024-04-22,Sevilla,Mallorca,2,1,H,1.95,3.1,4.5,2.02,3.02,4.81,0.5128,0.3226,0.2222,1.0576,2023/2024,4,2024,football-data.co.uk,2026-05-11 11:53:34.057291
25769804096,2024-04-26,Sociedad,Real Madrid,0,1,A,2.45,3.25,2.9,2.51,3.23,3.14,0.4082,0.3077,0.3448,1.0607,2023/2024,4,2024,football-data.co.uk,2026-05-11 11:53:34.057291
25769804097,2024-04-27,Las Palmas,Girona,0,2,A,4.5,3.8,1.75,4.49,4.04,1.77,0.2222,0.2632,0.5714,1.0568,2023/2024,4,2024,football-data.co.uk,2026-05-11 11:53:34.057291
25769804098,2024-04-27,Almeria,Getafe,1,3,A,2.7,3.4,2.63,2.69,3.3,2.67,0.3704,0.2941,0.3802,1.0447,2023/2024,4,2024,football-data.co.uk,2026-05-11 11:53:34.057291
25769804099,2024-04-27,Alaves,Celta,3,0,H,2.75,3.1,2.7,2.7,3.09,2.95,0.3636,0.3226,0.3704,1.0566,2023/2024,4,2024,football-data.co.uk,2026-05-11 11:53:34.057291
25769804100,2024-04-27,Ath Madrid,Ath Bilbao,3,1,H,1.95,3.5,4.0,1.97,3.57,4.05,0.5128,0.2857,0.25,1.0485,2023/2024,4,2024,football-data.co.uk,2026-05-11 11:53:34.057291
25769804101,2024-04-28,Cadiz,Mallorca,1,1,D,2.5,2.9,3.2,2.69,2.85,3.23,0.4,0.3448,0.3125,1.0573,2023/2024,4,2024,football-data.co.uk,2026-05-11 11:53:34.057291
25769804102,2024-04-28,Granada,Osasuna,3,0,H,2.55,3.1,3.0,2.64,3.15,2.97,0.3922,0.3226,0.3333,1.0481,2023/2024,4,2024,football-data.co.uk,2026-05-11 11:53:34.057291
25769804103,2024-04-28,Villarreal,Vallecano,3,0,H,1.65,4.0,5.0,1.74,3.93,4.84,0.6061,0.25,0.2,1.0561,2023/2024,4,2024,football-data.co.uk,2026-05-11 11:53:34.057291
25769804104,2024-04-28,Betis,Sevilla,1,1,D,2.05,3.4,3.6,2.08,3.42,3.84,0.4878,0.2941,0.2778,1.0597,2023/2024,4,2024,football-data.co.uk,2026-05-11 11:53:34.057291
25769804105,2024-04-29,Barcelona,Valencia,4,2,H,1.36,5.0,7.5,1.36,5.49,8.18,0.7353,0.2,0.1333,1.0686,2023/2024,4,2024,football-data.co.uk,2026-05-11 11:53:34.057291
25769804106,2024-05-03,Getafe,Ath Bilbao,0,2,A,4.0,3.2,2.05,4.08,3.3,2.08,0.25,0.3125,0.4878,1.0503,2023/2024,5,2024,football-data.co.uk,2026-05-11 11:53:34.057291
25769804107,2024-05-04,Sociedad,Las Palmas,2,0,H,1.33,5.0,10.0,1.36,5.08,9.57,0.7519,0.2,0.1,1.0519,2023/2024,5,2024,football-data.co.uk,2026-05-11 11:53:34.057291
25769804108,2024-05-04,Real Madrid,Cadiz,3,0,H,1.33,5.25,8.5,1.35,5.53,8.54,0.7519,0.1905,0.1176,1.06,2023/2024,5,2024,football-data.co.uk,2026-05-11 11:53:34.057291
25769804109,2024-05-04,Girona,Barcelona,4,2,H,2.7,3.75,2.4,2.75,3.87,2.43,0.3704,0.2667,0.4167,1.0537,2023/2024,5,2024,football-data.co.uk,2026-05-11 11:53:34.057291
25769804110,2024-05-04,Mallorca,Ath Madrid,0,1,A,3.75,3.2,2.15,3.82,3.16,2.19,0.2667,0.3125,0.4651,1.0443,2023/2024,5,2024,football-data.co.uk,2026-05-11 11:53:34.057291
25769804111,2024-05-05,Osasuna,Betis,0,2,A,3.2,3.25,2.38,3.22,3.29,2.39,0.3125,0.3077,0.4202,1.0404,2023/2024,5,2024,football-data.co.uk,2026-05-11 11:53:34.057291
25769804112,2024-05-05,Celta,Villarreal,3,2,H,2.3,3.6,2.88,2.44,3.69,2.84,0.4348,0.2778,0.3472,1.0598,2023/2024,5,2024,football-data.co.uk,2026-05-11 11:53:34.057291
25769804113,2024-05-05,Valencia,Alaves,0,1,A,2.1,3.0,4.0,2.15,2.93,4.37,0.4762,0.3333,0.25,1.0595,2023/2024,5,2024,football-data.co.uk,2026-05-11 11:53:34.057291
25769804114,2024-05-05,Sevilla,Granada,3,0,H,1.65,4.0,5.25,1.67,4.08,5.18,0.6061,0.25,0.1905,1.0465,2023/2024,5,2024,football-data.co.uk,2026-05-11 11:53:34.057291
25769804115,2024-05-05,Vallecano,Almeria,0,1,A,1.57,4.0,5.75,1.6,4.2,5.76,0.6369,0.25,0.1739,1.0609,2023/2024,5,2024,football-data.co.uk,2026-05-11 11:53:34.057291
25769804116,2024-05-10,Alaves,Girona,2,2,D,3.5,3.6,2.05,3.57,3.63,2.12,0.2857,0.2778,0.4878,1.0513,2023/2024,5,2024,football-data.co.uk,2026-05-11 11:53:34.057291
25769804117,2024-05-11,Mallorca,Las Palmas,1,0,H,1.65,3.5,6.5,1.62,3.32,7.34,0.6061,0.2857,0.1538,1.0456,2023/2024,5,2024,football-data.co.uk,2026-05-11 11:53:34.057291
25769804118,2024-05-11,Villarreal,Sevilla,3,2,H,1.83,4.0,3.8,1.84,3.94,3.91,0.5464,0.25,0.2632,1.0596,2023/2024,5,2024,football-data.co.uk,2026-05-11 11:53:34.057291
25769804119,2024-05-11,Granada,Real Madrid,0,4,A,5.5,4.6,1.53,5.32,4.58,1.54,0.1818,0.2174,0.6536,1.0528,2023/2024,5,2024,football-data.co.uk,2026-05-11 11:53:34.057291
25769804120,2024-05-11,Ath Bilbao,Osasuna,2,2,D,1.44,4.33,7.5,1.45,4.29,7.49,0.6944,0.2309,0.1333,1.0587,2023/2024,5,2024,football-data.co.uk,2026-05-11 11:53:34.057291
25769804121,2024-05-12,Cadiz,Getafe,1,0,H,2.1,3.2,3.8,2.1,3.28,3.71,0.4762,0.3125,0.2632,1.0518,2023/2024,5,2024,football-data.co.uk,2026-05-11 11:53:34.057291
25769804122,2024-05-12,Ath Madrid,Celta,1,0,H,1.42,4.75,7.0,1.43,4.22,8.29,0.7042,0.2105,0.1429,1.0576,2023/2024,5,2024,football-data.co.uk,2026-05-11 11:53:34.057291
25769804123,2024-05-12,Valencia,Vallecano,0,0,D,2.25,3.1,3.5,2.27,3.0,3.63,0.4444,0.3226,0.2857,1.0527,2023/2024,5,2024,football-data.co.uk,2026-05-11 11:53:34.057291
25769804124,2024-05-12,Betis,Almeria,3,2,H,1.33,5.5,8.5,1.35,5.27,8.02,0.7519,0.1818,0.1176,1.0513,2023/2024,5,2024,football-data.co.uk,2026-05-11 11:53:34.057291
25769804125,2024-05-13,Barcelona,Sociedad,2,0,H,1.8,3.6,4.5,1.79,3.74,4.39,0.5556,0.2778,0.2222,1.0556,2023/2024,5,2024,football-data.co.uk,2026-05-11 11:53:34.057291
25769804126,2024-05-14,Osasuna,Mallorca,1,1,D,2.8,2.9,2.88,2.88,2.92,2.96,0.3571,0.3448,0.3472,1.0492,2023/2024,5,2024,football-data.co.uk,2026-05-11 11:53:34.057291
25769804127,2024-05-14,Real Madrid,Alaves,5,0,H,1.22,7.5,11.0,1.21,7.35,14.08,0.8197,0.1333,0.0909,1.0439,2023/2024,5,2024,football-data.co.uk,2026-05-11 11:53:34.057291
25769804128,2024-05-14,Girona,Villarreal,0,1,A,1.7,4.5,4.2,1.72,4.58,4.36,0.5882,0.2222,0.2381,1.0486,2023/2024,5,2024,football-data.co.uk,2026-05-11 11:53:34.057291
25769804129,2024-05-15,Sevilla,Cadiz,0,1,A,1.9,3.6,4.0,1.92,3.69,4.13,0.5263,0.2778,0.25,1.0541,2023/2024,5,2024,football-data.co.uk,2026-05-11 11:53:34.057291
25769804130,2024-05-15,Vallecano,Granada,2,1,H,1.65,3.8,5.5,1.68,3.79,5.66,0.6061,0.2632,0.1818,1.051,2023/2024,5,2024,football-data.co.uk,2026-05-11 11:53:34.057291
25769804131,2024-05-15,Celta,Ath Bilbao,2,1,H,2.63,3.3,2.7,2.6,3.35,2.73,0.3802,0.303,0.3704,1.0536,2023/2024,5,2024,football-data.co.uk,2026-05-11 11:53:34.057291
25769804132,2024-05-15,Getafe,Ath Madrid,0,3,A,4.75,3.4,1.83,4.78,3.53,1.78,0.2105,0.2941,0.5464,1.0511,2023/2024,5,2024,football-data.co.uk,2026-05-11 11:53:34.057291
25769804133,2024-05-16,Las Palmas,Betis,2,2,D,4.0,3.5,1.91,4.14,3.67,1.92,0.25,0.2857,0.5236,1.0593,2023/2024,5,2024,football-data.co.uk,2026-05-11 11:53:34.057291
25769804134,2024-05-16,Almeria,Barcelona,0,2,A,6.5,5.0,1.44,6.79,5.43,1.41,0.1538,0.2,0.6944,1.0483,2023/2024,5,2024,football-data.co.uk,2026-05-11 11:53:34.057291
25769804135,2024-05-16,Sociedad,Valencia,1,0,H,1.6,3.9,5.75,1.66,3.75,6.0,0.625,0.2564,0.1739,1.0553,2023/2024,5,2024,football-data.co.uk,2026-05-11 11:53:34.057291
25769804136,2024-05-18,Alaves,Getafe,1,0,H,2.0,3.2,4.1,2.07,3.18,4.21,0.5,0.3125,0.2439,1.0564,2023/2024,5,2024,football-data.co.uk,2026-05-11 11:53:34.057291
25769804137,2024-05-19,Ath Bilbao,Sevilla,2,0,H,1.7,3.9,4.75,1.7,3.79,4.92,0.5882,0.2564,0.2105,1.0552,2023/2024,5,2024,football-data.co.uk,2026-05-11 11:53:34.057291
25769804138,2024-05-19,Ath Madrid,Osasuna,1,4,A,1.4,4.5,8.0,1.39,4.87,7.58,0.7143,0.2222,0.125,1.0615,2023/2024,5,2024,football-data.co.uk,2026-05-11 11:53:34.057291
25769804139,2024-05-19,Barcelona,Vallecano,3,0,H,1.25,6.0,12.0,1.26,5.94,9.7,0.8,0.1667,0.0833,1.05,2023/2024,5,2024,football-data.co.uk,2026-05-11 11:53:34.057291
25769804140,2024-05-19,Betis,Sociedad,0,2,A,2.55,3.2,2.88,2.66,3.06,2.89,0.3922,0.3125,0.3472,1.0519,2023/2024,5,2024,football-data.co.uk,2026-05-11 11:53:34.057291
25769804141,2024-05-19,Cadiz,Las Palmas,0,0,D,1.8,3.5,4.75,1.85,3.43,4.55,0.5556,0.2857,0.2105,1.0518,2023/2024,5,2024,football-data.co.uk,2026-05-11 11:53:34.057291
25769804142,2024-05-19,Granada,Celta,1,2,A,3.7,3.6,2.0,3.81,3.53,1.98,0.2703,0.2778,0.5,1.048,2023/2024,5,2024,football-data.co.uk,2026-05-11 11:53:34.057291
25769804143,2024-05-19,Mallorca,Almeria,2,2,D,1.5,4.1,7.0,1.48,4.23,6.88,0.6667,0.2439,0.1429,1.0534,2023/2024,5,2024,football-data.co.uk,2026-05-11 11:53:34.057291
25769804144,2024-05-19,Valencia,Girona,1,3,A,3.0,3.5,2.3,3.05,3.58,2.25,0.3333,0.2857,0.4348,1.0538,2023/2024,5,2024,football-data.co.uk,2026-05-11 11:53:34.057291
25769804145,2024-05-19,Villarreal,Real Madrid,4,4,D,3.2,3.75,2.05,3.2,3.85,2.09,0.3125,0.2667,0.4878,1.067,2023/2024,5,2024,football-data.co.uk,2026-05-11 11:53:34.057291
25769804146,2024-05-24,Girona,Granada,7,0,H,1.22,6.5,12.0,1.22,7.22,10.68,0.8197,0.1538,0.0833,1.0569,2023/2024,5,2024,football-data.co.uk,2026-05-11 11:53:34.057291
25769804147,2024-05-25,Osasuna,Villarreal,1,1,D,2.9,3.6,2.3,2.9,3.78,2.33,0.3448,0.2778,0.4348,1.0574,2023/2024,5,2024,football-data.co.uk,2026-05-11 11:53:34.057291
25769804148,2024-05-25,Sociedad,Ath Madrid,0,2,A,2.4,3.3,3.0,2.42,3.49,2.96,0.4167,0.303,0.3333,1.053,2023/2024,5,2024,football-data.co.uk,2026-05-11 11:53:34.057291
25769804149,2024-05-25,Almeria,Cadiz,6,1,H,2.05,3.6,3.5,2.08,3.63,3.52,0.4878,0.2778,0.2857,1.0513,2023/2024,5,2024,football-data.co.uk,2026-05-11 11:53:34.057291
25769804150,2024-05-25,Vallecano,Ath Bilbao,0,1,A,2.88,3.5,2.38,2.87,3.54,2.45,0.3472,0.2857,0.4202,1.0531,2023/2024,5,2024,football-data.co.uk,2026-05-11 11:53:34.057291
25769804151,2024-05-25,Real Madrid,Betis,0,0,D,1.33,6.0,7.5,1.35,5.67,7.79,0.7519,0.1667,0.1333,1.0519,2023/2024,5,2024,football-data.co.uk,2026-05-11 11:53:34.057291
25769804152,2024-05-26,Getafe,Mallorca,1,2,A,2.3,3.25,3.2,2.35,3.21,3.31,0.4348,0.3077,0.3125,1.055,2023/2024,5,2024,football-data.co.uk,2026-05-11 11:53:34.057291
25769804153,2024-05-26,Celta,Valencia,2,2,D,1.95,3.5,3.8,1.96,3.57,3.99,0.5128,0.2857,0.2632,1.0617,2023/2024,5,2024,football-data.co.uk,2026-05-11 11:53:34.057291
25769804154,2024-05-26,Las Palmas,Alaves,1,1,D,2.4,3.3,3.0,2.53,3.34,2.91,0.4167,0.303,0.3333,1.053,2023/2024,5,2024,football-data.co.uk,2026-05-11 11:53:34.057291
25769804155,2024-05-26,Sevilla,Barcelona,1,2,A,4.0,4.0,1.8,3.98,4.11,1.83,0.25,0.25,0.5556,1.0556,2023/2024,5,2024,football-data.co.uk,2026-05-11 11:53:34.057291
34359738368,2024-08-15,Ath Bilbao,Getafe,1,1,D,1.48,4.0,8.0,1.48,4.12,8.24,0.6757,0.25,0.125,1.0507,2024/2025,8,2024,football-data.co.uk,2026-05-11 11:53:34.057291
34359738369,2024-08-15,Betis,Girona,1,1,D,2.35,3.4,3.0,2.41,3.42,3.07,0.4255,0.2941,0.3333,1.053,2024/2025,8,2024,football-data.co.uk,2026-05-11 11:53:34.057291
34359738370,2024-08-16,Celta,Alaves,2,1,H,2.0,3.2,4.1,2.05,3.37,4.12,0.5,0.3125,0.2439,1.0564,2024/2025,8,2024,football-data.co.uk,2026-05-11 11:53:34.057291
34359738371,2024-08-16,Las Palmas,Sevilla,2,2,D,2.8,3.25,2.63,2.87,3.23,2.71,0.3571,0.3077,0.3802,1.0451,2024/2025,8,2024,football-data.co.uk,2026-05-11 11:53:34.057291
34359738372,2024-08-17,Osasuna,Leganes,1,1,D,1.85,3.3,4.5,1.89,3.47,4.57,0.5405,0.303,0.2222,1.0658,2024/2025,8,2024,football-data.co.uk,2026-05-11 11:53:34.057291
34359738373,2024-08-17,Valencia,Barcelona,1,2,A,4.75,3.8,1.73,4.89,3.85,1.75,0.2105,0.2632,0.578,1.0517,2024/2025,8,2024,football-data.co.uk,2026-05-11 11:53:34.057291
34359738374,2024-08-18,Sociedad,Vallecano,1,2,A,1.57,3.75,7.0,1.61,3.72,6.8,0.6369,0.2667,0.1429,1.0465,2024/2025,8,2024,football-data.co.uk,2026-05-11 11:53:34.057291
34359738375,2024-08-18,Mallorca,Real Madrid,1,1,D,8.0,4.2,1.45,7.77,4.43,1.46,0.125,0.2381,0.6897,1.0528,2024/2025,8,2024,football-data.co.uk,2026-05-11 11:53:34.057291
34359738376,2024-08-19,Valladolid,Espanol,1,0,H,2.38,3.0,3.4,2.39,3.07,3.47,0.4202,0.3333,0.2941,1.0476,2024/2025,8,2024,football-data.co.uk,2026-05-11 11:53:34.057291
34359738377,2024-08-19,Villarreal,Ath Madrid,2,2,D,3.3,3.7,2.1,3.43,3.68,2.12,0.303,0.2703,0.4762,1.0495,2024/2025,8,2024,football-data.co.uk,2026-05-11 11:53:34.057291
34359738378,2024-08-23,Celta,Valencia,3,1,H,2.1,3.4,3.6,2.17,3.37,3.71,0.4762,0.2941,0.2778,1.0481,2024/2025,8,2024,football-data.co.uk,2026-05-11 11:53:34.057291
34359738379,2024-08-23,Sevilla,Villarreal,1,2,A,2.4,3.6,2.8,2.45,3.59,2.93,0.4167,0.2778,0.3571,1.0516,2024/2025,8,2024,football-data.co.uk,2026-05-11 11:53:34.057291
34359738380,2024-08-24,Osasuna,Mallorca,1,0,H,2.45,3.1,3.1,2.52,3.02,3.28,0.4082,0.3226,0.3226,1.0533,2024/2025,8,2024,football-data.co.uk,2026-05-11 11:53:34.057291
34359738381,2024-08-24,Barcelona,Ath Bilbao,2,1,H,1.62,4.2,5.0,1.63,4.22,5.34,0.6173,0.2381,0.2,1.0554,2024/2025,8,2024,football-data.co.uk,2026-05-11 11:53:34.057291
34359738382,2024-08-24,Espanol,Sociedad,0,1,A,3.9,3.2,2.05,4.18,3.12,2.11,0.2564,0.3125,0.4878,1.0567,2024/2025,8,2024,football-data.co.uk,2026-05-11 11:53:34.057291
34359738383,2024-08-24,Getafe,Vallecano,0,0,D,2.45,3.0,3.2,2.53,2.93,3.38,0.4082,0.3333,0.3125,1.054,2024/2025,8,2024,football-data.co.uk,2026-05-11 11:53:34.057291
34359738384,2024-08-25,Real Madrid,Valladolid,3,0,H,1.18,7.5,15.0,1.17,8.51,16.25,0.8475,0.1333,0.0667,1.0475,2024/2025,8,2024,football-data.co.uk,2026-05-11 11:53:34.057291
34359738385,2024-08-25,Leganes,Las Palmas,2,1,H,2.25,3.0,3.6,2.33,3.0,3.78,0.4444,0.3333,0.2778,1.0556,2024/2025,8,2024,football-data.co.uk,2026-05-11 11:53:34.057291
34359738386,2024-08-25,Alaves,Betis,0,0,D,2.38,3.1,3.25,2.44,3.14,3.28,0.4202,0.3226,0.3077,1.0504,2024/2025,8,2024,football-data.co.uk,2026-05-11 11:53:34.057291
34359738387,2024-08-25,Ath Madrid,Girona,3,0,H,1.6,4.1,5.5,1.6,4.35,5.47,0.625,0.2439,0.1818,1.0507,2024/2025,8,2024,football-data.co.uk,2026-05-11 11:53:34.057291
34359738388,2024-08-26,Villarreal,Celta,4,3,H,1.91,3.4,3.8,1.94,3.46,3.76,0.5236,0.2941,0.2632,1.0808,2024/2025,8,2024,football-data.co.uk,2026-05-11 11:53:34.057291
34359738389,2024-08-27,Mallorca,Sevilla,0,0,D,2.38,3.1,3.25,2.47,3.11,3.33,0.4202,0.3226,0.3077,1.0504,2024/2025,8,2024,football-data.co.uk,2026-05-11 11:53:34.057291
34359738390,2024-08-27,Vallecano,Barcelona,1,2,A,5.25,3.8,1.62,5.7,4.07,1.64,0.1905,0.2632,0.6173,1.0709,2024/2025,8,2024,football-data.co.uk,2026-05-11 11:53:34.057291
34359738391,2024-08-28,Ath Bilbao,Valencia,1,0,H,1.62,3.9,5.75,1.63,3.91,5.96,0.6173,0.2564,0.1739,1.0476,2024/2025,8,2024,football-data.co.uk,2026-05-11 11:53:34.057291
34359738392,2024-08-28,Valladolid,Leganes,0,0,D,2.3,3.0,3.6,2.34,3.02,3.64,0.4348,0.3333,0.2778,1.0459,2024/2025,8,2024,football-data.co.uk,2026-05-11 11:53:34.057291
34359738393,2024-08-28,Ath Madrid,Espanol,0,0,D,1.3,5.25,11.0,1.29,5.48,12.02,0.7692,0.1905,0.0909,1.0506,2024/2025,8,2024,football-data.co.uk,2026-05-11 11:53:34.057291
34359738394,2024-08-28,Sociedad,Alaves,1,2,A,1.7,3.5,5.75,1.71,3.58,5.78,0.5882,0.2857,0.1739,1.0479,2024/2025,8,2024,football-data.co.uk,2026-05-11 11:53:34.057291
34359738395,2024-08-29,Girona,Osasuna,4,0,H,1.7,4.0,4.33,1.76,4.0,4.57,0.5882,0.25,0.2309,1.0692,2024/2025,8,2024,football-data.co.uk,2026-05-11 11:53:34.057291
34359738396,2024-08-29,Las Palmas,Real Madrid,1,1,D,8.0,5.0,1.38,8.1,5.27,1.38,0.125,0.2,0.7246,1.0496,2024/2025,8,2024,football-data.co.uk,2026-05-11 11:53:34.057291
34359738397,2024-08-31,Barcelona,Valladolid,7,0,H,1.25,6.25,10.0,1.25,6.39,11.82,0.8,0.16,0.1,1.06,2024/2025,8,2024,football-data.co.uk,2026-05-11 11:53:34.057291
34359738398,2024-08-31,Ath Bilbao,Ath Madrid,0,1,A,3.0,3.3,2.38,3.05,3.35,2.46,0.3333,0.303,0.4202,1.0565,2024/2025,8,2024,football-data.co.uk,2026-05-11 11:53:34.057291
34359738399,2024-08-31,Espanol,Vallecano,2,1,H,2.8,3.0,2.8,2.8,3.01,2.92,0.3571,0.3333,0.3571,1.0476,2024/2025,8,2024,football-data.co.uk,2026-05-11 11:53:34.057291
34359738400,2024-08-31,Leganes,Mallorca,0,1,A,2.5,3.0,3.2,2.6,2.89,3.32,0.4,0.3333,0.3125,1.0458,2024/2025,8,2024,football-data.co.uk,2026-05-11 11:53:34.057291
34359738401,2024-08-31,Valencia,Villarreal,1,1,D,2.8,3.4,2.45,2.81,3.41,2.61,0.3571,0.2941,0.4082,1.0594,2024/2025,8,2024,football-data.co.uk,2026-05-11 11:53:34.057291
34359738402,2024-09-01,Alaves,Las Palmas,2,0,H,1.95,3.4,4.0,1.94,3.38,4.45,0.5128,0.2941,0.25,1.0569,2024/2025,9,2024,football-data.co.uk,2026-05-11 11:53:34.057291
34359738403,2024-09-01,Osasuna,Celta,3,2,H,2.45,3.25,3.0,2.51,3.31,3.0,0.4082,0.3077,0.3333,1.0492,2024/2025,9,2024,football-data.co.uk,2026-05-11 11:53:34.057291
34359738404,2024-09-01,Sevilla,Girona,0,2,A,2.35,3.8,2.75,2.42,3.8,2.8,0.4255,0.2632,0.3636,1.0523,2024/2025,9,2024,football-data.co.uk,2026-05-11 11:53:34.057291
34359738405,2024-09-01,Getafe,Sociedad,0,0,D,3.5,2.9,2.38,3.59,2.87,2.46,0.2857,0.3448,0.4202,1.0507,2024/2025,9,2024,football-data.co.uk,2026-05-11 11:53:34.057291
34359738406,2024-09-01,Real Madrid,Betis,2,0,H,1.29,5.75,9.5,1.29,5.97,9.9,0.7752,0.1739,0.1053,1.0544,2024/2025,9,2024,football-data.co.uk,2026-05-11 11:53:34.057291
34359738407,2024-09-13,Betis,Leganes,2,0,H,1.62,3.7,6.25,1.63,3.76,6.37,0.6173,0.2703,0.16,1.0476,2024/2025,9,2024,football-data.co.uk,2026-05-11 11:53:34.057291
34359738408,2024-09-14,Mallorca,Villarreal,1,2,A,2.45,3.4,2.88,2.5,3.21,3.07,0.4082,0.2941,0.3472,1.0495,2024/2025,9,2024,football-data.co.uk,2026-05-11 11:53:34.057291
34359738409,2024-09-14,Espanol,Alaves,3,2,H,2.63,3.2,2.8,2.75,3.04,2.91,0.3802,0.3125,0.3571,1.0499,2024/2025,9,2024,football-data.co.uk,2026-05-11 11:53:34.057291
34359738410,2024-09-14,Sevilla,Getafe,1,0,H,2.2,3.0,3.7,2.24,3.1,3.72,0.4545,0.3333,0.2703,1.0581,2024/2025,9,2024,football-data.co.uk,2026-05-11 11:53:34.057291
34359738411,2024-09-14,Sociedad,Real Madrid,0,2,A,4.75,3.9,1.67,5.32,3.82,1.69,0.2105,0.2564,0.5988,1.0657,2024/2025,9,2024,football-data.co.uk,2026-05-11 11:53:34.057291
34359738412,2024-09-15,Celta,Valladolid,3,1,H,1.67,3.75,5.5,1.68,4.03,5.11,0.5988,0.2667,0.1818,1.0473,2024/2025,9,2024,football-data.co.uk,2026-05-11 11:53:34.057291
34359738413,2024-09-15,Girona,Barcelona,1,4,A,4.2,3.8,1.8,4.2,3.93,1.83,0.2381,0.2632,0.5556,1.0568,2024/2025,9,2024,football-data.co.uk,2026-05-11 11:53:34.057291
34359738414,2024-09-15,Las Palmas,Ath Bilbao,2,3,A,3.8,3.4,2.0,3.9,3.39,2.05,0.2632,0.2941,0.5,1.0573,2024/2025,9,2024,football-data.co.uk,2026-05-11 11:53:34.057291
34359738415,2024-09-15,Ath Madrid,Valencia,3,0,H,1.33,4.5,11.0,1.34,5.1,9.9,0.7519,0.2222,0.0909,1.065,2024/2025,9,2024,football-data.co.uk,2026-05-11 11:53:34.057291
34359738416,2024-09-16,Vallecano,Osasuna,3,1,H,2.05,3.1,4.0,2.08,3.18,4.13,0.4878,0.3226,0.25,1.0604,2024/2025,9,2024,football-data.co.uk,2026-05-11 11:53:34.057291
34359738417,2024-09-17,Mallorca,Sociedad,1,0,H,2.9,2.75,3.0,2.94,2.81,3.02,0.3448,0.3636,0.3333,1.0418,2024/2025,9,2024,football-data.co.uk,2026-05-11 11:53:34.057291
34359738418,2024-09-18,Betis,Getafe,2,1,H,1.91,3.0,5.0,1.96,3.15,4.84,0.5236,0.3333,0.2,1.0569,2024/2025,9,2024,football-data.co.uk,2026-05-11 11:53:34.057291
34359738419,2024-09-19,Leganes,Ath Bilbao,0,2,A,3.75,3.2,2.05,4.26,3.16,2.07,0.2667,0.3125,0.4878,1.067,2024/2025,9,2024,football-data.co.uk,2026-05-11 11:53:34.057291
34359738420,2024-09-20,Alaves,Sevilla,2,1,H,2.15,3.1,3.7,2.2,3.3,3.7,0.4651,0.3226,0.2703,1.058,2024/2025,9,2024,football-data.co.uk,2026-05-11 11:53:34.057291
34359738421,2024-09-21,Valladolid,Sociedad,0,0,D,3.9,3.0,2.2,3.87,3.03,2.24,0.2564,0.3333,0.4545,1.0443,2024/2025,9,2024,football-data.co.uk,2026-05-11 11:53:34.057291
34359738422,2024-09-21,Osasuna,Las Palmas,2,1,H,1.9,3.4,4.2,1.92,3.43,4.51,0.5263,0.2941,0.2381,1.0585,2024/2025,9,2024,football-data.co.uk,2026-05-11 11:53:34.057291
34359738423,2024-09-21,Valencia,Girona,2,0,H,2.88,3.3,2.5,2.96,3.33,2.53,0.3472,0.303,0.4,1.0503,2024/2025,9,2024,football-data.co.uk,2026-05-11 11:53:34.057291
34359738424,2024-09-21,Real Madrid,Espanol,4,1,H,1.17,7.0,19.0,1.17,8.33,15.46,0.8547,0.1429,0.0526,1.0502,2024/2025,9,2024,football-data.co.uk,2026-05-11 11:53:34.057291
34359738425,2024-09-22,Getafe,Leganes,1,1,D,2.05,2.8,4.75,2.07,2.81,5.06,0.4878,0.3571,0.2105,1.0555,2024/2025,9,2024,football-data.co.uk,2026-05-11 11:53:34.057291
34359738426,2024-09-22,Ath Bilbao,Celta,3,1,H,1.7,3.7,5.25,1.72,3.99,4.85,0.5882,0.2703,0.1905,1.049,2024/2025,9,2024,football-data.co.uk,2026-05-11 11:53:34.057291
34359738427,2024-09-22,Villarreal,Barcelona,1,5,A,3.9,3.9,1.85,3.9,4.05,1.88,0.2564,0.2564,0.5405,1.0534,2024/2025,9,2024,football-data.co.uk,2026-05-11 11:53:34.057291
34359738428,2024-09-22,Vallecano,Ath Madrid,1,1,D,5.0,3.4,1.8,4.96,3.53,1.81,0.2,0.2941,0.5556,1.0497,2024/2025,9,2024,football-data.co.uk,2026-05-11 11:53:34.057291
34359738429,2024-09-23,Betis,Mallorca,1,2,A,1.85,3.3,4.75,1.88,3.3,4.98,0.5405,0.303,0.2105,1.0541,2024/2025,9,2024,football-data.co.uk,2026-05-11 11:53:34.057291
34359738430,2024-09-24,Sevilla,Valladolid,2,1,H,1.65,3.8,5.5,1.67,3.9,5.49,0.6061,0.2632,0.1818,1.051,2024/2025,9,2024,football-data.co.uk,2026-05-11 11:53:34.057291
34359738431,2024-09-24,Valencia,Osasuna,0,0,D,2.0,3.1,4.0,2.09,3.15,4.2,0.5,0.3226,0.25,1.0726,2024/2025,9,2024,football-data.co.uk,2026-05-11 11:53:34.057291
34359738432,2024-09-24,Real Madrid,Alaves,3,2,H,1.2,6.5,13.0,1.18,7.39,16.8,0.8333,0.1538,0.0769,1.0641,2024/2025,9,2024,football-data.co.uk,2026-05-11 11:53:34.057291
34359738433,2024-09-25,Girona,Vallecano,0,0,D,1.73,3.7,4.5,1.76,3.91,4.71,0.578,0.2703,0.2222,1.0705,2024/2025,9,2024,football-data.co.uk,2026-05-11 11:53:34.057291
34359738434,2024-09-25,Barcelona,Getafe,1,0,H,1.25,6.25,10.0,1.23,6.57,13.27,0.8,0.16,0.1,1.06,2024/2025,9,2024,football-data.co.uk,2026-05-11 11:53:34.057291
34359738435,2024-09-26,Espanol,Villarreal,1,2,A,3.25,3.5,2.15,3.45,3.41,2.22,0.3077,0.2857,0.4651,1.0585,2024/2025,9,2024,football-data.co.uk,2026-05-11 11:53:34.057291
34359738436,2024-09-26,Las Palmas,Betis,1,1,D,3.1,3.1,2.38,3.18,3.3,2.41,0.3226,0.3226,0.4202,1.0653,2024/2025,9,2024,football-data.co.uk,2026-05-11 11:53:34.057291
34359738437,2024-09-26,Celta,Ath Madrid,0,1,A,3.8,3.7,1.91,4.01,3.76,1.93,0.2632,0.2703,0.5236,1.057,2024/2025,9,2024,football-data.co.uk,2026-05-11 11:53:34.057291
34359738438,2024-09-27,Valladolid,Mallorca,1,2,A,3.0,2.9,2.63,3.11,2.9,2.77,0.3333,0.3448,0.3802,1.0584,2024/2025,9,2024,football-data.co.uk,2026-05-11 11:53:34.057291
34359738439,2024-09-28,Getafe,Alaves,2,0,H,2.55,2.88,3.1,2.66,2.78,3.36,0.3922,0.3472,0.3226,1.062,2024/2025,9,2024,football-data.co.uk,2026-05-11 11:53:34.057291
34359738440,2024-09-28,Vallecano,Leganes,1,1,D,1.9,3.0,5.0,1.93,3.18,4.94,0.5263,0.3333,0.2,1.0596,2024/2025,9,2024,football-data.co.uk,2026-05-11 11:53:34.057291
34359738441,2024-09-28,Sociedad,Valencia,3,0,H,1.85,3.25,4.75,1.92,3.33,4.69,0.5405,0.3077,0.2105,1.0588,2024/2025,9,2024,football-data.co.uk,2026-05-11 11:53:34.057291
34359738442,2024-09-28,Osasuna,Barcelona,4,2,H,7.0,4.5,1.45,6.42,4.78,1.49,0.1429,0.2222,0.6897,1.0547,2024/2025,9,2024,football-data.co.uk,2026-05-11 11:53:34.057291
34359738443,2024-09-29,Celta,Girona,1,1,D,2.1,3.6,3.25,2.2,3.66,3.26,0.4762,0.2778,0.3077,1.0617,2024/2025,9,2024,football-data.co.uk,2026-05-11 11:53:34.057291
34359738444,2024-09-29,Ath Bilbao,Sevilla,1,1,D,1.7,3.7,5.0,1.75,3.86,4.91,0.5882,0.2703,0.2,1.0585,2024/2025,9,2024,football-data.co.uk,2026-05-11 11:53:34.057291
34359738445,2024-09-29,Betis,Espanol,1,0,H,1.65,3.4,5.75,1.64,3.87,5.91,0.6061,0.2941,0.1739,1.0741,2024/2025,9,2024,football-data.co.uk,2026-05-11 11:53:34.057291
34359738446,2024-09-29,Ath Madrid,Real Madrid,1,1,D,2.8,3.3,2.5,2.81,3.47,2.57,0.3571,0.303,0.4,1.0602,2024/2025,9,2024,football-data.co.uk,2026-05-11 11:53:34.057291
34359738447,2024-09-30,Villarreal,Las Palmas,3,1,H,1.45,4.33,6.5,1.47,4.92,6.53,0.6897,0.2309,0.1538,1.0744,2024/2025,9,2024,football-data.co.uk,2026-05-11 11:53:34.057291
34359738448,2024-10-04,Leganes,Valencia,0,0,D,2.9,2.88,2.8,3.08,2.81,2.88,0.3448,0.3472,0.3571,1.0492,2024/2025,10,2024,football-data.co.uk,2026-05-11 11:53:34.057291
34359738449,2024-10-05,Espanol,Mallorca,2,1,H,3.1,3.0,2.55,3.28,2.91,2.6,0.3226,0.3333,0.3922,1.0481,2024/2025,10,2024,football-data.co.uk,2026-05-11 11:53:34.057291
34359738450,2024-10-05,Getafe,Osasuna,1,1,D,2.2,2.9,3.9,2.26,2.95,3.96,0.4545,0.3448,0.2564,1.0558,2024/2025,10,2024,football-data.co.uk,2026-05-11 11:53:34.057291
34359738451,2024-10-05,Las Palmas,Celta,0,1,A,3.1,3.5,2.25,3.14,3.6,2.29,0.3226,0.2857,0.4444,1.0527,2024/2025,10,2024,football-data.co.uk,2026-05-11 11:53:34.057291
34359738452,2024-10-05,Valladolid,Vallecano,1,2,A,3.1,3.0,2.5,3.19,3.01,2.58,0.3226,0.3333,0.4,1.0559,2024/2025,10,2024,football-data.co.uk,2026-05-11 11:53:34.057291
34359738453,2024-10-05,Real Madrid,Villarreal,2,0,H,1.27,6.25,8.5,1.27,6.65,9.54,0.7874,0.16,0.1176,1.065,2024/2025,10,2024,football-data.co.uk,2026-05-11 11:53:34.057291
34359738454,2024-10-06,Girona,Ath Bilbao,2,1,H,2.35,3.3,3.1,2.44,3.28,3.14,0.4255,0.303,0.3226,1.0511,2024/2025,10,2024,football-data.co.uk,2026-05-11 11:53:34.057291
34359738455,2024-10-06,Alaves,Barcelona,0,3,A,5.25,4.5,1.57,5.69,4.39,1.58,0.1905,0.2222,0.6369,1.0496,2024/2025,10,2024,football-data.co.uk,2026-05-11 11:53:34.057291
34359738456,2024-10-06,Sevilla,Betis,1,0,H,2.45,3.2,3.0,2.57,3.17,3.05,0.4082,0.3125,0.3333,1.054,2024/2025,10,2024,football-data.co.uk,2026-05-11 11:53:34.057291
34359738457,2024-10-06,Sociedad,Ath Madrid,1,1,D,3.3,3.2,2.3,3.35,3.16,2.39,0.303,0.3125,0.4348,1.0503,2024/2025,10,2024,football-data.co.uk,2026-05-11 11:53:34.057291
34359738458,2024-10-18,Alaves,Valladolid,2,3,A,1.62,3.9,5.75,1.65,3.91,5.96,0.6173,0.2564,0.1739,1.0476,2024/2025,10,2024,football-data.co.uk,2026-05-11 11:53:34.057291
34359738459,2024-10-19,Ath Bilbao,Espanol,4,1,H,1.45,4.2,7.5,1.44,4.3,8.97,0.6897,0.2381,0.1333,1.0611,2024/2025,10,2024,football-data.co.uk,2026-05-11 11:53:34.057291
34359738460,2024-10-19,Osasuna,Betis,1,2,A,2.5,3.4,2.7,2.6,3.28,2.91,0.4,0.2941,0.3704,1.0645,2024/2025,10,2024,football-data.co.uk,2026-05-11 11:53:34.057291
34359738461,2024-10-19,Girona,Sociedad,0,1,A,2.4,3.4,2.88,2.57,3.29,2.94,0.4167,0.2941,0.3472,1.058,2024/2025,10,2024,football-data.co.uk,2026-05-11 11:53:34.057291
34359738462,2024-10-19,Celta,Real Madrid,1,2,A,4.75,4.5,1.6,5.62,4.38,1.58,0.2105,0.2222,0.625,1.0577,2024/2025,10,2024,football-data.co.uk,2026-05-11 11:53:34.057291
34359738463,2024-10-20,Mallorca,Vallecano,1,0,H,2.05,3.1,4.0,2.13,3.06,4.2,0.4878,0.3226,0.25,1.0604,2024/2025,10,2024,football-data.co.uk,2026-05-11 11:53:34.057291
34359738464,2024-10-20,Ath Madrid,Leganes,3,1,H,1.33,4.75,10.0,1.33,5.17,11.01,0.7519,0.2105,0.1,1.0624,2024/2025,10,2024,football-data.co.uk,2026-05-11 11:53:34.057291
34359738465,2024-10-20,Villarreal,Getafe,1,1,D,1.67,3.8,5.0,1.71,3.88,5.1,0.5988,0.2632,0.2,1.062,2024/2025,10,2024,football-data.co.uk,2026-05-11 11:53:34.057291
34359738466,2024-10-20,Barcelona,Sevilla,5,1,H,1.3,5.75,8.0,1.32,5.87,9.2,0.7692,0.1739,0.125,1.0681,2024/2025,10,2024,football-data.co.uk,2026-05-11 11:53:34.057291
34359738467,2024-10-21,Valencia,Las Palmas,2,3,A,1.62,3.8,5.5,1.63,3.79,6.22,0.6173,0.2632,0.1818,1.0623,2024/2025,10,2024,football-data.co.uk,2026-05-11 11:53:34.057291
34359738468,2024-10-25,Espanol,Sevilla,0,2,A,3.0,3.25,2.4,3.23,3.2,2.47,0.3333,0.3077,0.4167,1.0577,2024/2025,10,2024,football-data.co.uk,2026-05-11 11:53:34.057291
34359738469,2024-10-26,Valladolid,Villarreal,1,2,A,3.5,3.75,2.0,3.69,3.67,2.04,0.2857,0.2667,0.5,1.0524,2024/2025,10,2024,football-data.co.uk,2026-05-11 11:53:34.057291
34359738470,2024-10-26,Vallecano,Alaves,1,0,H,2.25,3.1,3.5,2.26,3.1,3.74,0.4444,0.3226,0.2857,1.0527,2024/2025,10,2024,football-data.co.uk,2026-05-11 11:53:34.057291
34359738471,2024-10-26,Las Palmas,Girona,1,0,H,2.88,3.4,2.45,2.95,3.45,2.48,0.3472,0.2941,0.4082,1.0495,2024/2025,10,2024,football-data.co.uk,2026-05-11 11:53:34.057291
34359738472,2024-10-26,Real Madrid,Barcelona,0,4,A,2.0,4.1,3.25,2.04,4.09,3.35,0.5,0.2439,0.3077,1.0516,2024/2025,10,2024,football-data.co.uk,2026-05-11 11:53:34.057291
34359738473,2024-10-27,Leganes,Celta,3,0,H,3.25,3.25,2.3,3.35,3.19,2.37,0.3077,0.3077,0.4348,1.0502,2024/2025,10,2024,football-data.co.uk,2026-05-11 11:53:34.057291
34359738474,2024-10-27,Getafe,Valencia,1,1,D,2.1,3.1,3.8,2.19,2.91,4.28,0.4762,0.3226,0.2632,1.0619,2024/2025,10,2024,football-data.co.uk,2026-05-11 11:53:34.057291
34359738475,2024-10-27,Betis,Ath Madrid,1,0,H,3.1,3.4,2.3,3.26,3.25,2.39,0.3226,0.2941,0.4348,1.0515,2024/2025,10,2024,football-data.co.uk,2026-05-11 11:53:34.057291
34359738476,2024-10-27,Sociedad,Osasuna,0,2,A,1.75,3.6,5.0,1.79,3.7,4.79,0.5714,0.2778,0.2,1.0492,2024/2025,10,2024,football-data.co.uk,2026-05-11 11:53:34.057291
34359738477,2024-10-28,Mallorca,Ath Bilbao,0,0,D,2.9,3.1,2.55,3.04,2.93,2.76,0.3448,0.3226,0.3922,1.0596,2024/2025,10,2024,football-data.co.uk,2026-05-11 11:53:34.057291
34359738478,2024-11-01,Alaves,Mallorca,1,0,H,2.25,3.0,3.4,2.41,2.97,3.62,0.4444,0.3333,0.2941,1.0719,2024/2025,11,2024,football-data.co.uk,2026-05-11 11:53:34.057291
34359738479,2024-11-02,Osasuna,Valladolid,1,0,H,1.6,3.7,6.25,1.63,3.8,6.23,0.625,0.2703,0.16,1.0553,2024/2025,11,2024,football-data.co.uk,2026-05-11 11:53:34.057291
34359738480,2024-11-02,Girona,Leganes,4,3,H,1.7,3.5,5.5,1.71,3.66,5.56,0.5882,0.2857,0.1818,1.0558,2024/2025,11,2024,football-data.co.uk,2026-05-11 11:53:34.057291
34359738481,2024-11-03,Ath Madrid,Las Palmas,2,0,H,1.27,6.0,9.5,1.27,6.17,11.24,0.7874,0.1667,0.1053,1.0593,2024/2025,11,2024,football-data.co.uk,2026-05-11 11:53:34.057291
34359738482,2024-11-03,Barcelona,Espanol,3,1,H,1.13,9.0,19.0,1.11,11.88,18.23,0.885,0.1111,0.0526,1.0487,2024/2025,11,2024,football-data.co.uk,2026-05-11 11:53:34.057291
34359738483,2024-11-03,Sevilla,Sociedad,0,2,A,2.9,3.0,2.63,3.01,3.02,2.7,0.3448,0.3333,0.3802,1.0584,2024/2025,11,2024,football-data.co.uk,2026-05-11 11:53:34.057291
34359738484,2024-11-03,Ath Bilbao,Betis,1,1,D,1.91,3.5,4.0,1.93,3.56,4.26,0.5236,0.2857,0.25,1.0593,2024/2025,11,2024,football-data.co.uk,2026-05-11 11:53:34.057291
34359738485,2024-11-04,Celta,Getafe,1,0,H,1.95,3.2,4.5,1.98,3.27,4.45,0.5128,0.3125,0.2222,1.0475,2024/2025,11,2024,football-data.co.uk,2026-05-11 11:53:34.057291
34359738486,2024-11-08,Vallecano,Las Palmas,1,3,A,1.83,3.4,4.5,1.88,3.44,4.83,0.5464,0.2941,0.2222,1.0628,2024/2025,11,2024,football-data.co.uk,2026-05-11 11:53:34.057291
34359738487,2024-11-09,Real Madrid,Osasuna,4,0,H,1.2,7.0,13.0,1.19,7.58,13.77,0.8333,0.1429,0.0769,1.0531,2024/2025,11,2024,football-data.co.uk,2026-05-11 11:53:34.057291
34359738488,2024-11-09,Villarreal,Alaves,3,0,H,1.62,4.0,5.5,1.64,4.16,5.34,0.6173,0.25,0.1818,1.0491,2024/2025,11,2024,football-data.co.uk,2026-05-11 11:53:34.057291
34359738489,2024-11-09,Leganes,Sevilla,1,0,H,2.88,3.2,2.55,2.97,3.03,2.73,0.3472,0.3125,0.3922,1.0519,2024/2025,11,2024,football-data.co.uk,2026-05-11 11:53:34.057291
34359738490,2024-11-10,Betis,Celta,2,2,D,1.95,3.4,4.0,2.01,3.6,3.85,0.5128,0.2941,0.25,1.0569,2024/2025,11,2024,football-data.co.uk,2026-05-11 11:53:34.057291
34359738491,2024-11-10,Mallorca,Ath Madrid,0,1,A,3.6,3.1,2.2,3.88,2.95,2.29,0.2778,0.3226,0.4545,1.0549,2024/2025,11,2024,football-data.co.uk,2026-05-11 11:53:34.057291
34359738492,2024-11-10,Getafe,Girona,0,1,A,2.45,3.2,3.0,2.49,3.12,3.22,0.4082,0.3125,0.3333,1.054,2024/2025,11,2024,football-data.co.uk,2026-05-11 11:53:34.057291
34359738493,2024-11-10,Valladolid,Ath Bilbao,1,1,D,4.5,3.4,1.85,4.84,3.4,1.87,0.2222,0.2941,0.5405,1.0569,2024/2025,11,2024,football-data.co.uk,2026-05-11 11:53:34.057291
34359738494,2024-11-10,Sociedad,Barcelona,1,0,H,4.75,4.1,1.65,4.9,4.1,1.7,0.2105,0.2439,0.6061,1.0605,2024/2025,11,2024,football-data.co.uk,2026-05-11 11:53:34.057291
34359738495,2024-11-22,Getafe,Valladolid,2,0,H,1.65,3.4,6.5,1.68,3.47,6.79,0.6061,0.2941,0.1538,1.054,2024/2025,11,2024,football-data.co.uk,2026-05-11 11:53:34.057291
34359738496,2024-11-23,Valencia,Betis,4,2,H,3.0,3.0,2.6,2.98,3.09,2.67,0.3333,0.3333,0.3846,1.0513,2024/2025,11,2024,football-data.co.uk,2026-05-11 11:53:34.057291
34359738497,2024-11-23,Ath Madrid,Alaves,2,1,H,1.36,4.75,9.0,1.36,4.92,10.26,0.7353,0.2105,0.1111,1.0569,2024/2025,11,2024,football-data.co.uk,2026-05-11 11:53:34.057291
34359738498,2024-11-23,Girona,Espanol,4,1,H,1.67,3.9,5.25,1.66,4.01,5.39,0.5988,0.2564,0.1905,1.0457,2024/2025,11,2024,football-data.co.uk,2026-05-11 11:53:34.057291
34359738499,2024-11-23,Las Palmas,Mallorca,2,3,A,2.8,3.0,2.7,2.96,2.95,2.81,0.3571,0.3333,0.3704,1.0608,2024/2025,11,2024,football-data.co.uk,2026-05-11 11:53:34.057291
34359738500,2024-11-23,Celta,Barcelona,2,2,D,4.75,4.33,1.65,4.57,4.51,1.68,0.2105,0.2309,0.6061,1.0475,2024/2025,11,2024,football-data.co.uk,2026-05-11 11:53:34.057291
34359738501,2024-11-24,Osasuna,Villarreal,2,2,D,2.55,3.4,2.75,2.62,3.5,2.74,0.3922,0.2941,0.3636,1.0499,2024/2025,11,2024,football-data.co.uk,2026-05-11 11:53:34.057291
34359738502,2024-11-24,Sevilla,Vallecano,1,0,H,2.3,3.2,3.3,2.32,3.32,3.32,0.4348,0.3125,0.303,1.0503,2024/2025,11,2024,football-data.co.uk,2026-05-11 11:53:34.057291
34359738503,2024-11-24,Leganes,Real Madrid,0,3,A,7.5,4.5,1.42,9.26,4.8,1.38,0.1333,0.2222,0.7042,1.0598,2024/2025,11,2024,football-data.co.uk,2026-05-11 11:53:34.057291
34359738504,2024-11-24,Ath Bilbao,Sociedad,1,0,H,2.25,3.0,3.6,2.27,3.06,3.75,0.4444,0.3333,0.2778,1.0556,2024/2025,11,2024,football-data.co.uk,2026-05-11 11:53:34.057291
34359738505,2024-11-29,Mallorca,Valencia,2,1,H,2.0,3.0,4.5,2.04,2.95,4.86,0.5,0.3333,0.2222,1.0556,2024/2025,11,2024,football-data.co.uk,2026-05-11 11:53:34.057291
34359738506,2024-11-30,Barcelona,Las Palmas,1,2,A,1.17,8.5,13.0,1.16,9.29,14.11,0.8547,0.1176,0.0769,1.0493,2024/2025,11,2024,football-data.co.uk,2026-05-11 11:53:34.057291
34359738507,2024-11-30,Alaves,Leganes,1,1,D,1.8,3.4,5.0,1.82,3.3,5.44,0.5556,0.2941,0.2,1.0497,2024/2025,11,2024,football-data.co.uk,2026-05-11 11:53:34.057291
34359738508,2024-11-30,Espanol,Celta,3,1,H,3.3,3.4,2.2,3.36,3.35,2.28,0.303,0.2941,0.4545,1.0517,2024/2025,11,2024,football-data.co.uk,2026-05-11 11:53:34.057291
34359738509,2024-11-30,Valladolid,Ath Madrid,0,5,A,6.0,4.2,1.53,6.47,4.14,1.56,0.1667,0.2381,0.6536,1.0584,2024/2025,11,2024,football-data.co.uk,2026-05-11 11:53:34.057291
34359738510,2024-12-01,Villarreal,Girona,2,2,D,1.83,3.7,4.2,1.88,3.88,4.05,0.5464,0.2703,0.2381,1.0548,2024/2025,12,2024,football-data.co.uk,2026-05-11 11:53:34.057291
34359738511,2024-12-01,Real Madrid,Getafe,2,0,H,1.36,4.5,10.0,1.37,4.87,9.55,0.7353,0.2222,0.1,1.0575,2024/2025,12,2024,football-data.co.uk,2026-05-11 11:53:34.057291
34359738512,2024-12-01,Vallecano,Ath Bilbao,1,2,A,2.8,3.1,2.7,2.91,3.16,2.68,0.3571,0.3226,0.3704,1.0501,2024/2025,12,2024,football-data.co.uk,2026-05-11 11:53:34.057291
34359738513,2024-12-01,Sociedad,Betis,2,0,H,1.8,3.6,4.5,1.81,3.59,4.93,0.5556,0.2778,0.2222,1.0556,2024/2025,12,2024,football-data.co.uk,2026-05-11 11:53:34.057291
34359738514,2024-12-02,Sevilla,Osasuna,1,1,D,2.1,3.4,3.5,2.16,3.36,3.66,0.4762,0.2941,0.2857,1.056,2024/2025,12,2024,football-data.co.uk,2026-05-11 11:53:34.057291
34359738515,2024-12-03,Mallorca,Barcelona,1,5,A,5.75,4.33,1.53,6.27,4.41,1.55,0.1739,0.2309,0.6536,1.0585,2024/2025,12,2024,football-data.co.uk,2026-05-11 11:53:34.057291
34359738516,2024-12-04,Ath Bilbao,Real Madrid,2,1,H,3.2,3.3,2.25,3.15,3.54,2.31,0.3125,0.303,0.4444,1.06,2024/2025,12,2024,football-data.co.uk,2026-05-11 11:53:34.057291
34359738517,2024-12-06,Celta,Mallorca,2,0,H,1.85,3.4,4.5,1.91,3.41,4.73,0.5405,0.2941,0.2222,1.0569,2024/2025,12,2024,football-data.co.uk,2026-05-11 11:53:34.057291
34359738518,2024-12-07,Las Palmas,Valladolid,2,1,H,1.8,3.6,4.5,1.8,3.67,4.79,0.5556,0.2778,0.2222,1.0556,2024/2025,12,2024,football-data.co.uk,2026-05-11 11:53:34.057291
34359738519,2024-12-07,Betis,Barcelona,2,2,D,5.0,4.5,1.57,5.16,4.53,1.61,0.2,0.2222,0.6369,1.0592,2024/2025,12,2024,football-data.co.uk,2026-05-11 11:53:34.057291
34359738520,2024-12-07,Valencia,Vallecano,0,1,A,2.25,2.9,3.75,2.25,2.99,3.94,0.4444,0.3448,0.2667,1.0559,2024/2025,12,2024,football-data.co.uk,2026-05-11 11:53:34.057291
34359738521,2024-12-07,Girona,Real Madrid,0,3,A,4.5,3.9,1.73,4.7,4.07,1.73,0.2222,0.2564,0.578,1.0567,2024/2025,12,2024,football-data.co.uk,2026-05-11 11:53:34.057291
34359738522,2024-12-08,Leganes,Sociedad,0,3,A,4.75,3.1,1.91,4.74,3.2,1.95,0.2105,0.3226,0.5236,1.0567,2024/2025,12,2024,football-data.co.uk,2026-05-11 11:53:34.057291
34359738523,2024-12-08,Ath Bilbao,Villarreal,2,0,H,1.95,3.6,3.8,1.99,3.78,3.76,0.5128,0.2778,0.2632,1.0538,2024/2025,12,2024,football-data.co.uk,2026-05-11 11:53:34.057291
34359738524,2024-12-08,Osasuna,Alaves,2,2,D,2.05,3.3,3.75,2.09,3.43,3.78,0.4878,0.303,0.2667,1.0575,2024/2025,12,2024,football-data.co.uk,2026-05-11 11:53:34.057291
34359738525,2024-12-08,Ath Madrid,Sevilla,4,3,H,1.38,4.75,8.5,1.37,5.02,9.1,0.7246,0.2105,0.1176,1.0528,2024/2025,12,2024,football-data.co.uk,2026-05-11 11:53:34.057291
34359738526,2024-12-09,Getafe,Espanol,1,0,H,1.8,3.1,5.75,1.8,3.23,5.85,0.5556,0.3226,0.1739,1.052,2024/2025,12,2024,football-data.co.uk,2026-05-11 11:53:34.057291
34359738527,2024-12-13,Valladolid,Valencia,1,0,H,3.1,3.1,2.38,3.3,3.09,2.5,0.3226,0.3226,0.4202,1.0653,2024/2025,12,2024,football-data.co.uk,2026-05-11 11:53:34.057291
34359738528,2024-12-14,Espanol,Osasuna,0,0,D,2.75,3.2,2.6,2.88,3.15,2.72,0.3636,0.3125,0.3846,1.0608,2024/2025,12,2024,football-data.co.uk,2026-05-11 11:53:34.057291
34359738529,2024-12-14,Mallorca,Girona,2,1,H,2.3,3.1,3.25,2.38,3.08,3.48,0.4348,0.3226,0.3077,1.0651,2024/2025,12,2024,football-data.co.uk,2026-05-11 11:53:34.057291
34359738530,2024-12-14,Sevilla,Celta,1,0,H,2.2,3.25,3.3,2.26,3.34,3.42,0.4545,0.3077,0.303,1.0653,2024/2025,12,2024,football-data.co.uk,2026-05-11 11:53:34.057291
34359738531,2024-12-14,Vallecano,Real Madrid,3,3,D,6.0,3.8,1.57,6.07,3.97,1.61,0.1667,0.2632,0.6369,1.0668,2024/2025,12,2024,football-data.co.uk,2026-05-11 11:53:34.057291
34359738532,2024-12-15,Ath Madrid,Getafe,1,0,H,1.4,4.33,9.0,1.41,4.4,10.04,0.7143,0.2309,0.1111,1.0563,2024/2025,12,2024,football-data.co.uk,2026-05-11 11:53:34.057291
34359738533,2024-12-15,Alaves,Ath Bilbao,1,1,D,3.6,3.1,2.15,3.82,3.17,2.19,0.2778,0.3226,0.4651,1.0655,2024/2025,12,2024,football-data.co.uk,2026-05-11 11:53:34.057291
34359738534,2024-12-15,Sociedad,Las Palmas,0,0,D,1.4,4.33,8.0,1.43,4.37,9.13,0.7143,0.2309,0.125,1.0702,2024/2025,12,2024,football-data.co.uk,2026-05-11 11:53:34.057291
34359738535,2024-12-15,Villarreal,Betis,1,2,A,1.75,3.8,4.33,1.8,3.98,4.38,0.5714,0.2632,0.2309,1.0655,2024/2025,12,2024,football-data.co.uk,2026-05-11 11:53:34.057291
34359738536,2024-12-15,Barcelona,Leganes,0,1,A,1.13,8.0,19.0,1.14,9.14,18.44,0.885,0.125,0.0526,1.0626,2024/2025,12,2024,football-data.co.uk,2026-05-11 11:53:34.057291
34359738537,2024-12-18,Espanol,Valencia,1,1,D,2.6,3.0,3.0,2.72,2.93,3.09,0.3846,0.3333,0.3333,1.0513,2024/2025,12,2024,football-data.co.uk,2026-05-11 11:53:34.057291
34359738538,2024-12-18,Villarreal,Vallecano,1,1,D,1.8,3.6,4.5,1.85,3.66,4.49,0.5556,0.2778,0.2222,1.0556,2024/2025,12,2024,football-data.co.uk,2026-05-11 11:53:34.057291
34359738539,2024-12-20,Girona,Valladolid,3,0,H,1.38,5.0,8.0,1.4,5.01,8.31,0.7246,0.2,0.125,1.0496,2024/2025,12,2024,football-data.co.uk,2026-05-11 11:53:34.057291
34359738540,2024-12-21,Getafe,Mallorca,0,1,A,2.3,2.75,3.9,2.37,2.74,4.06,0.4348,0.3636,0.2564,1.0548,2024/2025,12,2024,football-data.co.uk,2026-05-11 11:53:34.057291
34359738541,2024-12-21,Celta,Sociedad,2,0,H,2.9,3.1,2.6,2.95,3.21,2.62,0.3448,0.3226,0.3846,1.052,2024/2025,12,2024,football-data.co.uk,2026-05-11 11:53:34.057291
34359738542,2024-12-21,Osasuna,Ath Bilbao,1,2,A,3.9,3.1,2.1,3.85,3.25,2.14,0.2564,0.3226,0.4762,1.0552,2024/2025,12,2024,football-data.co.uk,2026-05-11 11:53:34.057291
34359738543,2024-12-21,Barcelona,Ath Madrid,1,2,A,1.9,3.8,3.9,1.88,3.92,4.01,0.5263,0.2632,0.2564,1.0459,2024/2025,12,2024,football-data.co.uk,2026-05-11 11:53:34.057291
34359738544,2024-12-22,Valencia,Alaves,2,2,D,2.25,3.1,3.5,2.32,3.07,3.61,0.4444,0.3226,0.2857,1.0527,2024/2025,12,2024,football-data.co.uk,2026-05-11 11:53:34.057291
34359738545,2024-12-22,Real Madrid,Sevilla,4,2,H,1.33,5.5,9.0,1.35,5.87,7.84,0.7519,0.1818,0.1111,1.0448,2024/2025,12,2024,football-data.co.uk,2026-05-11 11:53:34.057291
34359738546,2024-12-22,Las Palmas,Espanol,1,0,H,1.85,3.6,4.33,1.87,3.57,4.53,0.5405,0.2778,0.2309,1.0493,2024/2025,12,2024,football-data.co.uk,2026-05-11 11:53:34.057291
34359738547,2024-12-22,Leganes,Villarreal,2,5,A,4.2,3.4,1.91,4.32,3.52,1.93,0.2381,0.2941,0.5236,1.0558,2024/2025,12,2024,football-data.co.uk,2026-05-11 11:53:34.057291
34359738548,2024-12-22,Betis,Vallecano,1,1,D,1.8,3.5,4.75,1.83,3.6,4.71,0.5556,0.2857,0.2105,1.0518,2024/2025,12,2024,football-data.co.uk,2026-05-11 11:53:34.057291
34359738549,2025-01-03,Valencia,Real Madrid,1,2,A,7.0,4.5,1.42,7.58,4.78,1.45,0.1429,0.2222,0.7042,1.0693,2024/2025,1,2025,football-data.co.uk,2026-05-11 11:53:34.057291
34359738550,2025-01-10,Vallecano,Celta,2,1,H,2.75,3.1,2.7,2.83,3.11,2.8,0.3636,0.3226,0.3704,1.0566,2024/2025,1,2025,football-data.co.uk,2026-05-11 11:53:34.057291
34359738551,2025-01-11,Alaves,Girona,0,1,A,2.75,3.1,2.75,2.79,3.2,2.76,0.3636,0.3226,0.3636,1.0499,2024/2025,1,2025,football-data.co.uk,2026-05-11 11:53:34.057291
34359738552,2025-01-11,Valladolid,Betis,1,0,H,4.5,3.5,1.83,4.69,3.51,1.86,0.2222,0.2857,0.5464,1.0544,2024/2025,1,2025,football-data.co.uk,2026-05-11 11:53:34.057291
34359738553,2025-01-11,Espanol,Leganes,1,1,D,2.1,3.0,4.0,2.13,3.08,4.16,0.4762,0.3333,0.25,1.0595,2024/2025,1,2025,football-data.co.uk,2026-05-11 11:53:34.057291
34359738554,2025-01-11,Sevilla,Valencia,1,1,D,2.0,3.3,4.0,2.06,3.54,3.75,0.5,0.303,0.25,1.053,2024/2025,1,2025,football-data.co.uk,2026-05-11 11:53:34.057291
34359738555,2025-01-12,Las Palmas,Getafe,1,2,A,2.45,2.9,3.3,2.51,2.98,3.34,0.4082,0.3448,0.303,1.056,2024/2025,1,2025,football-data.co.uk,2026-05-11 11:53:34.057291
34359738556,2025-01-12,Ath Madrid,Osasuna,1,0,H,1.33,5.0,10.0,1.29,5.76,11.15,0.7519,0.2,0.1,1.0519,2024/2025,1,2025,football-data.co.uk,2026-05-11 11:53:34.057291
34359738557,2025-01-13,Sociedad,Villarreal,1,0,H,2.0,3.3,4.0,1.97,3.58,4.02,0.5,0.303,0.25,1.053,2024/2025,1,2025,football-data.co.uk,2026-05-11 11:53:34.057291
34359738558,2025-01-17,Espanol,Valladolid,2,1,H,1.75,3.4,5.25,1.8,3.44,5.44,0.5714,0.2941,0.1905,1.056,2024/2025,1,2025,football-data.co.uk,2026-05-11 11:53:34.057291
34359738559,2025-01-18,Girona,Sevilla,1,2,A,1.91,3.5,4.0,1.94,3.61,4.11,0.5236,0.2857,0.25,1.0593,2024/2025,1,2025,football-data.co.uk,2026-05-11 11:53:34.057291
34359738560,2025-01-18,Leganes,Ath Madrid,1,0,H,7.0,4.0,1.5,7.1,4.24,1.51,0.1429,0.25,0.6667,1.0595,2024/2025,1,2025,football-data.co.uk,2026-05-11 11:53:34.057291
34359738561,2025-01-18,Betis,Alaves,1,3,A,1.75,3.6,4.75,1.78,3.76,4.82,0.5714,0.2778,0.2105,1.0597,2024/2025,1,2025,football-data.co.uk,2026-05-11 11:53:34.057291
34359738562,2025-01-18,Getafe,Barcelona,1,1,D,6.5,4.2,1.5,6.72,4.48,1.5,0.1538,0.2381,0.6667,1.0586,2024/2025,1,2025,football-data.co.uk,2026-05-11 11:53:34.057291
34359738563,2025-01-19,Celta,Ath Bilbao,1,2,A,2.8,3.2,2.6,2.92,3.16,2.67,0.3571,0.3125,0.3846,1.0543,2024/2025,1,2025,football-data.co.uk,2026-05-11 11:53:34.057291
34359738564,2025-01-19,Real Madrid,Las Palmas,4,1,H,1.14,7.5,17.0,1.15,9.06,16.17,0.8772,0.1333,0.0588,1.0693,2024/2025,1,2025,football-data.co.uk,2026-05-11 11:53:34.057291
34359738565,2025-01-19,Osasuna,Vallecano,1,1,D,2.15,3.0,3.8,2.22,3.13,3.8,0.4651,0.3333,0.2632,1.0616,2024/2025,1,2025,football-data.co.uk,2026-05-11 11:53:34.057291
34359738566,2025-01-19,Valencia,Sociedad,1,0,H,3.1,3.0,2.55,3.09,3.12,2.58,0.3226,0.3333,0.3922,1.0481,2024/2025,1,2025,football-data.co.uk,2026-05-11 11:53:34.057291
34359738567,2025-01-20,Villarreal,Mallorca,4,0,H,1.73,3.5,5.25,1.77,3.71,4.95,0.578,0.2857,0.1905,1.0542,2024/2025,1,2025,football-data.co.uk,2026-05-11 11:53:34.057291
34359738568,2025-01-24,Las Palmas,Osasuna,1,1,D,2.5,3.1,3.0,2.56,3.19,3.09,0.4,0.3226,0.3333,1.0559,2024/2025,1,2025,football-data.co.uk,2026-05-11 11:53:34.057291
34359738569,2025-01-25,Mallorca,Betis,0,1,A,2.25,3.0,3.5,2.31,3.1,3.61,0.4444,0.3333,0.2857,1.0635,2024/2025,1,2025,football-data.co.uk,2026-05-11 11:53:34.057291
34359738570,2025-01-25,Ath Madrid,Villarreal,1,1,D,1.7,4.0,4.75,1.72,4.16,4.65,0.5882,0.25,0.2105,1.0488,2024/2025,1,2025,football-data.co.uk,2026-05-11 11:53:34.057291
34359738571,2025-01-25,Sevilla,Espanol,1,1,D,1.7,3.8,4.75,1.71,3.85,5.21,0.5882,0.2632,0.2105,1.0619,2024/2025,1,2025,football-data.co.uk,2026-05-11 11:53:34.057291
34359738572,2025-01-25,Valladolid,Real Madrid,0,3,A,10.0,6.0,1.27,10.86,6.46,1.25,0.1,0.1667,0.7874,1.0541,2024/2025,1,2025,football-data.co.uk,2026-05-11 11:53:34.057291
34359738573,2025-01-26,Vallecano,Girona,2,1,H,2.75,2.9,2.88,2.75,3.1,2.88,0.3636,0.3448,0.3472,1.0557,2024/2025,1,2025,football-data.co.uk,2026-05-11 11:53:34.057291
34359738574,2025-01-26,Sociedad,Getafe,0,3,A,1.75,3.4,5.5,1.78,3.2,6.19,0.5714,0.2941,0.1818,1.0474,2024/2025,1,2025,football-data.co.uk,2026-05-11 11:53:34.057291
34359738575,2025-01-26,Ath Bilbao,Leganes,0,0,D,1.38,5.0,7.5,1.39,4.7,9.6,0.7246,0.2,0.1333,1.058,2024/2025,1,2025,football-data.co.uk,2026-05-11 11:53:34.057291
34359738576,2025-01-26,Barcelona,Valencia,7,1,H,1.22,7.5,10.0,1.22,7.12,12.24,0.8197,0.1333,0.1,1.053,2024/2025,1,2025,football-data.co.uk,2026-05-11 11:53:34.057291
34359738577,2025-01-27,Alaves,Celta,1,1,D,2.63,3.0,3.0,2.69,3.15,2.91,0.3802,0.3333,0.3333,1.0469,2024/2025,1,2025,football-data.co.uk,2026-05-11 11:53:34.057291
34359738578,2025-01-31,Leganes,Vallecano,0,1,A,3.3,3.0,2.38,3.29,3.06,2.52,0.303,0.3333,0.4202,1.0565,2024/2025,1,2025,football-data.co.uk,2026-05-11 11:53:34.057291
34359738579,2025-02-01,Getafe,Sevilla,0,0,D,2.45,2.9,3.25,2.52,2.94,3.39,0.4082,0.3448,0.3077,1.0607,2024/2025,2,2025,football-data.co.uk,2026-05-11 11:53:34.057291
34359738580,2025-02-01,Villarreal,Valladolid,5,1,H,1.22,7.0,10.0,1.23,6.74,12.37,0.8197,0.1429,0.1,1.0625,2024/2025,2,2025,football-data.co.uk,2026-05-11 11:53:34.057291
34359738581,2025-02-01,Ath Madrid,Mallorca,2,0,H,1.4,4.33,8.5,1.43,4.44,9.0,0.7143,0.2309,0.1176,1.0629,2024/2025,2,2025,football-data.co.uk,2026-05-11 11:53:34.057291
34359738582,2025-02-01,Espanol,Real Madrid,1,0,H,9.0,5.75,1.3,9.89,5.56,1.32,0.1111,0.1739,0.7692,1.0543,2024/2025,2,2025,football-data.co.uk,2026-05-11 11:53:34.057291
34359738583,2025-02-02,Barcelona,Alaves,1,0,H,1.2,7.5,13.0,1.19,7.63,14.28,0.8333,0.1333,0.0769,1.0436,2024/2025,2,2025,football-data.co.uk,2026-05-11 11:53:34.057291
34359738584,2025-02-02,Valencia,Celta,2,1,H,2.3,3.1,3.25,2.39,3.14,3.38,0.4348,0.3226,0.3077,1.0651,2024/2025,2,2025,football-data.co.uk,2026-05-11 11:53:34.057291
34359738585,2025-02-02,Osasuna,Sociedad,2,1,H,3.0,3.0,2.55,3.06,2.97,2.7,0.3333,0.3333,0.3922,1.0588,2024/2025,2,2025,football-data.co.uk,2026-05-11 11:53:34.057291
34359738586,2025-02-02,Betis,Ath Bilbao,2,2,D,2.9,3.3,2.45,3.01,3.28,2.53,0.3448,0.303,0.4082,1.056,2024/2025,2,2025,football-data.co.uk,2026-05-11 11:53:34.057291
34359738587,2025-02-03,Girona,Las Palmas,2,1,H,1.6,4.2,5.0,1.63,4.13,5.5,0.625,0.2381,0.2,1.0631,2024/2025,2,2025,football-data.co.uk,2026-05-11 11:53:34.057291
34359738588,2025-02-07,Vallecano,Valladolid,1,0,H,1.5,4.1,7.0,1.5,4.27,7.31,0.6667,0.2439,0.1429,1.0534,2024/2025,2,2025,football-data.co.uk,2026-05-11 11:53:34.057291
34359738589,2025-02-08,Celta,Betis,3,2,H,2.25,3.4,3.2,2.35,3.38,3.2,0.4444,0.2941,0.3125,1.0511,2024/2025,2,2025,football-data.co.uk,2026-05-11 11:53:34.057291
34359738590,2025-02-08,Ath Bilbao,Girona,3,0,H,1.65,4.0,5.0,1.68,3.92,5.36,0.6061,0.25,0.2,1.0561,2024/2025,2,2025,football-data.co.uk,2026-05-11 11:53:34.057291
34359738591,2025-02-08,Las Palmas,Villarreal,1,2,A,4.75,3.9,1.7,4.62,4.1,1.74,0.2105,0.2564,0.5882,1.0552,2024/2025,2,2025,football-data.co.uk,2026-05-11 11:53:34.057291
34359738592,2025-02-08,Real Madrid,Ath Madrid,1,1,D,1.85,3.6,4.2,1.9,3.67,4.21,0.5405,0.2778,0.2381,1.0564,2024/2025,2,2025,football-data.co.uk,2026-05-11 11:53:34.057291
34359738593,2025-02-09,Alaves,Getafe,0,1,A,2.3,2.9,3.6,2.37,2.9,3.76,0.4348,0.3448,0.2778,1.0574,2024/2025,2,2025,football-data.co.uk,2026-05-11 11:53:34.057291
34359738594,2025-02-09,Valencia,Leganes,2,0,H,1.73,3.4,5.5,1.75,3.48,5.61,0.578,0.2941,0.1818,1.054,2024/2025,2,2025,football-data.co.uk,2026-05-11 11:53:34.057291
34359738595,2025-02-09,Sociedad,Espanol,2,1,H,1.6,3.9,5.75,1.61,3.85,6.33,0.625,0.2564,0.1739,1.0553,2024/2025,2,2025,football-data.co.uk,2026-05-11 11:53:34.057291
34359738596,2025-02-09,Sevilla,Barcelona,1,4,A,5.25,4.5,1.55,5.62,4.68,1.55,0.1905,0.2222,0.6452,1.0579,2024/2025,2,2025,football-data.co.uk,2026-05-11 11:53:34.057291
34359738597,2025-02-10,Mallorca,Osasuna,1,1,D,2.0,3.0,4.33,2.05,3.22,4.26,0.5,0.3333,0.2309,1.0643,2024/2025,2,2025,football-data.co.uk,2026-05-11 11:53:34.057291
34359738598,2025-02-14,Girona,Getafe,1,2,A,1.95,3.25,4.33,1.99,3.26,4.57,0.5128,0.3077,0.2309,1.0515,2024/2025,2,2025,football-data.co.uk,2026-05-11 11:53:34.057291
34359738599,2025-02-15,Leganes,Alaves,3,3,D,3.1,2.9,2.6,3.28,2.93,2.59,0.3226,0.3448,0.3846,1.052,2024/2025,2,2025,football-data.co.uk,2026-05-11 11:53:34.057291
34359738600,2025-02-15,Osasuna,Real Madrid,1,1,D,5.75,4.1,1.57,5.82,4.33,1.57,0.1739,0.2439,0.6369,1.0548,2024/2025,2,2025,football-data.co.uk,2026-05-11 11:53:34.057291
34359738601,2025-02-15,Ath Madrid,Celta,1,1,D,1.39,4.5,8.0,1.43,4.79,7.81,0.7194,0.2222,0.125,1.0666,2024/2025,2,2025,football-data.co.uk,2026-05-11 11:53:34.057291
34359738602,2025-02-15,Villarreal,Valencia,1,1,D,1.5,4.5,5.5,1.53,4.48,6.12,0.6667,0.2222,0.1818,1.0707,2024/2025,2,2025,football-data.co.uk,2026-05-11 11:53:34.057291
34359738603,2025-02-16,Espanol,Ath Bilbao,1,1,D,5.5,3.4,1.73,5.45,3.58,1.75,0.1818,0.2941,0.578,1.054,2024/2025,2,2025,football-data.co.uk,2026-05-11 11:53:34.057291
34359738604,2025-02-16,Valladolid,Sevilla,0,4,A,4.0,3.4,1.95,4.14,3.4,2.0,0.25,0.2941,0.5128,1.0569,2024/2025,2,2025,football-data.co.uk,2026-05-11 11:53:34.057291
34359738605,2025-02-16,Mallorca,Las Palmas,3,1,H,1.73,3.5,5.25,1.74,3.63,5.42,0.578,0.2857,0.1905,1.0542,2024/2025,2,2025,football-data.co.uk,2026-05-11 11:53:34.057291
34359738606,2025-02-16,Betis,Sociedad,3,0,H,2.55,3.1,2.9,2.56,3.16,3.08,0.3922,0.3226,0.3448,1.0596,2024/2025,2,2025,football-data.co.uk,2026-05-11 11:53:34.057291
34359738607,2025-02-17,Barcelona,Vallecano,1,0,H,1.22,7.0,11.0,1.2,7.65,12.46,0.8197,0.1429,0.0909,1.0534,2024/2025,2,2025,football-data.co.uk,2026-05-11 11:53:34.057291
34359738608,2025-02-21,Celta,Osasuna,1,0,H,1.67,3.75,5.25,1.7,3.86,5.39,0.5988,0.2667,0.1905,1.0559,2024/2025,2,2025,football-data.co.uk,2026-05-11 11:53:34.057291
34359738609,2025-02-22,Alaves,Espanol,0,1,A,1.8,3.25,5.25,1.79,3.45,5.33,0.5556,0.3077,0.1905,1.0537,2024/2025,2,2025,football-data.co.uk,2026-05-11 11:53:34.057291
34359738610,2025-02-22,Vallecano,Villarreal,0,1,A,2.88,3.5,2.38,3.09,3.37,2.42,0.3472,0.2857,0.4202,1.0531,2024/2025,2,2025,football-data.co.uk,2026-05-11 11:53:34.057291
34359738611,2025-02-22,Valencia,Ath Madrid,0,3,A,4.2,3.4,1.91,4.54,3.43,1.91,0.2381,0.2941,0.5236,1.0558,2024/2025,2,2025,football-data.co.uk,2026-05-11 11:53:34.057291
34359738612,2025-02-22,Las Palmas,Barcelona,0,2,A,8.5,7.0,1.25,10.7,6.91,1.24,0.1176,0.1429,0.8,1.0605,2024/2025,2,2025,football-data.co.uk,2026-05-11 11:53:34.057291
34359738613,2025-02-23,Ath Bilbao,Valladolid,7,1,H,1.17,7.0,19.0,1.17,7.52,17.55,0.8547,0.1429,0.0526,1.0502,2024/2025,2,2025,football-data.co.uk,2026-05-11 11:53:34.057291
34359738614,2025-02-23,Real Madrid,Girona,2,0,H,1.29,6.25,8.5,1.28,6.44,9.32,0.7752,0.16,0.1176,1.0528,2024/2025,2,2025,football-data.co.uk,2026-05-11 11:53:34.057291
34359738615,2025-02-23,Getafe,Betis,1,2,A,2.6,3.1,2.9,2.66,3.11,2.98,0.3846,0.3226,0.3448,1.052,2024/2025,2,2025,football-data.co.uk,2026-05-11 11:53:34.057291
34359738616,2025-02-23,Sociedad,Leganes,3,0,H,1.55,3.75,7.0,1.56,3.87,7.11,0.6452,0.2667,0.1429,1.0547,2024/2025,2,2025,football-data.co.uk,2026-05-11 11:53:34.057291
34359738617,2025-02-24,Sevilla,Mallorca,1,1,D,2.05,3.2,3.9,2.11,3.21,4.03,0.4878,0.3125,0.2564,1.0567,2024/2025,2,2025,football-data.co.uk,2026-05-11 11:53:34.057291
34359738618,2025-02-28,Valladolid,Las Palmas,1,1,D,3.1,3.2,2.4,3.24,3.24,2.44,0.3226,0.3125,0.4167,1.0517,2024/2025,2,2025,football-data.co.uk,2026-05-11 11:53:34.057291
34359738619,2025-03-01,Girona,Celta,2,2,D,2.2,3.5,3.25,2.19,3.56,3.38,0.4545,0.2857,0.3077,1.048,2024/2025,3,2025,football-data.co.uk,2026-05-11 11:53:34.057291
34359738620,2025-03-01,Vallecano,Sevilla,1,1,D,2.3,3.2,3.3,2.32,3.25,3.4,0.4348,0.3125,0.303,1.0503,2024/2025,3,2025,football-data.co.uk,2026-05-11 11:53:34.057291
34359738621,2025-03-01,Betis,Real Madrid,2,1,H,4.33,4.0,1.73,4.58,4.12,1.74,0.2309,0.25,0.578,1.059,2024/2025,3,2025,football-data.co.uk,2026-05-11 11:53:34.057291
34359738622,2025-03-01,Ath Madrid,Ath Bilbao,1,0,H,2.05,3.5,3.6,2.04,3.48,3.88,0.4878,0.2857,0.2778,1.0513,2024/2025,3,2025,football-data.co.uk,2026-05-11 11:53:34.057291
34359738623,2025-03-02,Leganes,Getafe,1,0,H,3.1,2.88,2.6,3.26,2.79,2.72,0.3226,0.3472,0.3846,1.0544,2024/2025,3,2025,football-data.co.uk,2026-05-11 11:53:34.057291
34359738624,2025-03-02,Barcelona,Sociedad,4,0,H,1.25,5.75,12.0,1.27,5.89,11.4,0.8,0.1739,0.0833,1.0572,2024/2025,3,2025,football-data.co.uk,2026-05-11 11:53:34.057291
34359738625,2025-03-02,Mallorca,Alaves,1,1,D,2.25,3.1,3.5,2.31,3.11,3.59,0.4444,0.3226,0.2857,1.0527,2024/2025,3,2025,football-data.co.uk,2026-05-11 11:53:34.057291
34359738626,2025-03-02,Osasuna,Valencia,3,3,D,2.3,3.2,3.3,2.35,3.19,3.39,0.4348,0.3125,0.303,1.0503,2024/2025,3,2025,football-data.co.uk,2026-05-11 11:53:34.057291
34359738627,2025-03-08,Celta,Leganes,2,1,H,1.55,3.8,7.0,1.56,4.1,6.61,0.6452,0.2632,0.1429,1.0512,2024/2025,3,2025,football-data.co.uk,2026-05-11 11:53:34.057291
34359738628,2025-03-08,Alaves,Villarreal,1,0,H,3.1,3.25,2.38,3.14,3.38,2.39,0.3226,0.3077,0.4202,1.0504,2024/2025,3,2025,football-data.co.uk,2026-05-11 11:53:34.057291
34359738629,2025-03-08,Valencia,Valladolid,2,1,H,1.38,4.5,9.0,1.41,4.55,9.33,0.7246,0.2222,0.1111,1.058,2024/2025,3,2025,football-data.co.uk,2026-05-11 11:53:34.057291
34359738630,2025-03-09,Getafe,Ath Madrid,2,1,H,4.5,3.1,1.95,4.65,3.16,1.99,0.2222,0.3226,0.5128,1.0576,2024/2025,3,2025,football-data.co.uk,2026-05-11 11:53:34.057291
34359738631,2025-03-09,Real Madrid,Vallecano,2,1,H,1.29,5.75,9.5,1.28,6.23,10.43,0.7752,0.1739,0.1053,1.0544,2024/2025,3,2025,football-data.co.uk,2026-05-11 11:53:34.057291
34359738632,2025-03-09,Ath Bilbao,Mallorca,1,1,D,1.62,3.7,6.0,1.63,3.8,6.19,0.6173,0.2703,0.1667,1.0542,2024/2025,3,2025,football-data.co.uk,2026-05-11 11:53:34.057291
34359738633,2025-03-09,Betis,Las Palmas,1,0,H,1.42,4.5,7.5,1.47,4.66,7.11,0.7042,0.2222,0.1333,1.0598,2024/2025,3,2025,football-data.co.uk,2026-05-11 11:53:34.057291
34359738634,2025-03-09,Sociedad,Sevilla,0,1,A,2.2,3.2,3.5,2.26,3.13,3.68,0.4545,0.3125,0.2857,1.0528,2024/2025,3,2025,football-data.co.uk,2026-05-11 11:53:34.057291
34359738635,2025-03-10,Espanol,Girona,1,1,D,3.1,3.2,2.4,3.13,3.28,2.45,0.3226,0.3125,0.4167,1.0517,2024/2025,3,2025,football-data.co.uk,2026-05-11 11:53:34.057291
34359738636,2025-03-14,Las Palmas,Alaves,2,2,D,2.88,3.0,2.75,2.92,3.04,2.77,0.3472,0.3333,0.3636,1.0442,2024/2025,3,2025,football-data.co.uk,2026-05-11 11:53:34.057291
34359738637,2025-03-15,Valladolid,Celta,0,1,A,5.0,3.8,1.63,5.3,3.94,1.68,0.2,0.2632,0.6135,1.0767,2024/2025,3,2025,football-data.co.uk,2026-05-11 11:53:34.057291
34359738638,2025-03-15,Mallorca,Espanol,2,1,H,1.77,3.3,5.0,1.83,3.4,5.1,0.565,0.303,0.2,1.068,2024/2025,3,2025,football-data.co.uk,2026-05-11 11:53:34.057291
34359738639,2025-03-15,Villarreal,Real Madrid,1,2,A,3.1,3.75,2.15,3.08,3.96,2.19,0.3226,0.2667,0.4651,1.0544,2024/2025,3,2025,football-data.co.uk,2026-05-11 11:53:34.057291
34359738640,2025-03-15,Girona,Valencia,1,1,D,1.92,3.5,3.9,1.98,3.62,3.95,0.5208,0.2857,0.2564,1.063,2024/2025,3,2025,football-data.co.uk,2026-05-11 11:53:34.057291
34359738641,2025-03-16,Leganes,Betis,2,3,A,3.8,3.3,2.05,3.84,3.38,2.09,0.2632,0.303,0.4878,1.054,2024/2025,3,2025,football-data.co.uk,2026-05-11 11:53:34.057291
34359738642,2025-03-16,Sevilla,Ath Bilbao,0,1,A,2.9,3.2,2.5,3.0,3.17,2.6,0.3448,0.3125,0.4,1.0573,2024/2025,3,2025,football-data.co.uk,2026-05-11 11:53:34.057291
34359738643,2025-03-16,Osasuna,Getafe,1,2,A,2.25,2.88,3.8,2.34,3.01,3.65,0.4444,0.3472,0.2632,1.0548,2024/2025,3,2025,football-data.co.uk,2026-05-11 11:53:34.057291
34359738644,2025-03-16,Vallecano,Sociedad,2,2,D,2.5,3.0,3.1,2.51,3.15,3.16,0.4,0.3333,0.3226,1.0559,2024/2025,3,2025,football-data.co.uk,2026-05-11 11:53:34.057291
34359738645,2025-03-16,Ath Madrid,Barcelona,2,4,A,3.1,3.6,2.2,3.06,3.69,2.3,0.3226,0.2778,0.4545,1.0549,2024/2025,3,2025,football-data.co.uk,2026-05-11 11:53:34.057291
34359738646,2025-03-27,Barcelona,Osasuna,3,0,H,1.29,7.0,7.0,1.28,6.53,9.25,0.7752,0.1429,0.1429,1.0609,2024/2025,3,2025,football-data.co.uk,2026-05-11 11:53:34.057291
34359738647,2025-03-29,Sociedad,Valladolid,2,1,H,1.33,4.75,11.0,1.35,4.91,10.39,0.7519,0.2105,0.0909,1.0533,2024/2025,3,2025,football-data.co.uk,2026-05-11 11:53:34.057291
34359738648,2025-03-29,Espanol,Ath Madrid,1,1,D,5.5,3.75,1.62,6.28,3.87,1.61,0.1818,0.2667,0.6173,1.0658,2024/2025,3,2025,football-data.co.uk,2026-05-11 11:53:34.057291
34359738649,2025-03-29,Alaves,Vallecano,0,2,A,2.15,2.9,4.1,2.18,3.02,4.09,0.4651,0.3448,0.2439,1.0538,2024/2025,3,2025,football-data.co.uk,2026-05-11 11:53:34.057291
34359738650,2025-03-29,Real Madrid,Leganes,3,2,H,1.14,8.0,17.0,1.16,8.6,16.9,0.8772,0.125,0.0588,1.061,2024/2025,3,2025,football-data.co.uk,2026-05-11 11:53:34.057291
34359738651,2025-03-30,Getafe,Villarreal,1,2,A,3.25,3.1,2.35,3.4,3.18,2.36,0.3077,0.3226,0.4255,1.0558,2024/2025,3,2025,football-data.co.uk,2026-05-11 11:53:34.057291
34359738652,2025-03-30,Barcelona,Girona,4,1,H,1.25,6.5,10.0,1.23,7.13,11.38,0.8,0.1538,0.1,1.0538,2024/2025,3,2025,football-data.co.uk,2026-05-11 11:53:34.057291
34359738653,2025-03-30,Ath Bilbao,Osasuna,0,0,D,1.45,4.1,7.0,1.46,4.46,7.69,0.6897,0.2439,0.1429,1.0764,2024/2025,3,2025,football-data.co.uk,2026-05-11 11:53:34.057291
34359738654,2025-03-30,Valencia,Mallorca,1,0,H,2.15,3.1,3.75,2.18,3.22,3.77,0.4651,0.3226,0.2667,1.0544,2024/2025,3,2025,football-data.co.uk,2026-05-11 11:53:34.057291
34359738655,2025-03-30,Betis,Sevilla,2,1,H,1.83,3.5,4.33,1.88,3.53,4.5,0.5464,0.2857,0.2309,1.0631,2024/2025,3,2025,football-data.co.uk,2026-05-11 11:53:34.057291
34359738656,2025-03-31,Celta,Las Palmas,1,1,D,1.57,4.1,5.5,1.58,4.21,5.94,0.6369,0.2439,0.1818,1.0627,2024/2025,3,2025,football-data.co.uk,2026-05-11 11:53:34.057291
34359738657,2025-04-04,Vallecano,Espanol,0,4,A,1.65,3.5,6.0,1.69,3.64,6.13,0.6061,0.2857,0.1667,1.0584,2024/2025,4,2025,football-data.co.uk,2026-05-11 11:53:34.057291
34359738658,2025-04-05,Girona,Alaves,0,1,A,2.05,3.4,3.6,2.1,3.39,3.83,0.4878,0.2941,0.2778,1.0597,2024/2025,4,2025,football-data.co.uk,2026-05-11 11:53:34.057291
34359738659,2025-04-05,Real Madrid,Valencia,1,2,A,1.3,5.75,8.5,1.3,5.83,10.25,0.7692,0.1739,0.1176,1.0608,2024/2025,4,2025,football-data.co.uk,2026-05-11 11:53:34.057291
34359738660,2025-04-05,Mallorca,Celta,1,2,A,2.63,3.2,2.8,2.73,3.07,2.94,0.3802,0.3125,0.3571,1.0499,2024/2025,4,2025,football-data.co.uk,2026-05-11 11:53:34.057291
34359738661,2025-04-05,Barcelona,Betis,1,1,D,1.36,5.5,7.0,1.37,5.76,7.51,0.7353,0.1818,0.1429,1.06,2024/2025,4,2025,football-data.co.uk,2026-05-11 11:53:34.057291
34359738662,2025-04-06,Las Palmas,Sociedad,1,3,A,3.2,3.2,2.35,3.18,3.25,2.44,0.3125,0.3125,0.4255,1.0505,2024/2025,4,2025,football-data.co.uk,2026-05-11 11:53:34.057291
34359738663,2025-04-06,Sevilla,Ath Madrid,1,2,A,3.5,3.2,2.2,3.46,3.39,2.23,0.2857,0.3125,0.4545,1.0528,2024/2025,4,2025,football-data.co.uk,2026-05-11 11:53:34.057291
34359738664,2025-04-06,Valladolid,Getafe,0,4,A,4.75,3.1,1.9,4.77,3.21,1.94,0.2105,0.3226,0.5263,1.0594,2024/2025,4,2025,football-data.co.uk,2026-05-11 11:53:34.057291
34359738665,2025-04-06,Villarreal,Ath Bilbao,0,0,D,2.2,3.3,3.25,2.23,3.51,3.33,0.4545,0.303,0.3077,1.0653,2024/2025,4,2025,football-data.co.uk,2026-05-11 11:53:34.057291
34359738666,2025-04-07,Leganes,Osasuna,1,1,D,2.7,3.1,2.75,2.77,3.09,2.87,0.3704,0.3226,0.3636,1.0566,2024/2025,4,2025,football-data.co.uk,2026-05-11 11:53:34.057291
34359738667,2025-04-11,Valencia,Sevilla,1,0,H,2.3,3.1,3.4,2.37,3.2,3.41,0.4348,0.3226,0.2941,1.0515,2024/2025,4,2025,football-data.co.uk,2026-05-11 11:53:34.057291
34359738668,2025-04-12,Sociedad,Mallorca,0,2,A,1.75,3.4,5.5,1.75,3.45,5.69,0.5714,0.2941,0.1818,1.0474,2024/2025,4,2025,football-data.co.uk,2026-05-11 11:53:34.057291
34359738669,2025-04-12,Getafe,Las Palmas,1,3,A,1.75,3.3,5.5,1.79,3.51,5.18,0.5714,0.303,0.1818,1.0563,2024/2025,4,2025,football-data.co.uk,2026-05-11 11:53:34.057291
34359738670,2025-04-12,Celta,Espanol,0,2,A,1.62,3.7,6.0,1.64,3.88,5.89,0.6173,0.2703,0.1667,1.0542,2024/2025,4,2025,football-data.co.uk,2026-05-11 11:53:34.057291
34359738671,2025-04-12,Leganes,Barcelona,0,1,A,8.5,6.0,1.3,7.49,6.35,1.34,0.1176,0.1667,0.7692,1.0535,2024/2025,4,2025,football-data.co.uk,2026-05-11 11:53:34.057291
34359738672,2025-04-13,Osasuna,Girona,2,1,H,2.45,3.2,3.1,2.52,3.18,3.11,0.4082,0.3125,0.3226,1.0432,2024/2025,4,2025,football-data.co.uk,2026-05-11 11:53:34.057291
34359738673,2025-04-13,Alaves,Real Madrid,0,1,A,5.25,4.1,1.62,5.38,4.23,1.63,0.1905,0.2439,0.6173,1.0517,2024/2025,4,2025,football-data.co.uk,2026-05-11 11:53:34.057291
34359738674,2025-04-13,Betis,Villarreal,1,2,A,2.35,3.3,3.1,2.36,3.61,3.01,0.4255,0.303,0.3226,1.0511,2024/2025,4,2025,football-data.co.uk,2026-05-11 11:53:34.057291
34359738675,2025-04-13,Ath Bilbao,Vallecano,3,1,H,1.75,3.4,5.5,1.8,3.45,5.23,0.5714,0.2941,0.1818,1.0474,2024/2025,4,2025,football-data.co.uk,2026-05-11 11:53:34.057291
34359738676,2025-04-14,Ath Madrid,Valladolid,4,2,H,1.14,8.0,19.0,1.13,9.34,19.58,0.8772,0.125,0.0526,1.0548,2024/2025,4,2025,football-data.co.uk,2026-05-11 11:53:34.057291
34359738677,2025-04-18,Espanol,Getafe,1,0,H,2.88,2.63,3.0,2.88,2.75,3.11,0.3472,0.3802,0.3333,1.0608,2024/2025,4,2025,football-data.co.uk,2026-05-11 11:53:34.057291
34359738678,2025-04-19,Vallecano,Valencia,1,1,D,2.25,3.0,3.4,2.31,3.17,3.5,0.4444,0.3333,0.2941,1.0719,2024/2025,4,2025,football-data.co.uk,2026-05-11 11:53:34.057291
34359738679,2025-04-19,Barcelona,Celta,4,3,H,1.3,5.75,8.0,1.29,6.53,8.64,0.7692,0.1739,0.125,1.0681,2024/2025,4,2025,football-data.co.uk,2026-05-11 11:53:34.057291
34359738680,2025-04-19,Mallorca,Leganes,0,0,D,1.85,3.1,5.0,1.87,3.15,5.44,0.5405,0.3226,0.2,1.0631,2024/2025,4,2025,football-data.co.uk,2026-05-11 11:53:34.057291
34359738681,2025-04-19,Las Palmas,Ath Madrid,1,0,H,5.75,4.2,1.55,6.0,4.29,1.57,0.1739,0.2381,0.6452,1.0572,2024/2025,4,2025,football-data.co.uk,2026-05-11 11:53:34.057291
34359738682,2025-04-20,Valladolid,Osasuna,2,3,A,4.5,3.4,1.83,4.91,3.4,1.85,0.2222,0.2941,0.5464,1.0628,2024/2025,4,2025,football-data.co.uk,2026-05-11 11:53:34.057291
34359738683,2025-04-20,Villarreal,Sociedad,2,2,D,1.7,3.7,5.0,1.69,3.99,5.1,0.5882,0.2703,0.2,1.0585,2024/2025,4,2025,football-data.co.uk,2026-05-11 11:53:34.057291
34359738684,2025-04-20,Sevilla,Alaves,1,1,D,2.0,3.1,4.2,2.08,3.02,4.51,0.5,0.3226,0.2381,1.0607,2024/2025,4,2025,football-data.co.uk,2026-05-11 11:53:34.057291
34359738685,2025-04-20,Real Madrid,Ath Bilbao,1,0,H,1.65,3.9,5.25,1.68,3.98,5.32,0.6061,0.2564,0.1905,1.0529,2024/2025,4,2025,football-data.co.uk,2026-05-11 11:53:34.057291
34359738686,2025-04-21,Girona,Betis,1,3,A,2.88,3.3,2.45,2.84,3.55,2.51,0.3472,0.303,0.4082,1.0584,2024/2025,4,2025,football-data.co.uk,2026-05-11 11:53:34.057291
34359738687,2025-04-22,Valencia,Espanol,1,1,D,1.95,3.3,4.1,2.01,3.37,4.28,0.5128,0.303,0.2439,1.0598,2024/2025,4,2025,football-data.co.uk,2026-05-11 11:53:34.057291
34359738688,2025-04-22,Barcelona,Mallorca,1,0,H,1.2,7.0,13.0,1.23,6.79,12.62,0.8333,0.1429,0.0769,1.0531,2024/2025,4,2025,football-data.co.uk,2026-05-11 11:53:34.057291
34359738689,2025-04-23,Ath Bilbao,Las Palmas,1,0,H,1.36,5.25,7.0,1.37,5.07,9.0,0.7353,0.1905,0.1429,1.0686,2024/2025,4,2025,football-data.co.uk,2026-05-11 11:53:34.057291
34359738690,2025-04-23,Celta,Villarreal,3,0,H,2.5,3.4,2.8,2.57,3.41,2.86,0.4,0.2941,0.3571,1.0513,2024/2025,4,2025,football-data.co.uk,2026-05-11 11:53:34.057291
34359738691,2025-04-23,Alaves,Sociedad,1,0,H,2.35,3.0,3.4,2.41,3.13,3.34,0.4255,0.3333,0.2941,1.053,2024/2025,4,2025,football-data.co.uk,2026-05-11 11:53:34.057291
34359738692,2025-04-23,Getafe,Real Madrid,0,1,A,4.75,3.6,1.75,4.81,3.7,1.79,0.2105,0.2778,0.5714,1.0597,2024/2025,4,2025,football-data.co.uk,2026-05-11 11:53:34.057291
34359738693,2025-04-24,Leganes,Girona,1,1,D,2.75,3.1,2.75,2.84,3.09,2.8,0.3636,0.3226,0.3636,1.0499,2024/2025,4,2025,football-data.co.uk,2026-05-11 11:53:34.057291
34359738694,2025-04-24,Osasuna,Sevilla,1,0,H,2.5,3.0,3.2,2.5,3.03,3.3,0.4,0.3333,0.3125,1.0458,2024/2025,4,2025,football-data.co.uk,2026-05-11 11:53:34.057291
34359738695,2025-04-24,Ath Madrid,Vallecano,3,0,H,1.53,4.0,6.5,1.55,4.16,6.51,0.6536,0.25,0.1538,1.0574,2024/2025,4,2025,football-data.co.uk,2026-05-11 11:53:34.057291
34359738696,2025-04-24,Betis,Valladolid,5,1,H,1.2,7.0,13.0,1.2,7.3,15.02,0.8333,0.1429,0.0769,1.0531,2024/2025,4,2025,football-data.co.uk,2026-05-11 11:53:34.057291
34359738697,2025-04-27,Villarreal,Espanol,1,0,H,1.44,5.0,6.25,1.45,5.3,6.19,0.6944,0.2,0.16,1.0544,2024/2025,4,2025,football-data.co.uk,2026-05-11 11:53:34.057291
34359738698,2025-05-02,Vallecano,Getafe,1,0,H,2.38,3.0,3.4,2.45,3.03,3.45,0.4202,0.3333,0.2941,1.0476,2024/2025,5,2025,football-data.co.uk,2026-05-11 11:53:34.057291
34359738699,2025-05-03,Alaves,Ath Madrid,0,0,D,3.7,3.1,2.15,3.92,3.16,2.16,0.2703,0.3226,0.4651,1.058,2024/2025,5,2025,football-data.co.uk,2026-05-11 11:53:34.057291
34359738700,2025-05-03,Villarreal,Osasuna,4,2,H,1.53,4.2,6.0,1.56,4.52,5.74,0.6536,0.2381,0.1667,1.0584,2024/2025,5,2025,football-data.co.uk,2026-05-11 11:53:34.057291
34359738701,2025-05-03,Las Palmas,Valencia,2,3,A,2.63,3.3,2.7,2.65,3.42,2.76,0.3802,0.303,0.3704,1.0536,2024/2025,5,2025,football-data.co.uk,2026-05-11 11:53:34.057291
34359738702,2025-05-03,Valladolid,Barcelona,1,2,A,15.0,8.0,1.14,13.19,8.75,1.17,0.0667,0.125,0.8772,1.0689,2024/2025,5,2025,football-data.co.uk,2026-05-11 11:53:34.057291
34359738703,2025-05-04,Real Madrid,Celta,3,2,H,1.33,5.75,7.0,1.37,5.85,7.34,0.7519,0.1739,0.1429,1.0686,2024/2025,5,2025,football-data.co.uk,2026-05-11 11:53:34.057291
34359738704,2025-05-04,Sevilla,Leganes,2,2,D,1.77,3.5,4.75,1.81,3.51,5.05,0.565,0.2857,0.2105,1.0612,2024/2025,5,2025,football-data.co.uk,2026-05-11 11:53:34.057291
34359738705,2025-05-04,Espanol,Betis,1,2,A,3.3,3.0,2.38,3.53,2.96,2.42,0.303,0.3333,0.4202,1.0565,2024/2025,5,2025,football-data.co.uk,2026-05-11 11:53:34.057291
34359738706,2025-05-04,Sociedad,Ath Bilbao,0,0,D,2.55,3.0,3.0,2.51,3.27,3.04,0.3922,0.3333,0.3333,1.0588,2024/2025,5,2025,football-data.co.uk,2026-05-11 11:53:34.057291
34359738707,2025-05-05,Girona,Mallorca,1,0,H,2.0,3.1,4.2,2.04,3.19,4.31,0.5,0.3226,0.2381,1.0607,2024/2025,5,2025,football-data.co.uk,2026-05-11 11:53:34.057291
34359738708,2025-05-09,Las Palmas,Vallecano,0,1,A,2.45,3.25,3.0,2.49,3.34,3.07,0.4082,0.3077,0.3333,1.0492,2024/2025,5,2025,football-data.co.uk,2026-05-11 11:53:34.057291
34359738709,2025-05-10,Valencia,Getafe,3,0,H,2.0,3.0,4.33,2.08,3.13,4.28,0.5,0.3333,0.2309,1.0643,2024/2025,5,2025,football-data.co.uk,2026-05-11 11:53:34.057291
34359738710,2025-05-10,Celta,Sevilla,3,2,H,1.8,3.6,4.5,1.85,3.73,4.4,0.5556,0.2778,0.2222,1.0556,2024/2025,5,2025,football-data.co.uk,2026-05-11 11:53:34.057291
34359738711,2025-05-10,Girona,Villarreal,0,1,A,3.1,3.8,2.1,3.19,3.77,2.2,0.3226,0.2632,0.4762,1.0619,2024/2025,5,2025,football-data.co.uk,2026-05-11 11:53:34.057291
34359738712,2025-05-10,Mallorca,Valladolid,2,1,H,1.33,5.25,9.0,1.35,5.21,9.62,0.7519,0.1905,0.1111,1.0535,2024/2025,5,2025,football-data.co.uk,2026-05-11 11:53:34.057291
34359738713,2025-05-10,Ath Madrid,Sociedad,4,0,H,1.67,3.7,5.0,1.69,3.85,5.35,0.5988,0.2703,0.2,1.0691,2024/2025,5,2025,football-data.co.uk,2026-05-11 11:53:34.057291
34359738714,2025-05-11,Leganes,Espanol,3,2,H,2.4,3.0,3.2,2.45,3.13,3.28,0.4167,0.3333,0.3125,1.0625,2024/2025,5,2025,football-data.co.uk,2026-05-11 11:53:34.057291
34359738715,2025-05-11,Barcelona,Real Madrid,4,3,H,1.9,3.7,3.2,1.96,4.19,3.5,0.5263,0.2703,0.3125,1.1091,2024/2025,5,2025,football-data.co.uk,2026-05-11 11:53:34.057291
34359738716,2025-05-11,Ath Bilbao,Alaves,1,0,H,1.8,2.9,4.5,1.89,3.29,4.9,0.5556,0.3448,0.2222,1.1226,2024/2025,5,2025,football-data.co.uk,2026-05-11 11:53:34.057291
34359738717,2025-05-11,Betis,Osasuna,1,1,D,1.62,3.75,5.75,1.66,4.01,5.44,0.6173,0.2667,0.1739,1.0579,2024/2025,5,2025,football-data.co.uk,2026-05-11 11:53:34.057291
34359738718,2025-05-13,Valladolid,Girona,0,1,A,4.75,3.9,1.73,4.7,3.94,1.76,0.2105,0.2564,0.578,1.045,2024/2025,5,2025,football-data.co.uk,2026-05-11 11:53:34.057291
34359738719,2025-05-13,Sociedad,Celta,0,1,A,2.3,3.3,3.1,2.39,3.36,3.16,0.4348,0.303,0.3226,1.0604,2024/2025,5,2025,football-data.co.uk,2026-05-11 11:53:34.057291
34359738720,2025-05-13,Sevilla,Las Palmas,1,0,H,1.67,3.7,5.25,1.68,3.8,5.55,0.5988,0.2703,0.1905,1.0595,2024/2025,5,2025,football-data.co.uk,2026-05-11 11:53:34.057291
34359738721,2025-05-14,Alaves,Valencia,1,0,H,2.1,3.1,3.7,2.2,3.22,3.73,0.4762,0.3226,0.2703,1.069,2024/2025,5,2025,football-data.co.uk,2026-05-11 11:53:34.057291
34359738722,2025-05-14,Villarreal,Leganes,3,0,H,1.33,5.75,8.0,1.36,5.38,8.33,0.7519,0.1739,0.125,1.0508,2024/2025,5,2025,football-data.co.uk,2026-05-11 11:53:34.057291
34359738723,2025-05-14,Real Madrid,Mallorca,2,1,H,1.38,5.25,7.0,1.38,5.19,8.13,0.7246,0.1905,0.1429,1.058,2024/2025,5,2025,football-data.co.uk,2026-05-11 11:53:34.057291
34359738724,2025-05-15,Vallecano,Betis,2,2,D,3.0,3.2,2.4,3.14,3.07,2.57,0.3333,0.3125,0.4167,1.0625,2024/2025,5,2025,football-data.co.uk,2026-05-11 11:53:34.057291
34359738725,2025-05-15,Osasuna,Ath Madrid,2,0,H,3.6,3.3,2.1,3.88,3.34,2.09,0.2778,0.303,0.4762,1.057,2024/2025,5,2025,football-data.co.uk,2026-05-11 11:53:34.057291
34359738726,2025-05-15,Espanol,Barcelona,0,2,A,9.0,5.75,1.3,9.05,5.81,1.31,0.1111,0.1739,0.7692,1.0543,2024/2025,5,2025,football-data.co.uk,2026-05-11 11:53:34.057291
34359738727,2025-05-15,Getafe,Ath Bilbao,0,2,A,3.2,2.75,2.63,3.65,2.58,2.69,0.3125,0.3636,0.3802,1.0564,2024/2025,5,2025,football-data.co.uk,2026-05-11 11:53:34.057291
34359738728,2025-05-18,Ath Madrid,Betis,4,1,H,1.91,3.6,3.8,1.94,3.93,3.78,0.5236,0.2778,0.2632,1.0645,2024/2025,5,2025,football-data.co.uk,2026-05-11 11:53:34.057291
34359738729,2025-05-18,Barcelona,Villarreal,2,3,A,1.83,4.1,3.75,1.87,4.25,3.77,0.5464,0.2439,0.2667,1.057,2024/2025,5,2025,football-data.co.uk,2026-05-11 11:53:34.057291
34359738730,2025-05-18,Celta,Vallecano,1,2,A,1.75,3.9,4.33,1.8,4.02,4.31,0.5714,0.2564,0.2309,1.0588,2024/2025,5,2025,football-data.co.uk,2026-05-11 11:53:34.057291
34359738731,2025-05-18,Las Palmas,Leganes,0,1,A,2.9,3.5,2.35,2.92,3.49,2.38,0.3448,0.2857,0.4255,1.0561,2024/2025,5,2025,football-data.co.uk,2026-05-11 11:53:34.057291
34359738732,2025-05-18,Mallorca,Getafe,1,2,A,2.0,3.2,4.2,2.01,3.31,4.26,0.5,0.3125,0.2381,1.0506,2024/2025,5,2025,football-data.co.uk,2026-05-11 11:53:34.057291
34359738733,2025-05-18,Osasuna,Espanol,2,0,H,1.8,3.3,4.75,1.83,3.6,4.68,0.5556,0.303,0.2105,1.0691,2024/2025,5,2025,football-data.co.uk,2026-05-11 11:53:34.057291
34359738734,2025-05-18,Sevilla,Real Madrid,0,2,A,4.2,4.0,1.75,4.25,4.07,1.8,0.2381,0.25,0.5714,1.0595,2024/2025,5,2025,football-data.co.uk,2026-05-11 11:53:34.057291
34359738735,2025-05-18,Sociedad,Girona,3,2,H,2.05,3.1,4.1,2.13,3.06,4.2,0.4878,0.3226,0.2439,1.0543,2024/2025,5,2025,football-data.co.uk,2026-05-11 11:53:34.057291
34359738736,2025-05-18,Valencia,Ath Bilbao,0,1,A,2.2,3.0,3.8,2.29,2.91,3.94,0.4545,0.3333,0.2632,1.051,2024/2025,5,2025,football-data.co.uk,2026-05-11 11:53:34.057291
34359738737,2025-05-18,Valladolid,Alaves,0,1,A,6.0,3.75,1.6,6.01,3.82,1.6,0.1667,0.2667,0.625,1.0583,2024/2025,5,2025,football-data.co.uk,2026-05-11 11:53:34.057291
34359738738,2025-05-23,Betis,Valencia,1,1,D,1.91,3.75,3.75,1.98,3.92,3.72,0.5236,0.2667,0.2667,1.0569,2024/2025,5,2025,football-data.co.uk,2026-05-11 11:53:34.057291
34359738739,2025-05-24,Real Madrid,Sociedad,2,0,H,1.42,5.0,6.5,1.44,5.12,6.73,0.7042,0.2,0.1538,1.0581,2024/2025,5,2025,football-data.co.uk,2026-05-11 11:53:34.057291
34359738740,2025-05-24,Espanol,Las Palmas,2,0,H,1.38,4.75,8.0,1.4,4.9,8.36,0.7246,0.2105,0.125,1.0602,2024/2025,5,2025,football-data.co.uk,2026-05-11 11:53:34.057291
34359738741,2025-05-24,Leganes,Valladolid,3,0,H,1.3,5.5,9.5,1.33,5.52,9.62,0.7692,0.1818,0.1053,1.0563,2024/2025,5,2025,football-data.co.uk,2026-05-11 11:53:34.057291
34359738742,2025-05-24,Alaves,Osasuna,1,1,D,3.2,3.2,2.35,3.24,3.3,2.38,0.3125,0.3125,0.4255,1.0505,2024/2025,5,2025,football-data.co.uk,2026-05-11 11:53:34.057291
34359738743,2025-05-24,Getafe,Celta,1,2,A,4.1,3.75,1.85,4.32,3.76,1.85,0.2439,0.2667,0.5405,1.0511,2024/2025,5,2025,football-data.co.uk,2026-05-11 11:53:34.057291
34359738744,2025-05-24,Vallecano,Mallorca,0,0,D,1.53,4.2,6.25,1.56,4.19,6.3,0.6536,0.2381,0.16,1.0517,2024/2025,5,2025,football-data.co.uk,2026-05-11 11:53:34.057291
34359738745,2025-05-25,Girona,Ath Madrid,0,4,A,3.8,3.75,1.91,3.85,3.8,1.95,0.2632,0.2667,0.5236,1.0534,2024/2025,5,2025,football-data.co.uk,2026-05-11 11:53:34.057291
34359738746,2025-05-25,Villarreal,Sevilla,4,2,H,1.48,5.0,6.0,1.47,5.01,6.37,0.6757,0.2,0.1667,1.0423,2024/2025,5,2025,football-data.co.uk,2026-05-11 11:53:34.057291
34359738747,2025-05-25,Ath Bilbao,Barcelona,0,3,A,3.2,3.75,2.1,3.32,3.75,2.15,0.3125,0.2667,0.4762,1.0554,2024/2025,5,2025,football-data.co.uk,2026-05-11 11:53:34.057291
